id,name,tier,slot,gridW,gridH,aspect,resolution,prompt,negative
heavy_leather_cap,Тяж. Кожаная шапка,1,head,2,2,1:1,1024x1024,"Concept art for ""Тяж. Кожаная шапка"", a single fantasy helmet / head armor piece (front-three-quarter view), clear silhouette, heavy armor profile, dense protective plates, high durability, imposing mass, slower silhouette, crafted from rough leather, crude brass rivets, bone toggles, untreated hide, stitched patches, scratches, frontier militia gear, balanced composition, helmet-centered, isolated single object, transparent or plain dark background, centered, full item visible, armor catalog orthographic clarity, no human, no hands wearing it, sharp focus, high detail, painterly fantasy icon, soft rim light, 1024x1024, dim warm campfire light --ar 1:1","text, watermark, logo, signature, blurry, low quality, multiple separate armor sets, full suit spread out, human body, character wearing armor, cluttered background, nsfw"
leather_cap,Кожаная шапка,1,head,2,2,1:1,1024x1024,"Concept art for ""Кожаная шапка"", a single fantasy helmet / head armor piece (front-three-quarter view), clear silhouette, light armor profile, flexible, low bulk, travel-ready, no movement restriction feel, crafted from rough leather, crude brass rivets, bone toggles, untreated hide, stitched patches, scratches, frontier militia gear, balanced composition, helmet-centered, isolated single object, transparent or plain dark background, centered, full item visible, armor catalog orthographic clarity, no human, no hands wearing it, sharp focus, high detail, painterly fantasy icon, soft rim light, 1024x1024, dim warm campfire light --ar 1:1","text, watermark, logo, signature, blurry, low quality, multiple separate armor sets, full suit spread out, human body, character wearing armor, cluttered background, nsfw"
medium_leather_cap,Средн. Кожаная шапка,1,head,2,2,1:1,1024x1024,"Concept art for ""Средн. Кожаная шапка"", a single fantasy helmet / head armor piece (front-three-quarter view), clear silhouette, medium armor profile, balanced protection and mobility, layered plates over padding, crafted from rough leather, crude brass rivets, bone toggles, untreated hide, stitched patches, scratches, frontier militia gear, balanced composition, helmet-centered, isolated single object, transparent or plain dark background, centered, full item visible, armor catalog orthographic clarity, no human, no hands wearing it, sharp focus, high detail, painterly fantasy icon, soft rim light, 1024x1024, dim warm campfire light --ar 1:1","text, watermark, logo, signature, blurry, low quality, multiple separate armor sets, full suit spread out, human body, character wearing armor, cluttered background, nsfw"
heavy_leather_bracer_left,Тяж. Кожаный наруч (л),1,leftArm,1,2,1:2,768x1536,"Concept art for ""Тяж. Кожаный наруч (л)"", a single fantasy arm armor piece for left arm (vambrace / bracer / pauldron cuff), heavy armor profile, dense protective plates, high durability, imposing mass, slower silhouette, crafted from rough leather, crude brass rivets, bone toggles, untreated hide, stitched patches, scratches, frontier militia gear, vertical orientation, armor piece upright, isolated single object, transparent or plain dark background, centered, full item visible, armor catalog orthographic clarity, no human, no hands wearing it, sharp focus, high detail, painterly fantasy icon, soft rim light, 768x1536, dim warm campfire light --ar 1:2","text, watermark, logo, signature, blurry, low quality, multiple separate armor sets, full suit spread out, human body, character wearing armor, cluttered background, nsfw"
leather_bracer_left,Кожаный наруч (л),1,leftArm,1,2,1:2,768x1536,"Concept art for ""Кожаный наруч (л)"", a single fantasy arm armor piece for left arm (vambrace / bracer / pauldron cuff), light armor profile, flexible, low bulk, travel-ready, no movement restriction feel, crafted from rough leather, crude brass rivets, bone toggles, untreated hide, stitched patches, scratches, frontier militia gear, vertical orientation, armor piece upright, isolated single object, transparent or plain dark background, centered, full item visible, armor catalog orthographic clarity, no human, no hands wearing it, sharp focus, high detail, painterly fantasy icon, soft rim light, 768x1536, dim warm campfire light --ar 1:2","text, watermark, logo, signature, blurry, low quality, multiple separate armor sets, full suit spread out, human body, character wearing armor, cluttered background, nsfw"
medium_leather_bracer_left,Средн. Кожаный наруч (л),1,leftArm,1,2,1:2,768x1536,"Concept art for ""Средн. Кожаный наруч (л)"", a single fantasy arm armor piece for left arm (vambrace / bracer / pauldron cuff), medium armor profile, balanced protection and mobility, layered plates over padding, crafted from rough leather, crude brass rivets, bone toggles, untreated hide, stitched patches, scratches, frontier militia gear, vertical orientation, armor piece upright, isolated single object, transparent or plain dark background, centered, full item visible, armor catalog orthographic clarity, no human, no hands wearing it, sharp focus, high detail, painterly fantasy icon, soft rim light, 768x1536, dim warm campfire light --ar 1:2","text, watermark, logo, signature, blurry, low quality, multiple separate armor sets, full suit spread out, human body, character wearing armor, cluttered background, nsfw"
heavy_wooden_shield,Тяж. Деревянный щит,1,leftHand,2,2,1:1,1024x1024,"Concept art for ""Тяж. Деревянный щит"", a single fantasy shield (held vertically), kite/heater/tower silhouette, straps visible on back face, heavy shield profile, broad tower or war shield, thick solid face, high durability, imposing mass, crafted from rough leather, crude brass rivets, bone toggles, untreated hide, stitched patches, scratches, frontier militia gear, balanced composition, helmet-centered, isolated single object, transparent or plain dark background, centered, full item visible, armor catalog orthographic clarity, no human, no hands wearing it, sharp focus, high detail, painterly fantasy icon, soft rim light, 1024x1024, dim warm campfire light --ar 1:1","text, watermark, logo, signature, blurry, low quality, multiple separate armor sets, full suit spread out, human body, character wearing armor, cluttered background, nsfw, hole in center, cutout center, ring shield, donut shape, empty middle, broken missing center, transparent hole through shield"
medium_wooden_shield,Средн. Деревянный щит,1,leftHand,2,2,1:1,1024x1024,"Concept art for ""Средн. Деревянный щит"", a single fantasy shield (held vertically), kite/heater/tower silhouette, straps visible on back face, medium shield profile, sturdy heater or kite shield, reinforced solid face, balanced weight, crafted from rough leather, crude brass rivets, bone toggles, untreated hide, stitched patches, scratches, frontier militia gear, balanced composition, helmet-centered, isolated single object, transparent or plain dark background, centered, full item visible, armor catalog orthographic clarity, no human, no hands wearing it, sharp focus, high detail, painterly fantasy icon, soft rim light, 1024x1024, dim warm campfire light --ar 1:1","text, watermark, logo, signature, blurry, low quality, multiple separate armor sets, full suit spread out, human body, character wearing armor, cluttered background, nsfw, hole in center, cutout center, ring shield, donut shape, empty middle, broken missing center, transparent hole through shield"
wooden_shield,Деревянный щит,1,leftHand,2,2,1:1,1024x1024,"Concept art for ""Деревянный щит"", a single fantasy shield (held vertically), kite/heater/tower silhouette, straps visible on back face, light shield profile, small agile buckler or heater shield, slim solid face, quick straps, crafted from rough leather, crude brass rivets, bone toggles, untreated hide, stitched patches, scratches, frontier militia gear, balanced composition, helmet-centered, isolated single object, transparent or plain dark background, centered, full item visible, armor catalog orthographic clarity, no human, no hands wearing it, sharp focus, high detail, painterly fantasy icon, soft rim light, 1024x1024, dim warm campfire light --ar 1:1","text, watermark, logo, signature, blurry, low quality, multiple separate armor sets, full suit spread out, human body, character wearing armor, cluttered background, nsfw, hole in center, cutout center, ring shield, donut shape, empty middle, broken missing center, transparent hole through shield"
heavy_leather_boots,Тяж. Кожаные сапоги,1,legs,2,3,1:1,1024x1024,"Concept art for ""Тяж. Кожаные сапоги"", a single pair of fantasy leg armor (greaves / sabatons combined piece), symmetrical pair read as one item, heavy armor profile, dense protective plates, high durability, imposing mass, slower silhouette, crafted from rough leather, crude brass rivets, bone toggles, untreated hide, stitched patches, scratches, frontier militia gear, balanced composition, isolated single object, transparent or plain dark background, centered, full item visible, armor catalog orthographic clarity, no human, no hands wearing it, sharp focus, high detail, painterly fantasy icon, soft rim light, 1024x1024, dim warm campfire light --ar 1:1","text, watermark, logo, signature, blurry, low quality, multiple separate armor sets, full suit spread out, human body, character wearing armor, cluttered background, nsfw"
leather_boots,Кожаные сапоги,1,legs,2,3,1:1,1024x1024,"Concept art for ""Кожаные сапоги"", a single pair of fantasy leg armor (greaves / sabatons combined piece), symmetrical pair read as one item, light armor profile, flexible, low bulk, travel-ready, no movement restriction feel, crafted from rough leather, crude brass rivets, bone toggles, untreated hide, stitched patches, scratches, frontier militia gear, balanced composition, isolated single object, transparent or plain dark background, centered, full item visible, armor catalog orthographic clarity, no human, no hands wearing it, sharp focus, high detail, painterly fantasy icon, soft rim light, 1024x1024, dim warm campfire light --ar 1:1","text, watermark, logo, signature, blurry, low quality, multiple separate armor sets, full suit spread out, human body, character wearing armor, cluttered background, nsfw"
medium_leather_boots,Средн. Кожаные сапоги,1,legs,2,3,1:1,1024x1024,"Concept art for ""Средн. Кожаные сапоги"", a single pair of fantasy leg armor (greaves / sabatons combined piece), symmetrical pair read as one item, medium armor profile, balanced protection and mobility, layered plates over padding, crafted from rough leather, crude brass rivets, bone toggles, untreated hide, stitched patches, scratches, frontier militia gear, balanced composition, isolated single object, transparent or plain dark background, centered, full item visible, armor catalog orthographic clarity, no human, no hands wearing it, sharp focus, high detail, painterly fantasy icon, soft rim light, 1024x1024, dim warm campfire light --ar 1:1","text, watermark, logo, signature, blurry, low quality, multiple separate armor sets, full suit spread out, human body, character wearing armor, cluttered background, nsfw"
heavy_leather_gorget,Тяж. Кожаный горжет,1,neck,1,1,1:1,1024x1024,"Concept art for ""Тяж. Кожаный горжет"", a single fantasy gorget / neck guard collar armor piece, heavy armor profile, dense protective plates, high durability, imposing mass, slower silhouette, crafted from rough leather, crude brass rivets, bone toggles, untreated hide, stitched patches, scratches, frontier militia gear, balanced composition, helmet-centered, isolated single object, transparent or plain dark background, centered, full item visible, armor catalog orthographic clarity, no human, no hands wearing it, sharp focus, high detail, painterly fantasy icon, soft rim light, 1024x1024, dim warm campfire light --ar 1:1","text, watermark, logo, signature, blurry, low quality, multiple separate armor sets, full suit spread out, human body, character wearing armor, cluttered background, nsfw"
leather_gorget,Кожаный горжет,1,neck,1,1,1:1,1024x1024,"Concept art for ""Кожаный горжет"", a single fantasy gorget / neck guard collar armor piece, light armor profile, flexible, low bulk, travel-ready, no movement restriction feel, crafted from rough leather, crude brass rivets, bone toggles, untreated hide, stitched patches, scratches, frontier militia gear, balanced composition, helmet-centered, isolated single object, transparent or plain dark background, centered, full item visible, armor catalog orthographic clarity, no human, no hands wearing it, sharp focus, high detail, painterly fantasy icon, soft rim light, 1024x1024, dim warm campfire light --ar 1:1","text, watermark, logo, signature, blurry, low quality, multiple separate armor sets, full suit spread out, human body, character wearing armor, cluttered background, nsfw"
medium_leather_gorget,Средн. Кожаный горжет,1,neck,1,1,1:1,1024x1024,"Concept art for ""Средн. Кожаный горжет"", a single fantasy gorget / neck guard collar armor piece, medium armor profile, balanced protection and mobility, layered plates over padding, crafted from rough leather, crude brass rivets, bone toggles, untreated hide, stitched patches, scratches, frontier militia gear, balanced composition, helmet-centered, isolated single object, transparent or plain dark background, centered, full item visible, armor catalog orthographic clarity, no human, no hands wearing it, sharp focus, high detail, painterly fantasy icon, soft rim light, 1024x1024, dim warm campfire light --ar 1:1","text, watermark, logo, signature, blurry, low quality, multiple separate armor sets, full suit spread out, human body, character wearing armor, cluttered background, nsfw"
heavy_leather_bracer_right,Тяж. Кожаный наруч (п),1,rightArm,1,2,1:2,768x1536,"Concept art for ""Тяж. Кожаный наруч (п)"", a single fantasy arm armor piece for right arm (vambrace / bracer / pauldron cuff), heavy armor profile, dense protective plates, high durability, imposing mass, slower silhouette, crafted from rough leather, crude brass rivets, bone toggles, untreated hide, stitched patches, scratches, frontier militia gear, vertical orientation, armor piece upright, isolated single object, transparent or plain dark background, centered, full item visible, armor catalog orthographic clarity, no human, no hands wearing it, sharp focus, high detail, painterly fantasy icon, soft rim light, 768x1536, dim warm campfire light --ar 1:2","text, watermark, logo, signature, blurry, low quality, multiple separate armor sets, full suit spread out, human body, character wearing armor, cluttered background, nsfw"
leather_bracer_right,Кожаный наруч (п),1,rightArm,1,2,1:2,768x1536,"Concept art for ""Кожаный наруч (п)"", a single fantasy arm armor piece for right arm (vambrace / bracer / pauldron cuff), light armor profile, flexible, low bulk, travel-ready, no movement restriction feel, crafted from rough leather, crude brass rivets, bone toggles, untreated hide, stitched patches, scratches, frontier militia gear, vertical orientation, armor piece upright, isolated single object, transparent or plain dark background, centered, full item visible, armor catalog orthographic clarity, no human, no hands wearing it, sharp focus, high detail, painterly fantasy icon, soft rim light, 768x1536, dim warm campfire light --ar 1:2","text, watermark, logo, signature, blurry, low quality, multiple separate armor sets, full suit spread out, human body, character wearing armor, cluttered background, nsfw"
leather_gloves,Кожаные перчатки,1,rightArm,1,2,1:2,768x1536,"Concept art for ""Кожаные перчатки"", a single fantasy arm armor piece for right arm (vambrace / bracer / pauldron cuff), light armor profile, flexible, low bulk, travel-ready, no movement restriction feel, crafted from rough leather, crude brass rivets, bone toggles, untreated hide, stitched patches, scratches, frontier militia gear, vertical orientation, armor piece upright, isolated single object, transparent or plain dark background, centered, full item visible, armor catalog orthographic clarity, no human, no hands wearing it, sharp focus, high detail, painterly fantasy icon, soft rim light, 768x1536, dim warm campfire light --ar 1:2","text, watermark, logo, signature, blurry, low quality, multiple separate armor sets, full suit spread out, human body, character wearing armor, cluttered background, nsfw"
medium_leather_bracer_right,Средн. Кожаный наруч (п),1,rightArm,1,2,1:2,768x1536,"Concept art for ""Средн. Кожаный наруч (п)"", a single fantasy arm armor piece for right arm (vambrace / bracer / pauldron cuff), medium armor profile, balanced protection and mobility, layered plates over padding, crafted from rough leather, crude brass rivets, bone toggles, untreated hide, stitched patches, scratches, frontier militia gear, vertical orientation, armor piece upright, isolated single object, transparent or plain dark background, centered, full item visible, armor catalog orthographic clarity, no human, no hands wearing it, sharp focus, high detail, painterly fantasy icon, soft rim light, 768x1536, dim warm campfire light --ar 1:2","text, watermark, logo, signature, blurry, low quality, multiple separate armor sets, full suit spread out, human body, character wearing armor, cluttered background, nsfw"
heavy_leather_jacket,Тяж. Кожаная куртка,1,torso,2,3,1:1,1024x1024,"Concept art for ""Тяж. Кожаная куртка"", a single fantasy torso armor piece (cuirass / breastplate / jack-of-plates), no limbs attached, heavy armor profile, dense protective plates, high durability, imposing mass, slower silhouette, crafted from rough leather, crude brass rivets, bone toggles, untreated hide, stitched patches, scratches, frontier militia gear, balanced composition, isolated single object, transparent or plain dark background, centered, full item visible, armor catalog orthographic clarity, no human, no hands wearing it, sharp focus, high detail, painterly fantasy icon, soft rim light, 1024x1024, dim warm campfire light --ar 1:1","text, watermark, logo, signature, blurry, low quality, multiple separate armor sets, full suit spread out, human body, character wearing armor, cluttered background, nsfw"
leather_jacket,Кожаная куртка,1,torso,2,3,1:1,1024x1024,"Concept art for ""Кожаная куртка"", a single fantasy torso armor piece (cuirass / breastplate / jack-of-plates), no limbs attached, light armor profile, flexible, low bulk, travel-ready, no movement restriction feel, crafted from rough leather, crude brass rivets, bone toggles, untreated hide, stitched patches, scratches, frontier militia gear, balanced composition, isolated single object, transparent or plain dark background, centered, full item visible, armor catalog orthographic clarity, no human, no hands wearing it, sharp focus, high detail, painterly fantasy icon, soft rim light, 1024x1024, dim warm campfire light --ar 1:1","text, watermark, logo, signature, blurry, low quality, multiple separate armor sets, full suit spread out, human body, character wearing armor, cluttered background, nsfw"
medium_leather_jacket,Средн. Кожаная куртка,1,torso,2,3,1:1,1024x1024,"Concept art for ""Средн. Кожаная куртка"", a single fantasy torso armor piece (cuirass / breastplate / jack-of-plates), no limbs attached, medium armor profile, balanced protection and mobility, layered plates over padding, crafted from rough leather, crude brass rivets, bone toggles, untreated hide, stitched patches, scratches, frontier militia gear, balanced composition, isolated single object, transparent or plain dark background, centered, full item visible, armor catalog orthographic clarity, no human, no hands wearing it, sharp focus, high detail, painterly fantasy icon, soft rim light, 1024x1024, dim warm campfire light --ar 1:1","text, watermark, logo, signature, blurry, low quality, multiple separate armor sets, full suit spread out, human body, character wearing armor, cluttered background, nsfw"
chainmail_coif,Кольчужный капюшон,2,head,2,2,1:1,1024x1024,"Concept art for ""Кольчужный капюшон"", a single fantasy helmet / head armor piece (front-three-quarter view), clear silhouette, medium armor profile, balanced protection and mobility, layered plates over padding, crafted from interlocking mail rings, mild steel, padded arming cap layer, waxed leather edging, battle-worn ring mail, functional, no flourish, balanced composition, helmet-centered, isolated single object, transparent or plain dark background, centered, full item visible, armor catalog orthographic clarity, no human, no hands wearing it, sharp focus, high detail, painterly fantasy icon, soft rim light, 1024x1024, neutral daylight --ar 1:1","text, watermark, logo, signature, blurry, low quality, multiple separate armor sets, full suit spread out, human body, character wearing armor, cluttered background, nsfw"
heavy_chainmail_coif,Тяж. Кольчужный капюшон,2,head,2,2,1:1,1024x1024,"Concept art for ""Тяж. Кольчужный капюшон"", a single fantasy helmet / head armor piece (front-three-quarter view), clear silhouette, heavy armor profile, dense protective plates, high durability, imposing mass, slower silhouette, crafted from interlocking mail rings, mild steel, padded arming cap layer, waxed leather edging, battle-worn ring mail, functional, no flourish, balanced composition, helmet-centered, isolated single object, transparent or plain dark background, centered, full item visible, armor catalog orthographic clarity, no human, no hands wearing it, sharp focus, high detail, painterly fantasy icon, soft rim light, 1024x1024, neutral daylight --ar 1:1","text, watermark, logo, signature, blurry, low quality, multiple separate armor sets, full suit spread out, human body, character wearing armor, cluttered background, nsfw"
light_chainmail_coif,Лёгк. Кольчужный капюшон,2,head,2,2,1:1,1024x1024,"Concept art for ""Лёгк. Кольчужный капюшон"", a single fantasy helmet / head armor piece (front-three-quarter view), clear silhouette, light armor profile, flexible, low bulk, travel-ready, no movement restriction feel, crafted from interlocking mail rings, mild steel, padded arming cap layer, waxed leather edging, battle-worn ring mail, functional, no flourish, balanced composition, helmet-centered, isolated single object, transparent or plain dark background, centered, full item visible, armor catalog orthographic clarity, no human, no hands wearing it, sharp focus, high detail, painterly fantasy icon, soft rim light, 1024x1024, neutral daylight --ar 1:1","text, watermark, logo, signature, blurry, low quality, multiple separate armor sets, full suit spread out, human body, character wearing armor, cluttered background, nsfw"
chain_sleeves_left,Кольчужный рукав (л),2,leftArm,1,2,1:2,768x1536,"Concept art for ""Кольчужный рукав (л)"", a single fantasy arm armor piece for left arm (vambrace / bracer / pauldron cuff), medium armor profile, balanced protection and mobility, layered plates over padding, crafted from interlocking mail rings, mild steel, padded arming cap layer, waxed leather edging, battle-worn ring mail, functional, no flourish, vertical orientation, armor piece upright, isolated single object, transparent or plain dark background, centered, full item visible, armor catalog orthographic clarity, no human, no hands wearing it, sharp focus, high detail, painterly fantasy icon, soft rim light, 768x1536, neutral daylight --ar 1:2","text, watermark, logo, signature, blurry, low quality, multiple separate armor sets, full suit spread out, human body, character wearing armor, cluttered background, nsfw"
heavy_chain_sleeves_left,Тяж. Кольчужный рукав (л),2,leftArm,1,2,1:2,768x1536,"Concept art for ""Тяж. Кольчужный рукав (л)"", a single fantasy arm armor piece for left arm (vambrace / bracer / pauldron cuff), heavy armor profile, dense protective plates, high durability, imposing mass, slower silhouette, crafted from interlocking mail rings, mild steel, padded arming cap layer, waxed leather edging, battle-worn ring mail, functional, no flourish, vertical orientation, armor piece upright, isolated single object, transparent or plain dark background, centered, full item visible, armor catalog orthographic clarity, no human, no hands wearing it, sharp focus, high detail, painterly fantasy icon, soft rim light, 768x1536, neutral daylight --ar 1:2","text, watermark, logo, signature, blurry, low quality, multiple separate armor sets, full suit spread out, human body, character wearing armor, cluttered background, nsfw"
light_chain_sleeves_left,Лёгк. Кольчужный рукав (л),2,leftArm,1,2,1:2,768x1536,"Concept art for ""Лёгк. Кольчужный рукав (л)"", a single fantasy arm armor piece for left arm (vambrace / bracer / pauldron cuff), light armor profile, flexible, low bulk, travel-ready, no movement restriction feel, crafted from interlocking mail rings, mild steel, padded arming cap layer, waxed leather edging, battle-worn ring mail, functional, no flourish, vertical orientation, armor piece upright, isolated single object, transparent or plain dark background, centered, full item visible, armor catalog orthographic clarity, no human, no hands wearing it, sharp focus, high detail, painterly fantasy icon, soft rim light, 768x1536, neutral daylight --ar 1:2","text, watermark, logo, signature, blurry, low quality, multiple separate armor sets, full suit spread out, human body, character wearing armor, cluttered background, nsfw"
heavy_iron_shield,Тяж. Железный щит,2,leftHand,2,2,1:1,1024x1024,"Concept art for ""Тяж. Железный щит"", a single fantasy shield (held vertically), kite/heater/tower silhouette, straps visible on back face, heavy shield profile, broad tower or war shield, thick solid face, high durability, imposing mass, crafted from interlocking mail rings, mild steel, padded arming cap layer, waxed leather edging, battle-worn ring mail, functional, no flourish, balanced composition, helmet-centered, isolated single object, transparent or plain dark background, centered, full item visible, armor catalog orthographic clarity, no human, no hands wearing it, sharp focus, high detail, painterly fantasy icon, soft rim light, 1024x1024, neutral daylight --ar 1:1","text, watermark, logo, signature, blurry, low quality, multiple separate armor sets, full suit spread out, human body, character wearing armor, cluttered background, nsfw, hole in center, cutout center, ring shield, donut shape, empty middle, broken missing center, transparent hole through shield"
iron_shield,Железный щит,2,leftHand,2,2,1:1,1024x1024,"Concept art for ""Железный щит"", a single fantasy shield (held vertically), kite/heater/tower silhouette, straps visible on back face, medium shield profile, sturdy heater or kite shield, reinforced solid face, balanced weight, crafted from interlocking mail rings, mild steel, padded arming cap layer, waxed leather edging, battle-worn ring mail, functional, no flourish, balanced composition, helmet-centered, isolated single object, transparent or plain dark background, centered, full item visible, armor catalog orthographic clarity, no human, no hands wearing it, sharp focus, high detail, painterly fantasy icon, soft rim light, 1024x1024, neutral daylight --ar 1:1","text, watermark, logo, signature, blurry, low quality, multiple separate armor sets, full suit spread out, human body, character wearing armor, cluttered background, nsfw, hole in center, cutout center, ring shield, donut shape, empty middle, broken missing center, transparent hole through shield"
light_iron_shield,Лёгк. Железный щит,2,leftHand,2,2,1:1,1024x1024,"Concept art for ""Лёгк. Железный щит"", a single fantasy shield (held vertically), kite/heater/tower silhouette, straps visible on back face, light shield profile, small agile buckler or heater shield, slim solid face, quick straps, crafted from interlocking mail rings, mild steel, padded arming cap layer, waxed leather edging, battle-worn ring mail, functional, no flourish, balanced composition, helmet-centered, isolated single object, transparent or plain dark background, centered, full item visible, armor catalog orthographic clarity, no human, no hands wearing it, sharp focus, high detail, painterly fantasy icon, soft rim light, 1024x1024, neutral daylight --ar 1:1","text, watermark, logo, signature, blurry, low quality, multiple separate armor sets, full suit spread out, human body, character wearing armor, cluttered background, nsfw, hole in center, cutout center, ring shield, donut shape, empty middle, broken missing center, transparent hole through shield"
chain_leggings,Кольчужные поножи,2,legs,2,3,1:1,1024x1024,"Concept art for ""Кольчужные поножи"", a single pair of fantasy leg armor (greaves / sabatons combined piece), symmetrical pair read as one item, medium armor profile, balanced protection and mobility, layered plates over padding, crafted from interlocking mail rings, mild steel, padded arming cap layer, waxed leather edging, battle-worn ring mail, functional, no flourish, balanced composition, isolated single object, transparent or plain dark background, centered, full item visible, armor catalog orthographic clarity, no human, no hands wearing it, sharp focus, high detail, painterly fantasy icon, soft rim light, 1024x1024, neutral daylight --ar 1:1","text, watermark, logo, signature, blurry, low quality, multiple separate armor sets, full suit spread out, human body, character wearing armor, cluttered background, nsfw"
heavy_chain_leggings,Тяж. Кольчужные поножи,2,legs,2,3,1:1,1024x1024,"Concept art for ""Тяж. Кольчужные поножи"", a single pair of fantasy leg armor (greaves / sabatons combined piece), symmetrical pair read as one item, heavy armor profile, dense protective plates, high durability, imposing mass, slower silhouette, crafted from interlocking mail rings, mild steel, padded arming cap layer, waxed leather edging, battle-worn ring mail, functional, no flourish, balanced composition, isolated single object, transparent or plain dark background, centered, full item visible, armor catalog orthographic clarity, no human, no hands wearing it, sharp focus, high detail, painterly fantasy icon, soft rim light, 1024x1024, neutral daylight --ar 1:1","text, watermark, logo, signature, blurry, low quality, multiple separate armor sets, full suit spread out, human body, character wearing armor, cluttered background, nsfw"
light_chain_leggings,Лёгк. Кольчужные поножи,2,legs,2,3,1:1,1024x1024,"Concept art for ""Лёгк. Кольчужные поножи"", a single pair of fantasy leg armor (greaves / sabatons combined piece), symmetrical pair read as one item, light armor profile, flexible, low bulk, travel-ready, no movement restriction feel, crafted from interlocking mail rings, mild steel, padded arming cap layer, waxed leather edging, battle-worn ring mail, functional, no flourish, balanced composition, isolated single object, transparent or plain dark background, centered, full item visible, armor catalog orthographic clarity, no human, no hands wearing it, sharp focus, high detail, painterly fantasy icon, soft rim light, 1024x1024, neutral daylight --ar 1:1","text, watermark, logo, signature, blurry, low quality, multiple separate armor sets, full suit spread out, human body, character wearing armor, cluttered background, nsfw"
chain_gorget,Кольчужный горжет,2,neck,1,1,1:1,1024x1024,"Concept art for ""Кольчужный горжет"", a single fantasy gorget / neck guard collar armor piece, medium armor profile, balanced protection and mobility, layered plates over padding, crafted from interlocking mail rings, mild steel, padded arming cap layer, waxed leather edging, battle-worn ring mail, functional, no flourish, balanced composition, helmet-centered, isolated single object, transparent or plain dark background, centered, full item visible, armor catalog orthographic clarity, no human, no hands wearing it, sharp focus, high detail, painterly fantasy icon, soft rim light, 1024x1024, neutral daylight --ar 1:1","text, watermark, logo, signature, blurry, low quality, multiple separate armor sets, full suit spread out, human body, character wearing armor, cluttered background, nsfw"
heavy_chain_gorget,Тяж. Кольчужный горжет,2,neck,1,1,1:1,1024x1024,"Concept art for ""Тяж. Кольчужный горжет"", a single fantasy gorget / neck guard collar armor piece, heavy armor profile, dense protective plates, high durability, imposing mass, slower silhouette, crafted from interlocking mail rings, mild steel, padded arming cap layer, waxed leather edging, battle-worn ring mail, functional, no flourish, balanced composition, helmet-centered, isolated single object, transparent or plain dark background, centered, full item visible, armor catalog orthographic clarity, no human, no hands wearing it, sharp focus, high detail, painterly fantasy icon, soft rim light, 1024x1024, neutral daylight --ar 1:1","text, watermark, logo, signature, blurry, low quality, multiple separate armor sets, full suit spread out, human body, character wearing armor, cluttered background, nsfw"
light_chain_gorget,Лёгк. Кольчужный горжет,2,neck,1,1,1:1,1024x1024,"Concept art for ""Лёгк. Кольчужный горжет"", a single fantasy gorget / neck guard collar armor piece, light armor profile, flexible, low bulk, travel-ready, no movement restriction feel, crafted from interlocking mail rings, mild steel, padded arming cap layer, waxed leather edging, battle-worn ring mail, functional, no flourish, balanced composition, helmet-centered, isolated single object, transparent or plain dark background, centered, full item visible, armor catalog orthographic clarity, no human, no hands wearing it, sharp focus, high detail, painterly fantasy icon, soft rim light, 1024x1024, neutral daylight --ar 1:1","text, watermark, logo, signature, blurry, low quality, multiple separate armor sets, full suit spread out, human body, character wearing armor, cluttered background, nsfw"
chain_sleeves_right,Кольчужный рукав (п),2,rightArm,1,2,1:2,768x1536,"Concept art for ""Кольчужный рукав (п)"", a single fantasy arm armor piece for right arm (vambrace / bracer / pauldron cuff), medium armor profile, balanced protection and mobility, layered plates over padding, crafted from interlocking mail rings, mild steel, padded arming cap layer, waxed leather edging, battle-worn ring mail, functional, no flourish, vertical orientation, armor piece upright, isolated single object, transparent or plain dark background, centered, full item visible, armor catalog orthographic clarity, no human, no hands wearing it, sharp focus, high detail, painterly fantasy icon, soft rim light, 768x1536, neutral daylight --ar 1:2","text, watermark, logo, signature, blurry, low quality, multiple separate armor sets, full suit spread out, human body, character wearing armor, cluttered background, nsfw"
heavy_chain_sleeves_right,Тяж. Кольчужный рукав (п),2,rightArm,1,2,1:2,768x1536,"Concept art for ""Тяж. Кольчужный рукав (п)"", a single fantasy arm armor piece for right arm (vambrace / bracer / pauldron cuff), heavy armor profile, dense protective plates, high durability, imposing mass, slower silhouette, crafted from interlocking mail rings, mild steel, padded arming cap layer, waxed leather edging, battle-worn ring mail, functional, no flourish, vertical orientation, armor piece upright, isolated single object, transparent or plain dark background, centered, full item visible, armor catalog orthographic clarity, no human, no hands wearing it, sharp focus, high detail, painterly fantasy icon, soft rim light, 768x1536, neutral daylight --ar 1:2","text, watermark, logo, signature, blurry, low quality, multiple separate armor sets, full suit spread out, human body, character wearing armor, cluttered background, nsfw"
light_chain_sleeves_right,Лёгк. Кольчужный рукав (п),2,rightArm,1,2,1:2,768x1536,"Concept art for ""Лёгк. Кольчужный рукав (п)"", a single fantasy arm armor piece for right arm (vambrace / bracer / pauldron cuff), light armor profile, flexible, low bulk, travel-ready, no movement restriction feel, crafted from interlocking mail rings, mild steel, padded arming cap layer, waxed leather edging, battle-worn ring mail, functional, no flourish, vertical orientation, armor piece upright, isolated single object, transparent or plain dark background, centered, full item visible, armor catalog orthographic clarity, no human, no hands wearing it, sharp focus, high detail, painterly fantasy icon, soft rim light, 768x1536, neutral daylight --ar 1:2","text, watermark, logo, signature, blurry, low quality, multiple separate armor sets, full suit spread out, human body, character wearing armor, cluttered background, nsfw"
chainmail,Кольчуга,2,torso,2,3,1:1,1024x1024,"Concept art for ""Кольчуга"", a single fantasy torso armor piece (cuirass / breastplate / jack-of-plates), no limbs attached, medium armor profile, balanced protection and mobility, layered plates over padding, crafted from interlocking mail rings, mild steel, padded arming cap layer, waxed leather edging, battle-worn ring mail, functional, no flourish, balanced composition, isolated single object, transparent or plain dark background, centered, full item visible, armor catalog orthographic clarity, no human, no hands wearing it, sharp focus, high detail, painterly fantasy icon, soft rim light, 1024x1024, neutral daylight --ar 1:1","text, watermark, logo, signature, blurry, low quality, multiple separate armor sets, full suit spread out, human body, character wearing armor, cluttered background, nsfw"
heavy_chainmail,Тяж. Кольчуга,2,torso,2,3,1:1,1024x1024,"Concept art for ""Тяж. Кольчуга"", a single fantasy torso armor piece (cuirass / breastplate / jack-of-plates), no limbs attached, heavy armor profile, dense protective plates, high durability, imposing mass, slower silhouette, crafted from interlocking mail rings, mild steel, padded arming cap layer, waxed leather edging, battle-worn ring mail, functional, no flourish, balanced composition, isolated single object, transparent or plain dark background, centered, full item visible, armor catalog orthographic clarity, no human, no hands wearing it, sharp focus, high detail, painterly fantasy icon, soft rim light, 1024x1024, neutral daylight --ar 1:1","text, watermark, logo, signature, blurry, low quality, multiple separate armor sets, full suit spread out, human body, character wearing armor, cluttered background, nsfw"
light_chainmail,Лёгк. Кольчуга,2,torso,2,3,1:1,1024x1024,"Concept art for ""Лёгк. Кольчуга"", a single fantasy torso armor piece (cuirass / breastplate / jack-of-plates), no limbs attached, light armor profile, flexible, low bulk, travel-ready, no movement restriction feel, crafted from interlocking mail rings, mild steel, padded arming cap layer, waxed leather edging, battle-worn ring mail, functional, no flourish, balanced composition, isolated single object, transparent or plain dark background, centered, full item visible, armor catalog orthographic clarity, no human, no hands wearing it, sharp focus, high detail, painterly fantasy icon, soft rim light, 1024x1024, neutral daylight --ar 1:1","text, watermark, logo, signature, blurry, low quality, multiple separate armor sets, full suit spread out, human body, character wearing armor, cluttered background, nsfw"
light_plate_helm,Лёгк. Стальной шлем,3,head,2,2,1:1,1024x1024,"Concept art for ""Лёгк. Стальной шлем"", a single fantasy helmet / head armor piece (front-three-quarter view), clear silhouette, light armor profile, flexible, low bulk, travel-ready, no movement restriction feel, crafted from polished steel plates, articulated lames, leather straps, simple etchings, knight-issue half plate, well-maintained soldier kit, balanced composition, helmet-centered, isolated single object, transparent or plain dark background, centered, full item visible, armor catalog orthographic clarity, no human, no hands wearing it, sharp focus, high detail, painterly fantasy icon, soft rim light, 1024x1024, forge embers glow in background --ar 1:1","text, watermark, logo, signature, blurry, low quality, multiple separate armor sets, full suit spread out, human body, character wearing armor, cluttered background, nsfw"
medium_plate_helm,Средн. Стальной шлем,3,head,2,2,1:1,1024x1024,"Concept art for ""Средн. Стальной шлем"", a single fantasy helmet / head armor piece (front-three-quarter view), clear silhouette, medium armor profile, balanced protection and mobility, layered plates over padding, crafted from polished steel plates, articulated lames, leather straps, simple etchings, knight-issue half plate, well-maintained soldier kit, balanced composition, helmet-centered, isolated single object, transparent or plain dark background, centered, full item visible, armor catalog orthographic clarity, no human, no hands wearing it, sharp focus, high detail, painterly fantasy icon, soft rim light, 1024x1024, forge embers glow in background --ar 1:1","text, watermark, logo, signature, blurry, low quality, multiple separate armor sets, full suit spread out, human body, character wearing armor, cluttered background, nsfw"
plate_helm,Стальной шлем,3,head,2,2,1:1,1024x1024,"Concept art for ""Стальной шлем"", a single fantasy helmet / head armor piece (front-three-quarter view), clear silhouette, heavy armor profile, dense protective plates, high durability, imposing mass, slower silhouette, crafted from polished steel plates, articulated lames, leather straps, simple etchings, knight-issue half plate, well-maintained soldier kit, balanced composition, helmet-centered, isolated single object, transparent or plain dark background, centered, full item visible, armor catalog orthographic clarity, no human, no hands wearing it, sharp focus, high detail, painterly fantasy icon, soft rim light, 1024x1024, forge embers glow in background --ar 1:1","text, watermark, logo, signature, blurry, low quality, multiple separate armor sets, full suit spread out, human body, character wearing armor, cluttered background, nsfw"
light_plate_arms_left,Лёгк. Стальной наруч (л),3,leftArm,1,2,1:2,768x1536,"Concept art for ""Лёгк. Стальной наруч (л)"", a single fantasy arm armor piece for left arm (vambrace / bracer / pauldron cuff), light armor profile, flexible, low bulk, travel-ready, no movement restriction feel, crafted from polished steel plates, articulated lames, leather straps, simple etchings, knight-issue half plate, well-maintained soldier kit, vertical orientation, armor piece upright, isolated single object, transparent or plain dark background, centered, full item visible, armor catalog orthographic clarity, no human, no hands wearing it, sharp focus, high detail, painterly fantasy icon, soft rim light, 768x1536, forge embers glow in background --ar 1:2","text, watermark, logo, signature, blurry, low quality, multiple separate armor sets, full suit spread out, human body, character wearing armor, cluttered background, nsfw"
medium_plate_arms_left,Средн. Стальной наруч (л),3,leftArm,1,2,1:2,768x1536,"Concept art for ""Средн. Стальной наруч (л)"", a single fantasy arm armor piece for left arm (vambrace / bracer / pauldron cuff), medium armor profile, balanced protection and mobility, layered plates over padding, crafted from polished steel plates, articulated lames, leather straps, simple etchings, knight-issue half plate, well-maintained soldier kit, vertical orientation, armor piece upright, isolated single object, transparent or plain dark background, centered, full item visible, armor catalog orthographic clarity, no human, no hands wearing it, sharp focus, high detail, painterly fantasy icon, soft rim light, 768x1536, forge embers glow in background --ar 1:2","text, watermark, logo, signature, blurry, low quality, multiple separate armor sets, full suit spread out, human body, character wearing armor, cluttered background, nsfw"
plate_arms_left,Стальной наруч (л),3,leftArm,1,2,1:2,768x1536,"Concept art for ""Стальной наруч (л)"", a single fantasy arm armor piece for left arm (vambrace / bracer / pauldron cuff), heavy armor profile, dense protective plates, high durability, imposing mass, slower silhouette, crafted from polished steel plates, articulated lames, leather straps, simple etchings, knight-issue half plate, well-maintained soldier kit, vertical orientation, armor piece upright, isolated single object, transparent or plain dark background, centered, full item visible, armor catalog orthographic clarity, no human, no hands wearing it, sharp focus, high detail, painterly fantasy icon, soft rim light, 768x1536, forge embers glow in background --ar 1:2","text, watermark, logo, signature, blurry, low quality, multiple separate armor sets, full suit spread out, human body, character wearing armor, cluttered background, nsfw"
kite_shield,Рыцарский щит,3,leftHand,2,2,1:1,1024x1024,"Concept art for ""Рыцарский щит"", a single fantasy shield (held vertically), kite/heater/tower silhouette, straps visible on back face, heavy shield profile, broad tower or war shield, thick solid face, high durability, imposing mass, crafted from polished steel plates, articulated lames, leather straps, simple etchings, knight-issue half plate, well-maintained soldier kit, balanced composition, helmet-centered, isolated single object, transparent or plain dark background, centered, full item visible, armor catalog orthographic clarity, no human, no hands wearing it, sharp focus, high detail, painterly fantasy icon, soft rim light, 1024x1024, forge embers glow in background --ar 1:1","text, watermark, logo, signature, blurry, low quality, multiple separate armor sets, full suit spread out, human body, character wearing armor, cluttered background, nsfw, hole in center, cutout center, ring shield, donut shape, empty middle, broken missing center, transparent hole through shield"
light_kite_shield,Лёгк. Рыцарский щит,3,leftHand,2,2,1:1,1024x1024,"Concept art for ""Лёгк. Рыцарский щит"", a single fantasy shield (held vertically), kite/heater/tower silhouette, straps visible on back face, light shield profile, small agile buckler or heater shield, slim solid face, quick straps, crafted from polished steel plates, articulated lames, leather straps, simple etchings, knight-issue half plate, well-maintained soldier kit, balanced composition, helmet-centered, isolated single object, transparent or plain dark background, centered, full item visible, armor catalog orthographic clarity, no human, no hands wearing it, sharp focus, high detail, painterly fantasy icon, soft rim light, 1024x1024, forge embers glow in background --ar 1:1","text, watermark, logo, signature, blurry, low quality, multiple separate armor sets, full suit spread out, human body, character wearing armor, cluttered background, nsfw, hole in center, cutout center, ring shield, donut shape, empty middle, broken missing center, transparent hole through shield"
medium_kite_shield,Средн. Рыцарский щит,3,leftHand,2,2,1:1,1024x1024,"Concept art for ""Средн. Рыцарский щит"", a single fantasy shield (held vertically), kite/heater/tower silhouette, straps visible on back face, medium shield profile, sturdy heater or kite shield, reinforced solid face, balanced weight, crafted from polished steel plates, articulated lames, leather straps, simple etchings, knight-issue half plate, well-maintained soldier kit, balanced composition, helmet-centered, isolated single object, transparent or plain dark background, centered, full item visible, armor catalog orthographic clarity, no human, no hands wearing it, sharp focus, high detail, painterly fantasy icon, soft rim light, 1024x1024, forge embers glow in background --ar 1:1","text, watermark, logo, signature, blurry, low quality, multiple separate armor sets, full suit spread out, human body, character wearing armor, cluttered background, nsfw, hole in center, cutout center, ring shield, donut shape, empty middle, broken missing center, transparent hole through shield"
light_plate_legs,Лёгк. Набедренники,3,legs,2,3,1:1,1024x1024,"Concept art for ""Лёгк. Набедренники"", a single pair of fantasy leg armor (greaves / sabatons combined piece), symmetrical pair read as one item, light armor profile, flexible, low bulk, travel-ready, no movement restriction feel, crafted from polished steel plates, articulated lames, leather straps, simple etchings, knight-issue half plate, well-maintained soldier kit, balanced composition, isolated single object, transparent or plain dark background, centered, full item visible, armor catalog orthographic clarity, no human, no hands wearing it, sharp focus, high detail, painterly fantasy icon, soft rim light, 1024x1024, forge embers glow in background --ar 1:1","text, watermark, logo, signature, blurry, low quality, multiple separate armor sets, full suit spread out, human body, character wearing armor, cluttered background, nsfw"
medium_plate_legs,Средн. Набедренники,3,legs,2,3,1:1,1024x1024,"Concept art for ""Средн. Набедренники"", a single pair of fantasy leg armor (greaves / sabatons combined piece), symmetrical pair read as one item, medium armor profile, balanced protection and mobility, layered plates over padding, crafted from polished steel plates, articulated lames, leather straps, simple etchings, knight-issue half plate, well-maintained soldier kit, balanced composition, isolated single object, transparent or plain dark background, centered, full item visible, armor catalog orthographic clarity, no human, no hands wearing it, sharp focus, high detail, painterly fantasy icon, soft rim light, 1024x1024, forge embers glow in background --ar 1:1","text, watermark, logo, signature, blurry, low quality, multiple separate armor sets, full suit spread out, human body, character wearing armor, cluttered background, nsfw"
plate_legs,Набедренники,3,legs,2,3,1:1,1024x1024,"Concept art for ""Набедренники"", a single pair of fantasy leg armor (greaves / sabatons combined piece), symmetrical pair read as one item, heavy armor profile, dense protective plates, high durability, imposing mass, slower silhouette, crafted from polished steel plates, articulated lames, leather straps, simple etchings, knight-issue half plate, well-maintained soldier kit, balanced composition, isolated single object, transparent or plain dark background, centered, full item visible, armor catalog orthographic clarity, no human, no hands wearing it, sharp focus, high detail, painterly fantasy icon, soft rim light, 1024x1024, forge embers glow in background --ar 1:1","text, watermark, logo, signature, blurry, low quality, multiple separate armor sets, full suit spread out, human body, character wearing armor, cluttered background, nsfw"
light_plate_gorget,Лёгк. Стальной горжет,3,neck,1,1,1:1,1024x1024,"Concept art for ""Лёгк. Стальной горжет"", a single fantasy gorget / neck guard collar armor piece, light armor profile, flexible, low bulk, travel-ready, no movement restriction feel, crafted from polished steel plates, articulated lames, leather straps, simple etchings, knight-issue half plate, well-maintained soldier kit, balanced composition, helmet-centered, isolated single object, transparent or plain dark background, centered, full item visible, armor catalog orthographic clarity, no human, no hands wearing it, sharp focus, high detail, painterly fantasy icon, soft rim light, 1024x1024, forge embers glow in background --ar 1:1","text, watermark, logo, signature, blurry, low quality, multiple separate armor sets, full suit spread out, human body, character wearing armor, cluttered background, nsfw"
medium_plate_gorget,Средн. Стальной горжет,3,neck,1,1,1:1,1024x1024,"Concept art for ""Средн. Стальной горжет"", a single fantasy gorget / neck guard collar armor piece, medium armor profile, balanced protection and mobility, layered plates over padding, crafted from polished steel plates, articulated lames, leather straps, simple etchings, knight-issue half plate, well-maintained soldier kit, balanced composition, helmet-centered, isolated single object, transparent or plain dark background, centered, full item visible, armor catalog orthographic clarity, no human, no hands wearing it, sharp focus, high detail, painterly fantasy icon, soft rim light, 1024x1024, forge embers glow in background --ar 1:1","text, watermark, logo, signature, blurry, low quality, multiple separate armor sets, full suit spread out, human body, character wearing armor, cluttered background, nsfw"
plate_gorget,Стальной горжет,3,neck,1,1,1:1,1024x1024,"Concept art for ""Стальной горжет"", a single fantasy gorget / neck guard collar armor piece, heavy armor profile, dense protective plates, high durability, imposing mass, slower silhouette, crafted from polished steel plates, articulated lames, leather straps, simple etchings, knight-issue half plate, well-maintained soldier kit, balanced composition, helmet-centered, isolated single object, transparent or plain dark background, centered, full item visible, armor catalog orthographic clarity, no human, no hands wearing it, sharp focus, high detail, painterly fantasy icon, soft rim light, 1024x1024, forge embers glow in background --ar 1:1","text, watermark, logo, signature, blurry, low quality, multiple separate armor sets, full suit spread out, human body, character wearing armor, cluttered background, nsfw"
light_plate_arms_right,Лёгк. Стальной наруч (п),3,rightArm,1,2,1:2,768x1536,"Concept art for ""Лёгк. Стальной наруч (п)"", a single fantasy arm armor piece for right arm (vambrace / bracer / pauldron cuff), light armor profile, flexible, low bulk, travel-ready, no movement restriction feel, crafted from polished steel plates, articulated lames, leather straps, simple etchings, knight-issue half plate, well-maintained soldier kit, vertical orientation, armor piece upright, isolated single object, transparent or plain dark background, centered, full item visible, armor catalog orthographic clarity, no human, no hands wearing it, sharp focus, high detail, painterly fantasy icon, soft rim light, 768x1536, forge embers glow in background --ar 1:2","text, watermark, logo, signature, blurry, low quality, multiple separate armor sets, full suit spread out, human body, character wearing armor, cluttered background, nsfw"
medium_plate_arms_right,Средн. Стальной наруч (п),3,rightArm,1,2,1:2,768x1536,"Concept art for ""Средн. Стальной наруч (п)"", a single fantasy arm armor piece for right arm (vambrace / bracer / pauldron cuff), medium armor profile, balanced protection and mobility, layered plates over padding, crafted from polished steel plates, articulated lames, leather straps, simple etchings, knight-issue half plate, well-maintained soldier kit, vertical orientation, armor piece upright, isolated single object, transparent or plain dark background, centered, full item visible, armor catalog orthographic clarity, no human, no hands wearing it, sharp focus, high detail, painterly fantasy icon, soft rim light, 768x1536, forge embers glow in background --ar 1:2","text, watermark, logo, signature, blurry, low quality, multiple separate armor sets, full suit spread out, human body, character wearing armor, cluttered background, nsfw"
plate_arms_right,Стальной наруч (п),3,rightArm,1,2,1:2,768x1536,"Concept art for ""Стальной наруч (п)"", a single fantasy arm armor piece for right arm (vambrace / bracer / pauldron cuff), heavy armor profile, dense protective plates, high durability, imposing mass, slower silhouette, crafted from polished steel plates, articulated lames, leather straps, simple etchings, knight-issue half plate, well-maintained soldier kit, vertical orientation, armor piece upright, isolated single object, transparent or plain dark background, centered, full item visible, armor catalog orthographic clarity, no human, no hands wearing it, sharp focus, high detail, painterly fantasy icon, soft rim light, 768x1536, forge embers glow in background --ar 1:2","text, watermark, logo, signature, blurry, low quality, multiple separate armor sets, full suit spread out, human body, character wearing armor, cluttered background, nsfw"
light_plate_chest,Лёгк. Нагрудник,3,torso,2,3,1:1,1024x1024,"Concept art for ""Лёгк. Нагрудник"", a single fantasy torso armor piece (cuirass / breastplate / jack-of-plates), no limbs attached, light armor profile, flexible, low bulk, travel-ready, no movement restriction feel, crafted from polished steel plates, articulated lames, leather straps, simple etchings, knight-issue half plate, well-maintained soldier kit, balanced composition, isolated single object, transparent or plain dark background, centered, full item visible, armor catalog orthographic clarity, no human, no hands wearing it, sharp focus, high detail, painterly fantasy icon, soft rim light, 1024x1024, forge embers glow in background --ar 1:1","text, watermark, logo, signature, blurry, low quality, multiple separate armor sets, full suit spread out, human body, character wearing armor, cluttered background, nsfw"
medium_plate_chest,Средн. Нагрудник,3,torso,2,3,1:1,1024x1024,"Concept art for ""Средн. Нагрудник"", a single fantasy torso armor piece (cuirass / breastplate / jack-of-plates), no limbs attached, medium armor profile, balanced protection and mobility, layered plates over padding, crafted from polished steel plates, articulated lames, leather straps, simple etchings, knight-issue half plate, well-maintained soldier kit, balanced composition, isolated single object, transparent or plain dark background, centered, full item visible, armor catalog orthographic clarity, no human, no hands wearing it, sharp focus, high detail, painterly fantasy icon, soft rim light, 1024x1024, forge embers glow in background --ar 1:1","text, watermark, logo, signature, blurry, low quality, multiple separate armor sets, full suit spread out, human body, character wearing armor, cluttered background, nsfw"
plate_chest,Нагрудник,3,torso,2,3,1:1,1024x1024,"Concept art for ""Нагрудник"", a single fantasy torso armor piece (cuirass / breastplate / jack-of-plates), no limbs attached, heavy armor profile, dense protective plates, high durability, imposing mass, slower silhouette, crafted from polished steel plates, articulated lames, leather straps, simple etchings, knight-issue half plate, well-maintained soldier kit, balanced composition, isolated single object, transparent or plain dark background, centered, full item visible, armor catalog orthographic clarity, no human, no hands wearing it, sharp focus, high detail, painterly fantasy icon, soft rim light, 1024x1024, forge embers glow in background --ar 1:1","text, watermark, logo, signature, blurry, low quality, multiple separate armor sets, full suit spread out, human body, character wearing armor, cluttered background, nsfw"
alloy_helm,Легированный шлем,4,head,2,2,1:1,1024x1024,"Concept art for ""Легированный шлем"", a single fantasy helmet / head armor piece (front-three-quarter view), clear silhouette, medium armor profile, balanced protection and mobility, layered plates over padding, crafted from tempered steel with bronze/brass inlays, blackened edges, heraldic crest embossing, commander-grade, decorative but practical, balanced composition, helmet-centered, isolated single object, transparent or plain dark background, centered, full item visible, armor catalog orthographic clarity, no human, no hands wearing it, sharp focus, high detail, painterly fantasy icon, soft rim light, 1024x1024, clean white studio light --ar 1:1","text, watermark, logo, signature, blurry, low quality, multiple separate armor sets, full suit spread out, human body, character wearing armor, cluttered background, nsfw"
heavy_alloy_helm,Тяж. Легированный шлем,4,head,2,2,1:1,1024x1024,"Concept art for ""Тяж. Легированный шлем"", a single fantasy helmet / head armor piece (front-three-quarter view), clear silhouette, heavy armor profile, dense protective plates, high durability, imposing mass, slower silhouette, crafted from tempered steel with bronze/brass inlays, blackened edges, heraldic crest embossing, commander-grade, decorative but practical, balanced composition, helmet-centered, isolated single object, transparent or plain dark background, centered, full item visible, armor catalog orthographic clarity, no human, no hands wearing it, sharp focus, high detail, painterly fantasy icon, soft rim light, 1024x1024, clean white studio light --ar 1:1","text, watermark, logo, signature, blurry, low quality, multiple separate armor sets, full suit spread out, human body, character wearing armor, cluttered background, nsfw"
light_alloy_helm,Лёгк. Легированный шлем,4,head,2,2,1:1,1024x1024,"Concept art for ""Лёгк. Легированный шлем"", a single fantasy helmet / head armor piece (front-three-quarter view), clear silhouette, light armor profile, flexible, low bulk, travel-ready, no movement restriction feel, crafted from tempered steel with bronze/brass inlays, blackened edges, heraldic crest embossing, commander-grade, decorative but practical, balanced composition, helmet-centered, isolated single object, transparent or plain dark background, centered, full item visible, armor catalog orthographic clarity, no human, no hands wearing it, sharp focus, high detail, painterly fantasy icon, soft rim light, 1024x1024, clean white studio light --ar 1:1","text, watermark, logo, signature, blurry, low quality, multiple separate armor sets, full suit spread out, human body, character wearing armor, cluttered background, nsfw"
alloy_bracer_left,Легир. наруч (л),4,leftArm,1,2,1:2,768x1536,"Concept art for ""Легир. наруч (л)"", a single fantasy arm armor piece for left arm (vambrace / bracer / pauldron cuff), medium armor profile, balanced protection and mobility, layered plates over padding, crafted from tempered steel with bronze/brass inlays, blackened edges, heraldic crest embossing, commander-grade, decorative but practical, vertical orientation, armor piece upright, isolated single object, transparent or plain dark background, centered, full item visible, armor catalog orthographic clarity, no human, no hands wearing it, sharp focus, high detail, painterly fantasy icon, soft rim light, 768x1536, clean white studio light --ar 1:2","text, watermark, logo, signature, blurry, low quality, multiple separate armor sets, full suit spread out, human body, character wearing armor, cluttered background, nsfw"
heavy_alloy_bracer_left,Тяж. Легир. наруч (л),4,leftArm,1,2,1:2,768x1536,"Concept art for ""Тяж. Легир. наруч (л)"", a single fantasy arm armor piece for left arm (vambrace / bracer / pauldron cuff), heavy armor profile, dense protective plates, high durability, imposing mass, slower silhouette, crafted from tempered steel with bronze/brass inlays, blackened edges, heraldic crest embossing, commander-grade, decorative but practical, vertical orientation, armor piece upright, isolated single object, transparent or plain dark background, centered, full item visible, armor catalog orthographic clarity, no human, no hands wearing it, sharp focus, high detail, painterly fantasy icon, soft rim light, 768x1536, clean white studio light --ar 1:2","text, watermark, logo, signature, blurry, low quality, multiple separate armor sets, full suit spread out, human body, character wearing armor, cluttered background, nsfw"
light_alloy_bracer_left,Лёгк. Легир. наруч (л),4,leftArm,1,2,1:2,768x1536,"Concept art for ""Лёгк. Легир. наруч (л)"", a single fantasy arm armor piece for left arm (vambrace / bracer / pauldron cuff), light armor profile, flexible, low bulk, travel-ready, no movement restriction feel, crafted from tempered steel with bronze/brass inlays, blackened edges, heraldic crest embossing, commander-grade, decorative but practical, vertical orientation, armor piece upright, isolated single object, transparent or plain dark background, centered, full item visible, armor catalog orthographic clarity, no human, no hands wearing it, sharp focus, high detail, painterly fantasy icon, soft rim light, 768x1536, clean white studio light --ar 1:2","text, watermark, logo, signature, blurry, low quality, multiple separate armor sets, full suit spread out, human body, character wearing armor, cluttered background, nsfw"
light_tower_shield,Лёгк. Башенный щит,4,leftHand,2,2,1:1,1024x1024,"Concept art for ""Лёгк. Башенный щит"", a single fantasy shield (held vertically), kite/heater/tower silhouette, straps visible on back face, light shield profile, small agile buckler or heater shield, slim solid face, quick straps, crafted from tempered steel with bronze/brass inlays, blackened edges, heraldic crest embossing, commander-grade, decorative but practical, balanced composition, helmet-centered, isolated single object, transparent or plain dark background, centered, full item visible, armor catalog orthographic clarity, no human, no hands wearing it, sharp focus, high detail, painterly fantasy icon, soft rim light, 1024x1024, clean white studio light --ar 1:1","text, watermark, logo, signature, blurry, low quality, multiple separate armor sets, full suit spread out, human body, character wearing armor, cluttered background, nsfw, hole in center, cutout center, ring shield, donut shape, empty middle, broken missing center, transparent hole through shield"
medium_tower_shield,Средн. Башенный щит,4,leftHand,2,2,1:1,1024x1024,"Concept art for ""Средн. Башенный щит"", a single fantasy shield (held vertically), kite/heater/tower silhouette, straps visible on back face, medium shield profile, sturdy heater or kite shield, reinforced solid face, balanced weight, crafted from tempered steel with bronze/brass inlays, blackened edges, heraldic crest embossing, commander-grade, decorative but practical, balanced composition, helmet-centered, isolated single object, transparent or plain dark background, centered, full item visible, armor catalog orthographic clarity, no human, no hands wearing it, sharp focus, high detail, painterly fantasy icon, soft rim light, 1024x1024, clean white studio light --ar 1:1","text, watermark, logo, signature, blurry, low quality, multiple separate armor sets, full suit spread out, human body, character wearing armor, cluttered background, nsfw, hole in center, cutout center, ring shield, donut shape, empty middle, broken missing center, transparent hole through shield"
tower_shield,Башенный щит,4,leftHand,2,2,1:1,1024x1024,"Concept art for ""Башенный щит"", a single fantasy shield (held vertically), kite/heater/tower silhouette, straps visible on back face, heavy shield profile, broad tower or war shield, thick solid face, high durability, imposing mass, crafted from tempered steel with bronze/brass inlays, blackened edges, heraldic crest embossing, commander-grade, decorative but practical, balanced composition, helmet-centered, isolated single object, transparent or plain dark background, centered, full item visible, armor catalog orthographic clarity, no human, no hands wearing it, sharp focus, high detail, painterly fantasy icon, soft rim light, 1024x1024, clean white studio light --ar 1:1","text, watermark, logo, signature, blurry, low quality, multiple separate armor sets, full suit spread out, human body, character wearing armor, cluttered background, nsfw, hole in center, cutout center, ring shield, donut shape, empty middle, broken missing center, transparent hole through shield"
alloy_legs,Легированные поножи,4,legs,2,3,1:1,1024x1024,"Concept art for ""Легированные поножи"", a single pair of fantasy leg armor (greaves / sabatons combined piece), symmetrical pair read as one item, medium armor profile, balanced protection and mobility, layered plates over padding, crafted from tempered steel with bronze/brass inlays, blackened edges, heraldic crest embossing, commander-grade, decorative but practical, balanced composition, isolated single object, transparent or plain dark background, centered, full item visible, armor catalog orthographic clarity, no human, no hands wearing it, sharp focus, high detail, painterly fantasy icon, soft rim light, 1024x1024, clean white studio light --ar 1:1","text, watermark, logo, signature, blurry, low quality, multiple separate armor sets, full suit spread out, human body, character wearing armor, cluttered background, nsfw"
heavy_alloy_legs,Тяж. Легированные поножи,4,legs,2,3,1:1,1024x1024,"Concept art for ""Тяж. Легированные поножи"", a single pair of fantasy leg armor (greaves / sabatons combined piece), symmetrical pair read as one item, heavy armor profile, dense protective plates, high durability, imposing mass, slower silhouette, crafted from tempered steel with bronze/brass inlays, blackened edges, heraldic crest embossing, commander-grade, decorative but practical, balanced composition, isolated single object, transparent or plain dark background, centered, full item visible, armor catalog orthographic clarity, no human, no hands wearing it, sharp focus, high detail, painterly fantasy icon, soft rim light, 1024x1024, clean white studio light --ar 1:1","text, watermark, logo, signature, blurry, low quality, multiple separate armor sets, full suit spread out, human body, character wearing armor, cluttered background, nsfw"
light_alloy_legs,Лёгк. Легированные поножи,4,legs,2,3,1:1,1024x1024,"Concept art for ""Лёгк. Легированные поножи"", a single pair of fantasy leg armor (greaves / sabatons combined piece), symmetrical pair read as one item, light armor profile, flexible, low bulk, travel-ready, no movement restriction feel, crafted from tempered steel with bronze/brass inlays, blackened edges, heraldic crest embossing, commander-grade, decorative but practical, balanced composition, isolated single object, transparent or plain dark background, centered, full item visible, armor catalog orthographic clarity, no human, no hands wearing it, sharp focus, high detail, painterly fantasy icon, soft rim light, 1024x1024, clean white studio light --ar 1:1","text, watermark, logo, signature, blurry, low quality, multiple separate armor sets, full suit spread out, human body, character wearing armor, cluttered background, nsfw"
alloy_gorget,Легир. горжет,4,neck,1,1,1:1,1024x1024,"Concept art for ""Легир. горжет"", a single fantasy gorget / neck guard collar armor piece, medium armor profile, balanced protection and mobility, layered plates over padding, crafted from tempered steel with bronze/brass inlays, blackened edges, heraldic crest embossing, commander-grade, decorative but practical, balanced composition, helmet-centered, isolated single object, transparent or plain dark background, centered, full item visible, armor catalog orthographic clarity, no human, no hands wearing it, sharp focus, high detail, painterly fantasy icon, soft rim light, 1024x1024, clean white studio light --ar 1:1","text, watermark, logo, signature, blurry, low quality, multiple separate armor sets, full suit spread out, human body, character wearing armor, cluttered background, nsfw"
heavy_alloy_gorget,Тяж. Легир. горжет,4,neck,1,1,1:1,1024x1024,"Concept art for ""Тяж. Легир. горжет"", a single fantasy gorget / neck guard collar armor piece, heavy armor profile, dense protective plates, high durability, imposing mass, slower silhouette, crafted from tempered steel with bronze/brass inlays, blackened edges, heraldic crest embossing, commander-grade, decorative but practical, balanced composition, helmet-centered, isolated single object, transparent or plain dark background, centered, full item visible, armor catalog orthographic clarity, no human, no hands wearing it, sharp focus, high detail, painterly fantasy icon, soft rim light, 1024x1024, clean white studio light --ar 1:1","text, watermark, logo, signature, blurry, low quality, multiple separate armor sets, full suit spread out, human body, character wearing armor, cluttered background, nsfw"
light_alloy_gorget,Лёгк. Легир. горжет,4,neck,1,1,1:1,1024x1024,"Concept art for ""Лёгк. Легир. горжет"", a single fantasy gorget / neck guard collar armor piece, light armor profile, flexible, low bulk, travel-ready, no movement restriction feel, crafted from tempered steel with bronze/brass inlays, blackened edges, heraldic crest embossing, commander-grade, decorative but practical, balanced composition, helmet-centered, isolated single object, transparent or plain dark background, centered, full item visible, armor catalog orthographic clarity, no human, no hands wearing it, sharp focus, high detail, painterly fantasy icon, soft rim light, 1024x1024, clean white studio light --ar 1:1","text, watermark, logo, signature, blurry, low quality, multiple separate armor sets, full suit spread out, human body, character wearing armor, cluttered background, nsfw"
alloy_bracer_right,Легир. наруч (п),4,rightArm,1,2,1:2,768x1536,"Concept art for ""Легир. наруч (п)"", a single fantasy arm armor piece for right arm (vambrace / bracer / pauldron cuff), medium armor profile, balanced protection and mobility, layered plates over padding, crafted from tempered steel with bronze/brass inlays, blackened edges, heraldic crest embossing, commander-grade, decorative but practical, vertical orientation, armor piece upright, isolated single object, transparent or plain dark background, centered, full item visible, armor catalog orthographic clarity, no human, no hands wearing it, sharp focus, high detail, painterly fantasy icon, soft rim light, 768x1536, clean white studio light --ar 1:2","text, watermark, logo, signature, blurry, low quality, multiple separate armor sets, full suit spread out, human body, character wearing armor, cluttered background, nsfw"
heavy_alloy_bracer_right,Тяж. Легир. наруч (п),4,rightArm,1,2,1:2,768x1536,"Concept art for ""Тяж. Легир. наруч (п)"", a single fantasy arm armor piece for right arm (vambrace / bracer / pauldron cuff), heavy armor profile, dense protective plates, high durability, imposing mass, slower silhouette, crafted from tempered steel with bronze/brass inlays, blackened edges, heraldic crest embossing, commander-grade, decorative but practical, vertical orientation, armor piece upright, isolated single object, transparent or plain dark background, centered, full item visible, armor catalog orthographic clarity, no human, no hands wearing it, sharp focus, high detail, painterly fantasy icon, soft rim light, 768x1536, clean white studio light --ar 1:2","text, watermark, logo, signature, blurry, low quality, multiple separate armor sets, full suit spread out, human body, character wearing armor, cluttered background, nsfw"
light_alloy_bracer_right,Лёгк. Легир. наруч (п),4,rightArm,1,2,1:2,768x1536,"Concept art for ""Лёгк. Легир. наруч (п)"", a single fantasy arm armor piece for right arm (vambrace / bracer / pauldron cuff), light armor profile, flexible, low bulk, travel-ready, no movement restriction feel, crafted from tempered steel with bronze/brass inlays, blackened edges, heraldic crest embossing, commander-grade, decorative but practical, vertical orientation, armor piece upright, isolated single object, transparent or plain dark background, centered, full item visible, armor catalog orthographic clarity, no human, no hands wearing it, sharp focus, high detail, painterly fantasy icon, soft rim light, 768x1536, clean white studio light --ar 1:2","text, watermark, logo, signature, blurry, low quality, multiple separate armor sets, full suit spread out, human body, character wearing armor, cluttered background, nsfw"
alloy_chest,Легированный панцирь,4,torso,2,3,1:1,1024x1024,"Concept art for ""Легированный панцирь"", a single fantasy torso armor piece (cuirass / breastplate / jack-of-plates), no limbs attached, medium armor profile, balanced protection and mobility, layered plates over padding, crafted from tempered steel with bronze/brass inlays, blackened edges, heraldic crest embossing, commander-grade, decorative but practical, balanced composition, isolated single object, transparent or plain dark background, centered, full item visible, armor catalog orthographic clarity, no human, no hands wearing it, sharp focus, high detail, painterly fantasy icon, soft rim light, 1024x1024, clean white studio light --ar 1:1","text, watermark, logo, signature, blurry, low quality, multiple separate armor sets, full suit spread out, human body, character wearing armor, cluttered background, nsfw"
heavy_alloy_chest,Тяж. Легированный панцирь,4,torso,2,3,1:1,1024x1024,"Concept art for ""Тяж. Легированный панцирь"", a single fantasy torso armor piece (cuirass / breastplate / jack-of-plates), no limbs attached, heavy armor profile, dense protective plates, high durability, imposing mass, slower silhouette, crafted from tempered steel with bronze/brass inlays, blackened edges, heraldic crest embossing, commander-grade, decorative but practical, balanced composition, isolated single object, transparent or plain dark background, centered, full item visible, armor catalog orthographic clarity, no human, no hands wearing it, sharp focus, high detail, painterly fantasy icon, soft rim light, 1024x1024, clean white studio light --ar 1:1","text, watermark, logo, signature, blurry, low quality, multiple separate armor sets, full suit spread out, human body, character wearing armor, cluttered background, nsfw"
light_alloy_chest,Лёгк. Легированный панцирь,4,torso,2,3,1:1,1024x1024,"Concept art for ""Лёгк. Легированный панцирь"", a single fantasy torso armor piece (cuirass / breastplate / jack-of-plates), no limbs attached, light armor profile, flexible, low bulk, travel-ready, no movement restriction feel, crafted from tempered steel with bronze/brass inlays, blackened edges, heraldic crest embossing, commander-grade, decorative but practical, balanced composition, isolated single object, transparent or plain dark background, centered, full item visible, armor catalog orthographic clarity, no human, no hands wearing it, sharp focus, high detail, painterly fantasy icon, soft rim light, 1024x1024, clean white studio light --ar 1:1","text, watermark, logo, signature, blurry, low quality, multiple separate armor sets, full suit spread out, human body, character wearing armor, cluttered background, nsfw"
heavy_mithril_helm,Тяж. Митрильный шлем,5,head,2,2,1:1,1024x1024,"Concept art for ""Тяж. Митрильный шлем"", a single fantasy helmet / head armor piece (front-three-quarter view), clear silhouette, heavy armor profile, dense protective plates, high durability, imposing mass, slower silhouette, crafted from mithril gleam (silver-white with faint blue tint), featherweight plates, sapphire rivets, masterwork, elven-smith finish, faintly magical, balanced composition, helmet-centered, isolated single object, transparent or plain dark background, centered, full item visible, armor catalog orthographic clarity, no human, no hands wearing it, sharp focus, high detail, painterly fantasy icon, soft rim light, 1024x1024, cool blue rim light --ar 1:1","text, watermark, logo, signature, blurry, low quality, multiple separate armor sets, full suit spread out, human body, character wearing armor, cluttered background, nsfw"
medium_mithril_helm,Средн. Митрильный шлем,5,head,2,2,1:1,1024x1024,"Concept art for ""Средн. Митрильный шлем"", a single fantasy helmet / head armor piece (front-three-quarter view), clear silhouette, medium armor profile, balanced protection and mobility, layered plates over padding, crafted from mithril gleam (silver-white with faint blue tint), featherweight plates, sapphire rivets, masterwork, elven-smith finish, faintly magical, balanced composition, helmet-centered, isolated single object, transparent or plain dark background, centered, full item visible, armor catalog orthographic clarity, no human, no hands wearing it, sharp focus, high detail, painterly fantasy icon, soft rim light, 1024x1024, cool blue rim light --ar 1:1","text, watermark, logo, signature, blurry, low quality, multiple separate armor sets, full suit spread out, human body, character wearing armor, cluttered background, nsfw"
mithril_helm,Митрильный шлем,5,head,2,2,1:1,1024x1024,"Concept art for ""Митрильный шлем"", a single fantasy helmet / head armor piece (front-three-quarter view), clear silhouette, light armor profile, flexible, low bulk, travel-ready, no movement restriction feel, crafted from mithril gleam (silver-white with faint blue tint), featherweight plates, sapphire rivets, masterwork, elven-smith finish, faintly magical, balanced composition, helmet-centered, isolated single object, transparent or plain dark background, centered, full item visible, armor catalog orthographic clarity, no human, no hands wearing it, sharp focus, high detail, painterly fantasy icon, soft rim light, 1024x1024, cool blue rim light --ar 1:1","text, watermark, logo, signature, blurry, low quality, multiple separate armor sets, full suit spread out, human body, character wearing armor, cluttered background, nsfw"
heavy_mithril_bracer_left,Тяж. Митрильный наруч (л),5,leftArm,1,2,1:2,768x1536,"Concept art for ""Тяж. Митрильный наруч (л)"", a single fantasy arm armor piece for left arm (vambrace / bracer / pauldron cuff), heavy armor profile, dense protective plates, high durability, imposing mass, slower silhouette, crafted from mithril gleam (silver-white with faint blue tint), featherweight plates, sapphire rivets, masterwork, elven-smith finish, faintly magical, vertical orientation, armor piece upright, isolated single object, transparent or plain dark background, centered, full item visible, armor catalog orthographic clarity, no human, no hands wearing it, sharp focus, high detail, painterly fantasy icon, soft rim light, 768x1536, cool blue rim light --ar 1:2","text, watermark, logo, signature, blurry, low quality, multiple separate armor sets, full suit spread out, human body, character wearing armor, cluttered background, nsfw"
medium_mithril_bracer_left,Средн. Митрильный наруч (л),5,leftArm,1,2,1:2,768x1536,"Concept art for ""Средн. Митрильный наруч (л)"", a single fantasy arm armor piece for left arm (vambrace / bracer / pauldron cuff), medium armor profile, balanced protection and mobility, layered plates over padding, crafted from mithril gleam (silver-white with faint blue tint), featherweight plates, sapphire rivets, masterwork, elven-smith finish, faintly magical, vertical orientation, armor piece upright, isolated single object, transparent or plain dark background, centered, full item visible, armor catalog orthographic clarity, no human, no hands wearing it, sharp focus, high detail, painterly fantasy icon, soft rim light, 768x1536, cool blue rim light --ar 1:2","text, watermark, logo, signature, blurry, low quality, multiple separate armor sets, full suit spread out, human body, character wearing armor, cluttered background, nsfw"
mithril_bracer_left,Митрильный наруч (л),5,leftArm,1,2,1:2,768x1536,"Concept art for ""Митрильный наруч (л)"", a single fantasy arm armor piece for left arm (vambrace / bracer / pauldron cuff), light armor profile, flexible, low bulk, travel-ready, no movement restriction feel, crafted from mithril gleam (silver-white with faint blue tint), featherweight plates, sapphire rivets, masterwork, elven-smith finish, faintly magical, vertical orientation, armor piece upright, isolated single object, transparent or plain dark background, centered, full item visible, armor catalog orthographic clarity, no human, no hands wearing it, sharp focus, high detail, painterly fantasy icon, soft rim light, 768x1536, cool blue rim light --ar 1:2","text, watermark, logo, signature, blurry, low quality, multiple separate armor sets, full suit spread out, human body, character wearing armor, cluttered background, nsfw"
heavy_mithril_shield,Тяж. Митрильный щит,5,leftHand,2,2,1:1,1024x1024,"Concept art for ""Тяж. Митрильный щит"", a single fantasy shield (held vertically), kite/heater/tower silhouette, straps visible on back face, heavy shield profile, broad tower or war shield, thick solid face, high durability, imposing mass, crafted from mithril gleam (silver-white with faint blue tint), featherweight plates, sapphire rivets, masterwork, elven-smith finish, faintly magical, balanced composition, helmet-centered, isolated single object, transparent or plain dark background, centered, full item visible, armor catalog orthographic clarity, no human, no hands wearing it, sharp focus, high detail, painterly fantasy icon, soft rim light, 1024x1024, cool blue rim light --ar 1:1","text, watermark, logo, signature, blurry, low quality, multiple separate armor sets, full suit spread out, human body, character wearing armor, cluttered background, nsfw, hole in center, cutout center, ring shield, donut shape, empty middle, broken missing center, transparent hole through shield"
medium_mithril_shield,Средн. Митрильный щит,5,leftHand,2,2,1:1,1024x1024,"Concept art for ""Средн. Митрильный щит"", a single fantasy shield (held vertically), kite/heater/tower silhouette, straps visible on back face, medium shield profile, sturdy heater or kite shield, reinforced solid face, balanced weight, crafted from mithril gleam (silver-white with faint blue tint), featherweight plates, sapphire rivets, masterwork, elven-smith finish, faintly magical, balanced composition, helmet-centered, isolated single object, transparent or plain dark background, centered, full item visible, armor catalog orthographic clarity, no human, no hands wearing it, sharp focus, high detail, painterly fantasy icon, soft rim light, 1024x1024, cool blue rim light --ar 1:1","text, watermark, logo, signature, blurry, low quality, multiple separate armor sets, full suit spread out, human body, character wearing armor, cluttered background, nsfw, hole in center, cutout center, ring shield, donut shape, empty middle, broken missing center, transparent hole through shield"
mithril_shield,Митрильный щит,5,leftHand,2,2,1:1,1024x1024,"Concept art for ""Митрильный щит"", a single fantasy shield (held vertically), kite/heater/tower silhouette, straps visible on back face, light shield profile, small agile buckler or heater shield, slim solid face, quick straps, crafted from mithril gleam (silver-white with faint blue tint), featherweight plates, sapphire rivets, masterwork, elven-smith finish, faintly magical, balanced composition, helmet-centered, isolated single object, transparent or plain dark background, centered, full item visible, armor catalog orthographic clarity, no human, no hands wearing it, sharp focus, high detail, painterly fantasy icon, soft rim light, 1024x1024, cool blue rim light --ar 1:1","text, watermark, logo, signature, blurry, low quality, multiple separate armor sets, full suit spread out, human body, character wearing armor, cluttered background, nsfw, hole in center, cutout center, ring shield, donut shape, empty middle, broken missing center, transparent hole through shield"
heavy_mithril_legs,Тяж. Митрильные поножи,5,legs,2,3,1:1,1024x1024,"Concept art for ""Тяж. Митрильные поножи"", a single pair of fantasy leg armor (greaves / sabatons combined piece), symmetrical pair read as one item, heavy armor profile, dense protective plates, high durability, imposing mass, slower silhouette, crafted from mithril gleam (silver-white with faint blue tint), featherweight plates, sapphire rivets, masterwork, elven-smith finish, faintly magical, balanced composition, isolated single object, transparent or plain dark background, centered, full item visible, armor catalog orthographic clarity, no human, no hands wearing it, sharp focus, high detail, painterly fantasy icon, soft rim light, 1024x1024, cool blue rim light --ar 1:1","text, watermark, logo, signature, blurry, low quality, multiple separate armor sets, full suit spread out, human body, character wearing armor, cluttered background, nsfw"
medium_mithril_legs,Средн. Митрильные поножи,5,legs,2,3,1:1,1024x1024,"Concept art for ""Средн. Митрильные поножи"", a single pair of fantasy leg armor (greaves / sabatons combined piece), symmetrical pair read as one item, medium armor profile, balanced protection and mobility, layered plates over padding, crafted from mithril gleam (silver-white with faint blue tint), featherweight plates, sapphire rivets, masterwork, elven-smith finish, faintly magical, balanced composition, isolated single object, transparent or plain dark background, centered, full item visible, armor catalog orthographic clarity, no human, no hands wearing it, sharp focus, high detail, painterly fantasy icon, soft rim light, 1024x1024, cool blue rim light --ar 1:1","text, watermark, logo, signature, blurry, low quality, multiple separate armor sets, full suit spread out, human body, character wearing armor, cluttered background, nsfw"
mithril_legs,Митрильные поножи,5,legs,2,3,1:1,1024x1024,"Concept art for ""Митрильные поножи"", a single pair of fantasy leg armor (greaves / sabatons combined piece), symmetrical pair read as one item, light armor profile, flexible, low bulk, travel-ready, no movement restriction feel, crafted from mithril gleam (silver-white with faint blue tint), featherweight plates, sapphire rivets, masterwork, elven-smith finish, faintly magical, balanced composition, isolated single object, transparent or plain dark background, centered, full item visible, armor catalog orthographic clarity, no human, no hands wearing it, sharp focus, high detail, painterly fantasy icon, soft rim light, 1024x1024, cool blue rim light --ar 1:1","text, watermark, logo, signature, blurry, low quality, multiple separate armor sets, full suit spread out, human body, character wearing armor, cluttered background, nsfw"
heavy_mithril_gorget,Тяж. Митрильный горжет,5,neck,1,1,1:1,1024x1024,"Concept art for ""Тяж. Митрильный горжет"", a single fantasy gorget / neck guard collar armor piece, heavy armor profile, dense protective plates, high durability, imposing mass, slower silhouette, crafted from mithril gleam (silver-white with faint blue tint), featherweight plates, sapphire rivets, masterwork, elven-smith finish, faintly magical, balanced composition, helmet-centered, isolated single object, transparent or plain dark background, centered, full item visible, armor catalog orthographic clarity, no human, no hands wearing it, sharp focus, high detail, painterly fantasy icon, soft rim light, 1024x1024, cool blue rim light --ar 1:1","text, watermark, logo, signature, blurry, low quality, multiple separate armor sets, full suit spread out, human body, character wearing armor, cluttered background, nsfw"
medium_mithril_gorget,Средн. Митрильный горжет,5,neck,1,1,1:1,1024x1024,"Concept art for ""Средн. Митрильный горжет"", a single fantasy gorget / neck guard collar armor piece, medium armor profile, balanced protection and mobility, layered plates over padding, crafted from mithril gleam (silver-white with faint blue tint), featherweight plates, sapphire rivets, masterwork, elven-smith finish, faintly magical, balanced composition, helmet-centered, isolated single object, transparent or plain dark background, centered, full item visible, armor catalog orthographic clarity, no human, no hands wearing it, sharp focus, high detail, painterly fantasy icon, soft rim light, 1024x1024, cool blue rim light --ar 1:1","text, watermark, logo, signature, blurry, low quality, multiple separate armor sets, full suit spread out, human body, character wearing armor, cluttered background, nsfw"
mithril_gorget,Митрильный горжет,5,neck,1,1,1:1,1024x1024,"Concept art for ""Митрильный горжет"", a single fantasy gorget / neck guard collar armor piece, light armor profile, flexible, low bulk, travel-ready, no movement restriction feel, crafted from mithril gleam (silver-white with faint blue tint), featherweight plates, sapphire rivets, masterwork, elven-smith finish, faintly magical, balanced composition, helmet-centered, isolated single object, transparent or plain dark background, centered, full item visible, armor catalog orthographic clarity, no human, no hands wearing it, sharp focus, high detail, painterly fantasy icon, soft rim light, 1024x1024, cool blue rim light --ar 1:1","text, watermark, logo, signature, blurry, low quality, multiple separate armor sets, full suit spread out, human body, character wearing armor, cluttered background, nsfw"
heavy_mithril_bracer_right,Тяж. Митрильный наруч (п),5,rightArm,1,2,1:2,768x1536,"Concept art for ""Тяж. Митрильный наруч (п)"", a single fantasy arm armor piece for right arm (vambrace / bracer / pauldron cuff), heavy armor profile, dense protective plates, high durability, imposing mass, slower silhouette, crafted from mithril gleam (silver-white with faint blue tint), featherweight plates, sapphire rivets, masterwork, elven-smith finish, faintly magical, vertical orientation, armor piece upright, isolated single object, transparent or plain dark background, centered, full item visible, armor catalog orthographic clarity, no human, no hands wearing it, sharp focus, high detail, painterly fantasy icon, soft rim light, 768x1536, cool blue rim light --ar 1:2","text, watermark, logo, signature, blurry, low quality, multiple separate armor sets, full suit spread out, human body, character wearing armor, cluttered background, nsfw"
medium_mithril_bracer_right,Средн. Митрильный наруч (п),5,rightArm,1,2,1:2,768x1536,"Concept art for ""Средн. Митрильный наруч (п)"", a single fantasy arm armor piece for right arm (vambrace / bracer / pauldron cuff), medium armor profile, balanced protection and mobility, layered plates over padding, crafted from mithril gleam (silver-white with faint blue tint), featherweight plates, sapphire rivets, masterwork, elven-smith finish, faintly magical, vertical orientation, armor piece upright, isolated single object, transparent or plain dark background, centered, full item visible, armor catalog orthographic clarity, no human, no hands wearing it, sharp focus, high detail, painterly fantasy icon, soft rim light, 768x1536, cool blue rim light --ar 1:2","text, watermark, logo, signature, blurry, low quality, multiple separate armor sets, full suit spread out, human body, character wearing armor, cluttered background, nsfw"
mithril_bracer_right,Митрильный наруч (п),5,rightArm,1,2,1:2,768x1536,"Concept art for ""Митрильный наруч (п)"", a single fantasy arm armor piece for right arm (vambrace / bracer / pauldron cuff), light armor profile, flexible, low bulk, travel-ready, no movement restriction feel, crafted from mithril gleam (silver-white with faint blue tint), featherweight plates, sapphire rivets, masterwork, elven-smith finish, faintly magical, vertical orientation, armor piece upright, isolated single object, transparent or plain dark background, centered, full item visible, armor catalog orthographic clarity, no human, no hands wearing it, sharp focus, high detail, painterly fantasy icon, soft rim light, 768x1536, cool blue rim light --ar 1:2","text, watermark, logo, signature, blurry, low quality, multiple separate armor sets, full suit spread out, human body, character wearing armor, cluttered background, nsfw"
heavy_mithril_chest,Тяж. Митрильный нагрудник,5,torso,2,3,1:1,1024x1024,"Concept art for ""Тяж. Митрильный нагрудник"", a single fantasy torso armor piece (cuirass / breastplate / jack-of-plates), no limbs attached, heavy armor profile, dense protective plates, high durability, imposing mass, slower silhouette, crafted from mithril gleam (silver-white with faint blue tint), featherweight plates, sapphire rivets, masterwork, elven-smith finish, faintly magical, balanced composition, isolated single object, transparent or plain dark background, centered, full item visible, armor catalog orthographic clarity, no human, no hands wearing it, sharp focus, high detail, painterly fantasy icon, soft rim light, 1024x1024, cool blue rim light --ar 1:1","text, watermark, logo, signature, blurry, low quality, multiple separate armor sets, full suit spread out, human body, character wearing armor, cluttered background, nsfw"
medium_mithril_chest,Средн. Митрильный нагрудник,5,torso,2,3,1:1,1024x1024,"Concept art for ""Средн. Митрильный нагрудник"", a single fantasy torso armor piece (cuirass / breastplate / jack-of-plates), no limbs attached, medium armor profile, balanced protection and mobility, layered plates over padding, crafted from mithril gleam (silver-white with faint blue tint), featherweight plates, sapphire rivets, masterwork, elven-smith finish, faintly magical, balanced composition, isolated single object, transparent or plain dark background, centered, full item visible, armor catalog orthographic clarity, no human, no hands wearing it, sharp focus, high detail, painterly fantasy icon, soft rim light, 1024x1024, cool blue rim light --ar 1:1","text, watermark, logo, signature, blurry, low quality, multiple separate armor sets, full suit spread out, human body, character wearing armor, cluttered background, nsfw"
mithril_chest,Митрильный нагрудник,5,torso,2,3,1:1,1024x1024,"Concept art for ""Митрильный нагрудник"", a single fantasy torso armor piece (cuirass / breastplate / jack-of-plates), no limbs attached, light armor profile, flexible, low bulk, travel-ready, no movement restriction feel, crafted from mithril gleam (silver-white with faint blue tint), featherweight plates, sapphire rivets, masterwork, elven-smith finish, faintly magical, balanced composition, isolated single object, transparent or plain dark background, centered, full item visible, armor catalog orthographic clarity, no human, no hands wearing it, sharp focus, high detail, painterly fantasy icon, soft rim light, 1024x1024, cool blue rim light --ar 1:1","text, watermark, logo, signature, blurry, low quality, multiple separate armor sets, full suit spread out, human body, character wearing armor, cluttered background, nsfw"
darkiron_helm,Шлем тёмного железа,6,head,2,2,1:1,1024x1024,"Concept art for ""Шлем тёмного железа"", a single fantasy helmet / head armor piece (front-three-quarter view), clear silhouette, heavy armor profile, dense protective plates, high durability, imposing mass, slower silhouette, crafted from dark iron with subtle purple sheen, soot patina, silver runes etched into seams, heavy, ominous, infernal forge aesthetic, balanced composition, helmet-centered, isolated single object, transparent or plain dark background, centered, full item visible, armor catalog orthographic clarity, no human, no hands wearing it, sharp focus, high detail, painterly fantasy icon, soft rim light, 1024x1024, deep violet under-glow, faint ember particles --ar 1:1","text, watermark, logo, signature, blurry, low quality, multiple separate armor sets, full suit spread out, human body, character wearing armor, cluttered background, nsfw"
light_darkiron_helm,Лёгк. Шлем тёмного железа,6,head,2,2,1:1,1024x1024,"Concept art for ""Лёгк. Шлем тёмного железа"", a single fantasy helmet / head armor piece (front-three-quarter view), clear silhouette, light armor profile, flexible, low bulk, travel-ready, no movement restriction feel, crafted from dark iron with subtle purple sheen, soot patina, silver runes etched into seams, heavy, ominous, infernal forge aesthetic, balanced composition, helmet-centered, isolated single object, transparent or plain dark background, centered, full item visible, armor catalog orthographic clarity, no human, no hands wearing it, sharp focus, high detail, painterly fantasy icon, soft rim light, 1024x1024, deep violet under-glow, faint ember particles --ar 1:1","text, watermark, logo, signature, blurry, low quality, multiple separate armor sets, full suit spread out, human body, character wearing armor, cluttered background, nsfw"
medium_darkiron_helm,Средн. Шлем тёмного железа,6,head,2,2,1:1,1024x1024,"Concept art for ""Средн. Шлем тёмного железа"", a single fantasy helmet / head armor piece (front-three-quarter view), clear silhouette, medium armor profile, balanced protection and mobility, layered plates over padding, crafted from dark iron with subtle purple sheen, soot patina, silver runes etched into seams, heavy, ominous, infernal forge aesthetic, balanced composition, helmet-centered, isolated single object, transparent or plain dark background, centered, full item visible, armor catalog orthographic clarity, no human, no hands wearing it, sharp focus, high detail, painterly fantasy icon, soft rim light, 1024x1024, deep violet under-glow, faint ember particles --ar 1:1","text, watermark, logo, signature, blurry, low quality, multiple separate armor sets, full suit spread out, human body, character wearing armor, cluttered background, nsfw"
darkiron_bracer_left,Наруч тёмн. железа (л),6,leftArm,1,2,1:2,768x1536,"Concept art for ""Наруч тёмн. железа (л)"", a single fantasy arm armor piece for left arm (vambrace / bracer / pauldron cuff), heavy armor profile, dense protective plates, high durability, imposing mass, slower silhouette, crafted from dark iron with subtle purple sheen, soot patina, silver runes etched into seams, heavy, ominous, infernal forge aesthetic, vertical orientation, armor piece upright, isolated single object, transparent or plain dark background, centered, full item visible, armor catalog orthographic clarity, no human, no hands wearing it, sharp focus, high detail, painterly fantasy icon, soft rim light, 768x1536, deep violet under-glow, faint ember particles --ar 1:2","text, watermark, logo, signature, blurry, low quality, multiple separate armor sets, full suit spread out, human body, character wearing armor, cluttered background, nsfw"
light_darkiron_bracer_left,Лёгк. Наруч тёмн. железа (л),6,leftArm,1,2,1:2,768x1536,"Concept art for ""Лёгк. Наруч тёмн. железа (л)"", a single fantasy arm armor piece for left arm (vambrace / bracer / pauldron cuff), light armor profile, flexible, low bulk, travel-ready, no movement restriction feel, crafted from dark iron with subtle purple sheen, soot patina, silver runes etched into seams, heavy, ominous, infernal forge aesthetic, vertical orientation, armor piece upright, isolated single object, transparent or plain dark background, centered, full item visible, armor catalog orthographic clarity, no human, no hands wearing it, sharp focus, high detail, painterly fantasy icon, soft rim light, 768x1536, deep violet under-glow, faint ember particles --ar 1:2","text, watermark, logo, signature, blurry, low quality, multiple separate armor sets, full suit spread out, human body, character wearing armor, cluttered background, nsfw"
medium_darkiron_bracer_left,Средн. Наруч тёмн. железа (л),6,leftArm,1,2,1:2,768x1536,"Concept art for ""Средн. Наруч тёмн. железа (л)"", a single fantasy arm armor piece for left arm (vambrace / bracer / pauldron cuff), medium armor profile, balanced protection and mobility, layered plates over padding, crafted from dark iron with subtle purple sheen, soot patina, silver runes etched into seams, heavy, ominous, infernal forge aesthetic, vertical orientation, armor piece upright, isolated single object, transparent or plain dark background, centered, full item visible, armor catalog orthographic clarity, no human, no hands wearing it, sharp focus, high detail, painterly fantasy icon, soft rim light, 768x1536, deep violet under-glow, faint ember particles --ar 1:2","text, watermark, logo, signature, blurry, low quality, multiple separate armor sets, full suit spread out, human body, character wearing armor, cluttered background, nsfw"
darkiron_shield,Щит тёмного железа,6,leftHand,2,2,1:1,1024x1024,"Concept art for ""Щит тёмного железа"", a single fantasy shield (held vertically), kite/heater/tower silhouette, straps visible on back face, heavy shield profile, broad tower or war shield, thick solid face, high durability, imposing mass, crafted from dark iron with subtle purple sheen, soot patina, silver runes etched into seams, heavy, ominous, infernal forge aesthetic, balanced composition, helmet-centered, isolated single object, transparent or plain dark background, centered, full item visible, armor catalog orthographic clarity, no human, no hands wearing it, sharp focus, high detail, painterly fantasy icon, soft rim light, 1024x1024, deep violet under-glow, faint ember particles --ar 1:1","text, watermark, logo, signature, blurry, low quality, multiple separate armor sets, full suit spread out, human body, character wearing armor, cluttered background, nsfw, hole in center, cutout center, ring shield, donut shape, empty middle, broken missing center, transparent hole through shield"
light_darkiron_shield,Лёгк. Щит тёмного железа,6,leftHand,2,2,1:1,1024x1024,"Concept art for ""Лёгк. Щит тёмного железа"", a single fantasy shield (held vertically), kite/heater/tower silhouette, straps visible on back face, light shield profile, small agile buckler or heater shield, slim solid face, quick straps, crafted from dark iron with subtle purple sheen, soot patina, silver runes etched into seams, heavy, ominous, infernal forge aesthetic, balanced composition, helmet-centered, isolated single object, transparent or plain dark background, centered, full item visible, armor catalog orthographic clarity, no human, no hands wearing it, sharp focus, high detail, painterly fantasy icon, soft rim light, 1024x1024, deep violet under-glow, faint ember particles --ar 1:1","text, watermark, logo, signature, blurry, low quality, multiple separate armor sets, full suit spread out, human body, character wearing armor, cluttered background, nsfw, hole in center, cutout center, ring shield, donut shape, empty middle, broken missing center, transparent hole through shield"
medium_darkiron_shield,Средн. Щит тёмного железа,6,leftHand,2,2,1:1,1024x1024,"Concept art for ""Средн. Щит тёмного железа"", a single fantasy shield (held vertically), kite/heater/tower silhouette, straps visible on back face, medium shield profile, sturdy heater or kite shield, reinforced solid face, balanced weight, crafted from dark iron with subtle purple sheen, soot patina, silver runes etched into seams, heavy, ominous, infernal forge aesthetic, balanced composition, helmet-centered, isolated single object, transparent or plain dark background, centered, full item visible, armor catalog orthographic clarity, no human, no hands wearing it, sharp focus, high detail, painterly fantasy icon, soft rim light, 1024x1024, deep violet under-glow, faint ember particles --ar 1:1","text, watermark, logo, signature, blurry, low quality, multiple separate armor sets, full suit spread out, human body, character wearing armor, cluttered background, nsfw, hole in center, cutout center, ring shield, donut shape, empty middle, broken missing center, transparent hole through shield"
darkiron_legs,Поножи тёмного железа,6,legs,2,3,1:1,1024x1024,"Concept art for ""Поножи тёмного железа"", a single pair of fantasy leg armor (greaves / sabatons combined piece), symmetrical pair read as one item, heavy armor profile, dense protective plates, high durability, imposing mass, slower silhouette, crafted from dark iron with subtle purple sheen, soot patina, silver runes etched into seams, heavy, ominous, infernal forge aesthetic, balanced composition, isolated single object, transparent or plain dark background, centered, full item visible, armor catalog orthographic clarity, no human, no hands wearing it, sharp focus, high detail, painterly fantasy icon, soft rim light, 1024x1024, deep violet under-glow, faint ember particles --ar 1:1","text, watermark, logo, signature, blurry, low quality, multiple separate armor sets, full suit spread out, human body, character wearing armor, cluttered background, nsfw"
light_darkiron_legs,Лёгк. Поножи тёмного железа,6,legs,2,3,1:1,1024x1024,"Concept art for ""Лёгк. Поножи тёмного железа"", a single pair of fantasy leg armor (greaves / sabatons combined piece), symmetrical pair read as one item, light armor profile, flexible, low bulk, travel-ready, no movement restriction feel, crafted from dark iron with subtle purple sheen, soot patina, silver runes etched into seams, heavy, ominous, infernal forge aesthetic, balanced composition, isolated single object, transparent or plain dark background, centered, full item visible, armor catalog orthographic clarity, no human, no hands wearing it, sharp focus, high detail, painterly fantasy icon, soft rim light, 1024x1024, deep violet under-glow, faint ember particles --ar 1:1","text, watermark, logo, signature, blurry, low quality, multiple separate armor sets, full suit spread out, human body, character wearing armor, cluttered background, nsfw"
medium_darkiron_legs,Средн. Поножи тёмного железа,6,legs,2,3,1:1,1024x1024,"Concept art for ""Средн. Поножи тёмного железа"", a single pair of fantasy leg armor (greaves / sabatons combined piece), symmetrical pair read as one item, medium armor profile, balanced protection and mobility, layered plates over padding, crafted from dark iron with subtle purple sheen, soot patina, silver runes etched into seams, heavy, ominous, infernal forge aesthetic, balanced composition, isolated single object, transparent or plain dark background, centered, full item visible, armor catalog orthographic clarity, no human, no hands wearing it, sharp focus, high detail, painterly fantasy icon, soft rim light, 1024x1024, deep violet under-glow, faint ember particles --ar 1:1","text, watermark, logo, signature, blurry, low quality, multiple separate armor sets, full suit spread out, human body, character wearing armor, cluttered background, nsfw"
darkiron_gorget,Горжет тёмн. железа,6,neck,1,1,1:1,1024x1024,"Concept art for ""Горжет тёмн. железа"", a single fantasy gorget / neck guard collar armor piece, heavy armor profile, dense protective plates, high durability, imposing mass, slower silhouette, crafted from dark iron with subtle purple sheen, soot patina, silver runes etched into seams, heavy, ominous, infernal forge aesthetic, balanced composition, helmet-centered, isolated single object, transparent or plain dark background, centered, full item visible, armor catalog orthographic clarity, no human, no hands wearing it, sharp focus, high detail, painterly fantasy icon, soft rim light, 1024x1024, deep violet under-glow, faint ember particles --ar 1:1","text, watermark, logo, signature, blurry, low quality, multiple separate armor sets, full suit spread out, human body, character wearing armor, cluttered background, nsfw"
light_darkiron_gorget,Лёгк. Горжет тёмн. железа,6,neck,1,1,1:1,1024x1024,"Concept art for ""Лёгк. Горжет тёмн. железа"", a single fantasy gorget / neck guard collar armor piece, light armor profile, flexible, low bulk, travel-ready, no movement restriction feel, crafted from dark iron with subtle purple sheen, soot patina, silver runes etched into seams, heavy, ominous, infernal forge aesthetic, balanced composition, helmet-centered, isolated single object, transparent or plain dark background, centered, full item visible, armor catalog orthographic clarity, no human, no hands wearing it, sharp focus, high detail, painterly fantasy icon, soft rim light, 1024x1024, deep violet under-glow, faint ember particles --ar 1:1","text, watermark, logo, signature, blurry, low quality, multiple separate armor sets, full suit spread out, human body, character wearing armor, cluttered background, nsfw"
medium_darkiron_gorget,Средн. Горжет тёмн. железа,6,neck,1,1,1:1,1024x1024,"Concept art for ""Средн. Горжет тёмн. железа"", a single fantasy gorget / neck guard collar armor piece, medium armor profile, balanced protection and mobility, layered plates over padding, crafted from dark iron with subtle purple sheen, soot patina, silver runes etched into seams, heavy, ominous, infernal forge aesthetic, balanced composition, helmet-centered, isolated single object, transparent or plain dark background, centered, full item visible, armor catalog orthographic clarity, no human, no hands wearing it, sharp focus, high detail, painterly fantasy icon, soft rim light, 1024x1024, deep violet under-glow, faint ember particles --ar 1:1","text, watermark, logo, signature, blurry, low quality, multiple separate armor sets, full suit spread out, human body, character wearing armor, cluttered background, nsfw"
darkiron_bracer_right,Наруч тёмн. железа (п),6,rightArm,1,2,1:2,768x1536,"Concept art for ""Наруч тёмн. железа (п)"", a single fantasy arm armor piece for right arm (vambrace / bracer / pauldron cuff), heavy armor profile, dense protective plates, high durability, imposing mass, slower silhouette, crafted from dark iron with subtle purple sheen, soot patina, silver runes etched into seams, heavy, ominous, infernal forge aesthetic, vertical orientation, armor piece upright, isolated single object, transparent or plain dark background, centered, full item visible, armor catalog orthographic clarity, no human, no hands wearing it, sharp focus, high detail, painterly fantasy icon, soft rim light, 768x1536, deep violet under-glow, faint ember particles --ar 1:2","text, watermark, logo, signature, blurry, low quality, multiple separate armor sets, full suit spread out, human body, character wearing armor, cluttered background, nsfw"
light_darkiron_bracer_right,Лёгк. Наруч тёмн. железа (п),6,rightArm,1,2,1:2,768x1536,"Concept art for ""Лёгк. Наруч тёмн. железа (п)"", a single fantasy arm armor piece for right arm (vambrace / bracer / pauldron cuff), light armor profile, flexible, low bulk, travel-ready, no movement restriction feel, crafted from dark iron with subtle purple sheen, soot patina, silver runes etched into seams, heavy, ominous, infernal forge aesthetic, vertical orientation, armor piece upright, isolated single object, transparent or plain dark background, centered, full item visible, armor catalog orthographic clarity, no human, no hands wearing it, sharp focus, high detail, painterly fantasy icon, soft rim light, 768x1536, deep violet under-glow, faint ember particles --ar 1:2","text, watermark, logo, signature, blurry, low quality, multiple separate armor sets, full suit spread out, human body, character wearing armor, cluttered background, nsfw"
medium_darkiron_bracer_right,Средн. Наруч тёмн. железа (п),6,rightArm,1,2,1:2,768x1536,"Concept art for ""Средн. Наруч тёмн. железа (п)"", a single fantasy arm armor piece for right arm (vambrace / bracer / pauldron cuff), medium armor profile, balanced protection and mobility, layered plates over padding, crafted from dark iron with subtle purple sheen, soot patina, silver runes etched into seams, heavy, ominous, infernal forge aesthetic, vertical orientation, armor piece upright, isolated single object, transparent or plain dark background, centered, full item visible, armor catalog orthographic clarity, no human, no hands wearing it, sharp focus, high detail, painterly fantasy icon, soft rim light, 768x1536, deep violet under-glow, faint ember particles --ar 1:2","text, watermark, logo, signature, blurry, low quality, multiple separate armor sets, full suit spread out, human body, character wearing armor, cluttered background, nsfw"
darkiron_chest,Латы тёмного железа,6,torso,2,3,1:1,1024x1024,"Concept art for ""Латы тёмного железа"", a single fantasy torso armor piece (cuirass / breastplate / jack-of-plates), no limbs attached, heavy armor profile, dense protective plates, high durability, imposing mass, slower silhouette, crafted from dark iron with subtle purple sheen, soot patina, silver runes etched into seams, heavy, ominous, infernal forge aesthetic, balanced composition, isolated single object, transparent or plain dark background, centered, full item visible, armor catalog orthographic clarity, no human, no hands wearing it, sharp focus, high detail, painterly fantasy icon, soft rim light, 1024x1024, deep violet under-glow, faint ember particles --ar 1:1","text, watermark, logo, signature, blurry, low quality, multiple separate armor sets, full suit spread out, human body, character wearing armor, cluttered background, nsfw"
light_darkiron_chest,Лёгк. Латы тёмного железа,6,torso,2,3,1:1,1024x1024,"Concept art for ""Лёгк. Латы тёмного железа"", a single fantasy torso armor piece (cuirass / breastplate / jack-of-plates), no limbs attached, light armor profile, flexible, low bulk, travel-ready, no movement restriction feel, crafted from dark iron with subtle purple sheen, soot patina, silver runes etched into seams, heavy, ominous, infernal forge aesthetic, balanced composition, isolated single object, transparent or plain dark background, centered, full item visible, armor catalog orthographic clarity, no human, no hands wearing it, sharp focus, high detail, painterly fantasy icon, soft rim light, 1024x1024, deep violet under-glow, faint ember particles --ar 1:1","text, watermark, logo, signature, blurry, low quality, multiple separate armor sets, full suit spread out, human body, character wearing armor, cluttered background, nsfw"
medium_darkiron_chest,Средн. Латы тёмного железа,6,torso,2,3,1:1,1024x1024,"Concept art for ""Средн. Латы тёмного железа"", a single fantasy torso armor piece (cuirass / breastplate / jack-of-plates), no limbs attached, medium armor profile, balanced protection and mobility, layered plates over padding, crafted from dark iron with subtle purple sheen, soot patina, silver runes etched into seams, heavy, ominous, infernal forge aesthetic, balanced composition, isolated single object, transparent or plain dark background, centered, full item visible, armor catalog orthographic clarity, no human, no hands wearing it, sharp focus, high detail, painterly fantasy icon, soft rim light, 1024x1024, deep violet under-glow, faint ember particles --ar 1:1","text, watermark, logo, signature, blurry, low quality, multiple separate armor sets, full suit spread out, human body, character wearing armor, cluttered background, nsfw"
heavy_star_helm,Тяж. Шлем звёздного металла,7,head,2,2,1:1,1024x1024,"Concept art for ""Тяж. Шлем звёздного металла"", a single fantasy helmet / head armor piece (front-three-quarter view), clear silhouette, heavy armor profile, dense protective plates, high durability, imposing mass, slower silhouette, crafted from starmetal (blue-black metal with starfield shimmer), void-crystal studs, faint smoke wisps, cosmic horror luxury, unsettling elegance, balanced composition, helmet-centered, isolated single object, transparent or plain dark background, centered, full item visible, armor catalog orthographic clarity, no human, no hands wearing it, sharp focus, high detail, painterly fantasy icon, soft rim light, 1024x1024, cosmic violet and starfield bokeh --ar 1:1","text, watermark, logo, signature, blurry, low quality, multiple separate armor sets, full suit spread out, human body, character wearing armor, cluttered background, nsfw"
light_star_helm,Лёгк. Шлем звёздного металла,7,head,2,2,1:1,1024x1024,"Concept art for ""Лёгк. Шлем звёздного металла"", a single fantasy helmet / head armor piece (front-three-quarter view), clear silhouette, light armor profile, flexible, low bulk, travel-ready, no movement restriction feel, crafted from starmetal (blue-black metal with starfield shimmer), void-crystal studs, faint smoke wisps, cosmic horror luxury, unsettling elegance, balanced composition, helmet-centered, isolated single object, transparent or plain dark background, centered, full item visible, armor catalog orthographic clarity, no human, no hands wearing it, sharp focus, high detail, painterly fantasy icon, soft rim light, 1024x1024, cosmic violet and starfield bokeh --ar 1:1","text, watermark, logo, signature, blurry, low quality, multiple separate armor sets, full suit spread out, human body, character wearing armor, cluttered background, nsfw"
star_helm,Шлем звёздного металла,7,head,2,2,1:1,1024x1024,"Concept art for ""Шлем звёздного металла"", a single fantasy helmet / head armor piece (front-three-quarter view), clear silhouette, medium armor profile, balanced protection and mobility, layered plates over padding, crafted from starmetal (blue-black metal with starfield shimmer), void-crystal studs, faint smoke wisps, cosmic horror luxury, unsettling elegance, balanced composition, helmet-centered, isolated single object, transparent or plain dark background, centered, full item visible, armor catalog orthographic clarity, no human, no hands wearing it, sharp focus, high detail, painterly fantasy icon, soft rim light, 1024x1024, cosmic violet and starfield bokeh --ar 1:1","text, watermark, logo, signature, blurry, low quality, multiple separate armor sets, full suit spread out, human body, character wearing armor, cluttered background, nsfw"
heavy_void_bracer_left,Тяж. Наруч Пустоты (л),7,leftArm,1,2,1:2,768x1536,"Concept art for ""Тяж. Наруч Пустоты (л)"", a single fantasy arm armor piece for left arm (vambrace / bracer / pauldron cuff), heavy armor profile, dense protective plates, high durability, imposing mass, slower silhouette, crafted from starmetal (blue-black metal with starfield shimmer), void-crystal studs, faint smoke wisps, cosmic horror luxury, unsettling elegance, vertical orientation, armor piece upright, isolated single object, transparent or plain dark background, centered, full item visible, armor catalog orthographic clarity, no human, no hands wearing it, sharp focus, high detail, painterly fantasy icon, soft rim light, 768x1536, cosmic violet and starfield bokeh --ar 1:2","text, watermark, logo, signature, blurry, low quality, multiple separate armor sets, full suit spread out, human body, character wearing armor, cluttered background, nsfw"
light_void_bracer_left,Лёгк. Наруч Пустоты (л),7,leftArm,1,2,1:2,768x1536,"Concept art for ""Лёгк. Наруч Пустоты (л)"", a single fantasy arm armor piece for left arm (vambrace / bracer / pauldron cuff), light armor profile, flexible, low bulk, travel-ready, no movement restriction feel, crafted from starmetal (blue-black metal with starfield shimmer), void-crystal studs, faint smoke wisps, cosmic horror luxury, unsettling elegance, vertical orientation, armor piece upright, isolated single object, transparent or plain dark background, centered, full item visible, armor catalog orthographic clarity, no human, no hands wearing it, sharp focus, high detail, painterly fantasy icon, soft rim light, 768x1536, cosmic violet and starfield bokeh --ar 1:2","text, watermark, logo, signature, blurry, low quality, multiple separate armor sets, full suit spread out, human body, character wearing armor, cluttered background, nsfw"
void_bracer_left,Наруч Пустоты (л),7,leftArm,1,2,1:2,768x1536,"Concept art for ""Наруч Пустоты (л)"", a single fantasy arm armor piece for left arm (vambrace / bracer / pauldron cuff), medium armor profile, balanced protection and mobility, layered plates over padding, crafted from starmetal (blue-black metal with starfield shimmer), void-crystal studs, faint smoke wisps, cosmic horror luxury, unsettling elegance, vertical orientation, armor piece upright, isolated single object, transparent or plain dark background, centered, full item visible, armor catalog orthographic clarity, no human, no hands wearing it, sharp focus, high detail, painterly fantasy icon, soft rim light, 768x1536, cosmic violet and starfield bokeh --ar 1:2","text, watermark, logo, signature, blurry, low quality, multiple separate armor sets, full suit spread out, human body, character wearing armor, cluttered background, nsfw"
heavy_starmetal_shield,Тяж. Щит звёздного металла,7,leftHand,2,2,1:1,1024x1024,"Concept art for ""Тяж. Щит звёздного металла"", a single fantasy shield (held vertically), kite/heater/tower silhouette, straps visible on back face, heavy shield profile, broad tower or war shield, thick solid face, high durability, imposing mass, crafted from starmetal (blue-black metal with starfield shimmer), void-crystal studs, faint smoke wisps, cosmic horror luxury, unsettling elegance, balanced composition, helmet-centered, isolated single object, transparent or plain dark background, centered, full item visible, armor catalog orthographic clarity, no human, no hands wearing it, sharp focus, high detail, painterly fantasy icon, soft rim light, 1024x1024, cosmic violet and starfield bokeh --ar 1:1","text, watermark, logo, signature, blurry, low quality, multiple separate armor sets, full suit spread out, human body, character wearing armor, cluttered background, nsfw, hole in center, cutout center, ring shield, donut shape, empty middle, broken missing center, transparent hole through shield"
light_starmetal_shield,Лёгк. Щит звёздного металла,7,leftHand,2,2,1:1,1024x1024,"Concept art for ""Лёгк. Щит звёздного металла"", a single fantasy shield (held vertically), kite/heater/tower silhouette, straps visible on back face, light shield profile, small agile buckler or heater shield, slim solid face, quick straps, crafted from starmetal (blue-black metal with starfield shimmer), void-crystal studs, faint smoke wisps, cosmic horror luxury, unsettling elegance, balanced composition, helmet-centered, isolated single object, transparent or plain dark background, centered, full item visible, armor catalog orthographic clarity, no human, no hands wearing it, sharp focus, high detail, painterly fantasy icon, soft rim light, 1024x1024, cosmic violet and starfield bokeh --ar 1:1","text, watermark, logo, signature, blurry, low quality, multiple separate armor sets, full suit spread out, human body, character wearing armor, cluttered background, nsfw, hole in center, cutout center, ring shield, donut shape, empty middle, broken missing center, transparent hole through shield"
starmetal_shield,Щит звёздного металла,7,leftHand,2,2,1:1,1024x1024,"Concept art for ""Щит звёздного металла"", a single fantasy shield (held vertically), kite/heater/tower silhouette, straps visible on back face, medium shield profile, sturdy heater or kite shield, reinforced solid face, balanced weight, crafted from starmetal (blue-black metal with starfield shimmer), void-crystal studs, faint smoke wisps, cosmic horror luxury, unsettling elegance, balanced composition, helmet-centered, isolated single object, transparent or plain dark background, centered, full item visible, armor catalog orthographic clarity, no human, no hands wearing it, sharp focus, high detail, painterly fantasy icon, soft rim light, 1024x1024, cosmic violet and starfield bokeh --ar 1:1","text, watermark, logo, signature, blurry, low quality, multiple separate armor sets, full suit spread out, human body, character wearing armor, cluttered background, nsfw, hole in center, cutout center, ring shield, donut shape, empty middle, broken missing center, transparent hole through shield"
heavy_void_legs,Тяж. Поножи звёздного металла,7,legs,2,3,1:1,1024x1024,"Concept art for ""Тяж. Поножи звёздного металла"", a single pair of fantasy leg armor (greaves / sabatons combined piece), symmetrical pair read as one item, heavy armor profile, dense protective plates, high durability, imposing mass, slower silhouette, crafted from starmetal (blue-black metal with starfield shimmer), void-crystal studs, faint smoke wisps, cosmic horror luxury, unsettling elegance, balanced composition, isolated single object, transparent or plain dark background, centered, full item visible, armor catalog orthographic clarity, no human, no hands wearing it, sharp focus, high detail, painterly fantasy icon, soft rim light, 1024x1024, cosmic violet and starfield bokeh --ar 1:1","text, watermark, logo, signature, blurry, low quality, multiple separate armor sets, full suit spread out, human body, character wearing armor, cluttered background, nsfw"
light_void_legs,Лёгк. Поножи звёздного металла,7,legs,2,3,1:1,1024x1024,"Concept art for ""Лёгк. Поножи звёздного металла"", a single pair of fantasy leg armor (greaves / sabatons combined piece), symmetrical pair read as one item, light armor profile, flexible, low bulk, travel-ready, no movement restriction feel, crafted from starmetal (blue-black metal with starfield shimmer), void-crystal studs, faint smoke wisps, cosmic horror luxury, unsettling elegance, balanced composition, isolated single object, transparent or plain dark background, centered, full item visible, armor catalog orthographic clarity, no human, no hands wearing it, sharp focus, high detail, painterly fantasy icon, soft rim light, 1024x1024, cosmic violet and starfield bokeh --ar 1:1","text, watermark, logo, signature, blurry, low quality, multiple separate armor sets, full suit spread out, human body, character wearing armor, cluttered background, nsfw"
void_legs,Поножи звёздного металла,7,legs,2,3,1:1,1024x1024,"Concept art for ""Поножи звёздного металла"", a single pair of fantasy leg armor (greaves / sabatons combined piece), symmetrical pair read as one item, medium armor profile, balanced protection and mobility, layered plates over padding, crafted from starmetal (blue-black metal with starfield shimmer), void-crystal studs, faint smoke wisps, cosmic horror luxury, unsettling elegance, balanced composition, isolated single object, transparent or plain dark background, centered, full item visible, armor catalog orthographic clarity, no human, no hands wearing it, sharp focus, high detail, painterly fantasy icon, soft rim light, 1024x1024, cosmic violet and starfield bokeh --ar 1:1","text, watermark, logo, signature, blurry, low quality, multiple separate armor sets, full suit spread out, human body, character wearing armor, cluttered background, nsfw"
heavy_void_gorget,Тяж. Звёздный горжет,7,neck,1,1,1:1,1024x1024,"Concept art for ""Тяж. Звёздный горжет"", a single fantasy gorget / neck guard collar armor piece, heavy armor profile, dense protective plates, high durability, imposing mass, slower silhouette, crafted from starmetal (blue-black metal with starfield shimmer), void-crystal studs, faint smoke wisps, cosmic horror luxury, unsettling elegance, balanced composition, helmet-centered, isolated single object, transparent or plain dark background, centered, full item visible, armor catalog orthographic clarity, no human, no hands wearing it, sharp focus, high detail, painterly fantasy icon, soft rim light, 1024x1024, cosmic violet and starfield bokeh --ar 1:1","text, watermark, logo, signature, blurry, low quality, multiple separate armor sets, full suit spread out, human body, character wearing armor, cluttered background, nsfw"
light_void_gorget,Лёгк. Звёздный горжет,7,neck,1,1,1:1,1024x1024,"Concept art for ""Лёгк. Звёздный горжет"", a single fantasy gorget / neck guard collar armor piece, light armor profile, flexible, low bulk, travel-ready, no movement restriction feel, crafted from starmetal (blue-black metal with starfield shimmer), void-crystal studs, faint smoke wisps, cosmic horror luxury, unsettling elegance, balanced composition, helmet-centered, isolated single object, transparent or plain dark background, centered, full item visible, armor catalog orthographic clarity, no human, no hands wearing it, sharp focus, high detail, painterly fantasy icon, soft rim light, 1024x1024, cosmic violet and starfield bokeh --ar 1:1","text, watermark, logo, signature, blurry, low quality, multiple separate armor sets, full suit spread out, human body, character wearing armor, cluttered background, nsfw"
void_gorget,Звёздный горжет,7,neck,1,1,1:1,1024x1024,"Concept art for ""Звёздный горжет"", a single fantasy gorget / neck guard collar armor piece, medium armor profile, balanced protection and mobility, layered plates over padding, crafted from starmetal (blue-black metal with starfield shimmer), void-crystal studs, faint smoke wisps, cosmic horror luxury, unsettling elegance, balanced composition, helmet-centered, isolated single object, transparent or plain dark background, centered, full item visible, armor catalog orthographic clarity, no human, no hands wearing it, sharp focus, high detail, painterly fantasy icon, soft rim light, 1024x1024, cosmic violet and starfield bokeh --ar 1:1","text, watermark, logo, signature, blurry, low quality, multiple separate armor sets, full suit spread out, human body, character wearing armor, cluttered background, nsfw"
heavy_void_bracer_right,Тяж. Наруч Пустоты (п),7,rightArm,1,2,1:2,768x1536,"Concept art for ""Тяж. Наруч Пустоты (п)"", a single fantasy arm armor piece for right arm (vambrace / bracer / pauldron cuff), heavy armor profile, dense protective plates, high durability, imposing mass, slower silhouette, crafted from starmetal (blue-black metal with starfield shimmer), void-crystal studs, faint smoke wisps, cosmic horror luxury, unsettling elegance, vertical orientation, armor piece upright, isolated single object, transparent or plain dark background, centered, full item visible, armor catalog orthographic clarity, no human, no hands wearing it, sharp focus, high detail, painterly fantasy icon, soft rim light, 768x1536, cosmic violet and starfield bokeh --ar 1:2","text, watermark, logo, signature, blurry, low quality, multiple separate armor sets, full suit spread out, human body, character wearing armor, cluttered background, nsfw"
light_void_bracer_right,Лёгк. Наруч Пустоты (п),7,rightArm,1,2,1:2,768x1536,"Concept art for ""Лёгк. Наруч Пустоты (п)"", a single fantasy arm armor piece for right arm (vambrace / bracer / pauldron cuff), light armor profile, flexible, low bulk, travel-ready, no movement restriction feel, crafted from starmetal (blue-black metal with starfield shimmer), void-crystal studs, faint smoke wisps, cosmic horror luxury, unsettling elegance, vertical orientation, armor piece upright, isolated single object, transparent or plain dark background, centered, full item visible, armor catalog orthographic clarity, no human, no hands wearing it, sharp focus, high detail, painterly fantasy icon, soft rim light, 768x1536, cosmic violet and starfield bokeh --ar 1:2","text, watermark, logo, signature, blurry, low quality, multiple separate armor sets, full suit spread out, human body, character wearing armor, cluttered background, nsfw"
void_bracer_right,Наруч Пустоты (п),7,rightArm,1,2,1:2,768x1536,"Concept art for ""Наруч Пустоты (п)"", a single fantasy arm armor piece for right arm (vambrace / bracer / pauldron cuff), medium armor profile, balanced protection and mobility, layered plates over padding, crafted from starmetal (blue-black metal with starfield shimmer), void-crystal studs, faint smoke wisps, cosmic horror luxury, unsettling elegance, vertical orientation, armor piece upright, isolated single object, transparent or plain dark background, centered, full item visible, armor catalog orthographic clarity, no human, no hands wearing it, sharp focus, high detail, painterly fantasy icon, soft rim light, 768x1536, cosmic violet and starfield bokeh --ar 1:2","text, watermark, logo, signature, blurry, low quality, multiple separate armor sets, full suit spread out, human body, character wearing armor, cluttered background, nsfw"
heavy_void_armor,Тяж. Доспех Пустоты,7,torso,2,3,1:1,1024x1024,"Concept art for ""Тяж. Доспех Пустоты"", a single fantasy torso armor piece (cuirass / breastplate / jack-of-plates), no limbs attached, heavy armor profile, dense protective plates, high durability, imposing mass, slower silhouette, crafted from starmetal (blue-black metal with starfield shimmer), void-crystal studs, faint smoke wisps, cosmic horror luxury, unsettling elegance, balanced composition, isolated single object, transparent or plain dark background, centered, full item visible, armor catalog orthographic clarity, no human, no hands wearing it, sharp focus, high detail, painterly fantasy icon, soft rim light, 1024x1024, cosmic violet and starfield bokeh --ar 1:1","text, watermark, logo, signature, blurry, low quality, multiple separate armor sets, full suit spread out, human body, character wearing armor, cluttered background, nsfw"
light_void_armor,Лёгк. Доспех Пустоты,7,torso,2,3,1:1,1024x1024,"Concept art for ""Лёгк. Доспех Пустоты"", a single fantasy torso armor piece (cuirass / breastplate / jack-of-plates), no limbs attached, light armor profile, flexible, low bulk, travel-ready, no movement restriction feel, crafted from starmetal (blue-black metal with starfield shimmer), void-crystal studs, faint smoke wisps, cosmic horror luxury, unsettling elegance, balanced composition, isolated single object, transparent or plain dark background, centered, full item visible, armor catalog orthographic clarity, no human, no hands wearing it, sharp focus, high detail, painterly fantasy icon, soft rim light, 1024x1024, cosmic violet and starfield bokeh --ar 1:1","text, watermark, logo, signature, blurry, low quality, multiple separate armor sets, full suit spread out, human body, character wearing armor, cluttered background, nsfw"
void_armor,Доспех Пустоты,7,torso,2,3,1:1,1024x1024,"Concept art for ""Доспех Пустоты"", a single fantasy torso armor piece (cuirass / breastplate / jack-of-plates), no limbs attached, medium armor profile, balanced protection and mobility, layered plates over padding, crafted from starmetal (blue-black metal with starfield shimmer), void-crystal studs, faint smoke wisps, cosmic horror luxury, unsettling elegance, balanced composition, isolated single object, transparent or plain dark background, centered, full item visible, armor catalog orthographic clarity, no human, no hands wearing it, sharp focus, high detail, painterly fantasy icon, soft rim light, 1024x1024, cosmic violet and starfield bokeh --ar 1:1","text, watermark, logo, signature, blurry, low quality, multiple separate armor sets, full suit spread out, human body, character wearing armor, cluttered background, nsfw"
celestial_helm,Небесный шлем,8,head,2,2,1:1,1024x1024,"Concept art for ""Небесный шлем"", a single fantasy helmet / head armor piece (front-three-quarter view), clear silhouette, medium armor profile, balanced protection and mobility, layered plates over padding, crafted from celestial steel (pearlescent silver), gold filigree halos, feather engravings, angelic crusader aesthetic, immaculate, balanced composition, helmet-centered, isolated single object, transparent or plain dark background, centered, full item visible, armor catalog orthographic clarity, no human, no hands wearing it, sharp focus, high detail, painterly fantasy icon, soft rim light, 1024x1024, soft heavenly radiance, lens glow --ar 1:1","text, watermark, logo, signature, blurry, low quality, multiple separate armor sets, full suit spread out, human body, character wearing armor, cluttered background, nsfw"
heavy_celestial_helm,Тяж. Небесный шлем,8,head,2,2,1:1,1024x1024,"Concept art for ""Тяж. Небесный шлем"", a single fantasy helmet / head armor piece (front-three-quarter view), clear silhouette, heavy armor profile, dense protective plates, high durability, imposing mass, slower silhouette, crafted from celestial steel (pearlescent silver), gold filigree halos, feather engravings, angelic crusader aesthetic, immaculate, balanced composition, helmet-centered, isolated single object, transparent or plain dark background, centered, full item visible, armor catalog orthographic clarity, no human, no hands wearing it, sharp focus, high detail, painterly fantasy icon, soft rim light, 1024x1024, soft heavenly radiance, lens glow --ar 1:1","text, watermark, logo, signature, blurry, low quality, multiple separate armor sets, full suit spread out, human body, character wearing armor, cluttered background, nsfw"
light_celestial_helm,Лёгк. Небесный шлем,8,head,2,2,1:1,1024x1024,"Concept art for ""Лёгк. Небесный шлем"", a single fantasy helmet / head armor piece (front-three-quarter view), clear silhouette, light armor profile, flexible, low bulk, travel-ready, no movement restriction feel, crafted from celestial steel (pearlescent silver), gold filigree halos, feather engravings, angelic crusader aesthetic, immaculate, balanced composition, helmet-centered, isolated single object, transparent or plain dark background, centered, full item visible, armor catalog orthographic clarity, no human, no hands wearing it, sharp focus, high detail, painterly fantasy icon, soft rim light, 1024x1024, soft heavenly radiance, lens glow --ar 1:1","text, watermark, logo, signature, blurry, low quality, multiple separate armor sets, full suit spread out, human body, character wearing armor, cluttered background, nsfw"
celestial_bracer_left,Небесный наруч (л),8,leftArm,1,2,1:2,768x1536,"Concept art for ""Небесный наруч (л)"", a single fantasy arm armor piece for left arm (vambrace / bracer / pauldron cuff), medium armor profile, balanced protection and mobility, layered plates over padding, crafted from celestial steel (pearlescent silver), gold filigree halos, feather engravings, angelic crusader aesthetic, immaculate, vertical orientation, armor piece upright, isolated single object, transparent or plain dark background, centered, full item visible, armor catalog orthographic clarity, no human, no hands wearing it, sharp focus, high detail, painterly fantasy icon, soft rim light, 768x1536, soft heavenly radiance, lens glow --ar 1:2","text, watermark, logo, signature, blurry, low quality, multiple separate armor sets, full suit spread out, human body, character wearing armor, cluttered background, nsfw"
heavy_celestial_bracer_left,Тяж. Небесный наруч (л),8,leftArm,1,2,1:2,768x1536,"Concept art for ""Тяж. Небесный наруч (л)"", a single fantasy arm armor piece for left arm (vambrace / bracer / pauldron cuff), heavy armor profile, dense protective plates, high durability, imposing mass, slower silhouette, crafted from celestial steel (pearlescent silver), gold filigree halos, feather engravings, angelic crusader aesthetic, immaculate, vertical orientation, armor piece upright, isolated single object, transparent or plain dark background, centered, full item visible, armor catalog orthographic clarity, no human, no hands wearing it, sharp focus, high detail, painterly fantasy icon, soft rim light, 768x1536, soft heavenly radiance, lens glow --ar 1:2","text, watermark, logo, signature, blurry, low quality, multiple separate armor sets, full suit spread out, human body, character wearing armor, cluttered background, nsfw"
light_celestial_bracer_left,Лёгк. Небесный наруч (л),8,leftArm,1,2,1:2,768x1536,"Concept art for ""Лёгк. Небесный наруч (л)"", a single fantasy arm armor piece for left arm (vambrace / bracer / pauldron cuff), light armor profile, flexible, low bulk, travel-ready, no movement restriction feel, crafted from celestial steel (pearlescent silver), gold filigree halos, feather engravings, angelic crusader aesthetic, immaculate, vertical orientation, armor piece upright, isolated single object, transparent or plain dark background, centered, full item visible, armor catalog orthographic clarity, no human, no hands wearing it, sharp focus, high detail, painterly fantasy icon, soft rim light, 768x1536, soft heavenly radiance, lens glow --ar 1:2","text, watermark, logo, signature, blurry, low quality, multiple separate armor sets, full suit spread out, human body, character wearing armor, cluttered background, nsfw"
celestial_shield,Небесный щит,8,leftHand,2,2,1:1,1024x1024,"Concept art for ""Небесный щит"", a single fantasy shield (held vertically), kite/heater/tower silhouette, straps visible on back face, medium shield profile, sturdy heater or kite shield, reinforced solid face, balanced weight, crafted from celestial steel (pearlescent silver), gold filigree halos, feather engravings, angelic crusader aesthetic, immaculate, balanced composition, helmet-centered, isolated single object, transparent or plain dark background, centered, full item visible, armor catalog orthographic clarity, no human, no hands wearing it, sharp focus, high detail, painterly fantasy icon, soft rim light, 1024x1024, soft heavenly radiance, lens glow --ar 1:1","text, watermark, logo, signature, blurry, low quality, multiple separate armor sets, full suit spread out, human body, character wearing armor, cluttered background, nsfw, hole in center, cutout center, ring shield, donut shape, empty middle, broken missing center, transparent hole through shield"
heavy_celestial_shield,Тяж. Небесный щит,8,leftHand,2,2,1:1,1024x1024,"Concept art for ""Тяж. Небесный щит"", a single fantasy shield (held vertically), kite/heater/tower silhouette, straps visible on back face, heavy shield profile, broad tower or war shield, thick solid face, high durability, imposing mass, crafted from celestial steel (pearlescent silver), gold filigree halos, feather engravings, angelic crusader aesthetic, immaculate, balanced composition, helmet-centered, isolated single object, transparent or plain dark background, centered, full item visible, armor catalog orthographic clarity, no human, no hands wearing it, sharp focus, high detail, painterly fantasy icon, soft rim light, 1024x1024, soft heavenly radiance, lens glow --ar 1:1","text, watermark, logo, signature, blurry, low quality, multiple separate armor sets, full suit spread out, human body, character wearing armor, cluttered background, nsfw, hole in center, cutout center, ring shield, donut shape, empty middle, broken missing center, transparent hole through shield"
light_celestial_shield,Лёгк. Небесный щит,8,leftHand,2,2,1:1,1024x1024,"Concept art for ""Лёгк. Небесный щит"", a single fantasy shield (held vertically), kite/heater/tower silhouette, straps visible on back face, light shield profile, small agile buckler or heater shield, slim solid face, quick straps, crafted from celestial steel (pearlescent silver), gold filigree halos, feather engravings, angelic crusader aesthetic, immaculate, balanced composition, helmet-centered, isolated single object, transparent or plain dark background, centered, full item visible, armor catalog orthographic clarity, no human, no hands wearing it, sharp focus, high detail, painterly fantasy icon, soft rim light, 1024x1024, soft heavenly radiance, lens glow --ar 1:1","text, watermark, logo, signature, blurry, low quality, multiple separate armor sets, full suit spread out, human body, character wearing armor, cluttered background, nsfw, hole in center, cutout center, ring shield, donut shape, empty middle, broken missing center, transparent hole through shield"
celestial_legs,Небесные поножи,8,legs,2,3,1:1,1024x1024,"Concept art for ""Небесные поножи"", a single pair of fantasy leg armor (greaves / sabatons combined piece), symmetrical pair read as one item, medium armor profile, balanced protection and mobility, layered plates over padding, crafted from celestial steel (pearlescent silver), gold filigree halos, feather engravings, angelic crusader aesthetic, immaculate, balanced composition, isolated single object, transparent or plain dark background, centered, full item visible, armor catalog orthographic clarity, no human, no hands wearing it, sharp focus, high detail, painterly fantasy icon, soft rim light, 1024x1024, soft heavenly radiance, lens glow --ar 1:1","text, watermark, logo, signature, blurry, low quality, multiple separate armor sets, full suit spread out, human body, character wearing armor, cluttered background, nsfw"
heavy_celestial_legs,Тяж. Небесные поножи,8,legs,2,3,1:1,1024x1024,"Concept art for ""Тяж. Небесные поножи"", a single pair of fantasy leg armor (greaves / sabatons combined piece), symmetrical pair read as one item, heavy armor profile, dense protective plates, high durability, imposing mass, slower silhouette, crafted from celestial steel (pearlescent silver), gold filigree halos, feather engravings, angelic crusader aesthetic, immaculate, balanced composition, isolated single object, transparent or plain dark background, centered, full item visible, armor catalog orthographic clarity, no human, no hands wearing it, sharp focus, high detail, painterly fantasy icon, soft rim light, 1024x1024, soft heavenly radiance, lens glow --ar 1:1","text, watermark, logo, signature, blurry, low quality, multiple separate armor sets, full suit spread out, human body, character wearing armor, cluttered background, nsfw"
light_celestial_legs,Лёгк. Небесные поножи,8,legs,2,3,1:1,1024x1024,"Concept art for ""Лёгк. Небесные поножи"", a single pair of fantasy leg armor (greaves / sabatons combined piece), symmetrical pair read as one item, light armor profile, flexible, low bulk, travel-ready, no movement restriction feel, crafted from celestial steel (pearlescent silver), gold filigree halos, feather engravings, angelic crusader aesthetic, immaculate, balanced composition, isolated single object, transparent or plain dark background, centered, full item visible, armor catalog orthographic clarity, no human, no hands wearing it, sharp focus, high detail, painterly fantasy icon, soft rim light, 1024x1024, soft heavenly radiance, lens glow --ar 1:1","text, watermark, logo, signature, blurry, low quality, multiple separate armor sets, full suit spread out, human body, character wearing armor, cluttered background, nsfw"
celestial_gorget,Небесный горжет,8,neck,1,1,1:1,1024x1024,"Concept art for ""Небесный горжет"", a single fantasy gorget / neck guard collar armor piece, medium armor profile, balanced protection and mobility, layered plates over padding, crafted from celestial steel (pearlescent silver), gold filigree halos, feather engravings, angelic crusader aesthetic, immaculate, balanced composition, helmet-centered, isolated single object, transparent or plain dark background, centered, full item visible, armor catalog orthographic clarity, no human, no hands wearing it, sharp focus, high detail, painterly fantasy icon, soft rim light, 1024x1024, soft heavenly radiance, lens glow --ar 1:1","text, watermark, logo, signature, blurry, low quality, multiple separate armor sets, full suit spread out, human body, character wearing armor, cluttered background, nsfw"
heavy_celestial_gorget,Тяж. Небесный горжет,8,neck,1,1,1:1,1024x1024,"Concept art for ""Тяж. Небесный горжет"", a single fantasy gorget / neck guard collar armor piece, heavy armor profile, dense protective plates, high durability, imposing mass, slower silhouette, crafted from celestial steel (pearlescent silver), gold filigree halos, feather engravings, angelic crusader aesthetic, immaculate, balanced composition, helmet-centered, isolated single object, transparent or plain dark background, centered, full item visible, armor catalog orthographic clarity, no human, no hands wearing it, sharp focus, high detail, painterly fantasy icon, soft rim light, 1024x1024, soft heavenly radiance, lens glow --ar 1:1","text, watermark, logo, signature, blurry, low quality, multiple separate armor sets, full suit spread out, human body, character wearing armor, cluttered background, nsfw"
light_celestial_gorget,Лёгк. Небесный горжет,8,neck,1,1,1:1,1024x1024,"Concept art for ""Лёгк. Небесный горжет"", a single fantasy gorget / neck guard collar armor piece, light armor profile, flexible, low bulk, travel-ready, no movement restriction feel, crafted from celestial steel (pearlescent silver), gold filigree halos, feather engravings, angelic crusader aesthetic, immaculate, balanced composition, helmet-centered, isolated single object, transparent or plain dark background, centered, full item visible, armor catalog orthographic clarity, no human, no hands wearing it, sharp focus, high detail, painterly fantasy icon, soft rim light, 1024x1024, soft heavenly radiance, lens glow --ar 1:1","text, watermark, logo, signature, blurry, low quality, multiple separate armor sets, full suit spread out, human body, character wearing armor, cluttered background, nsfw"
celestial_bracer_right,Небесный наруч (п),8,rightArm,1,2,1:2,768x1536,"Concept art for ""Небесный наруч (п)"", a single fantasy arm armor piece for right arm (vambrace / bracer / pauldron cuff), medium armor profile, balanced protection and mobility, layered plates over padding, crafted from celestial steel (pearlescent silver), gold filigree halos, feather engravings, angelic crusader aesthetic, immaculate, vertical orientation, armor piece upright, isolated single object, transparent or plain dark background, centered, full item visible, armor catalog orthographic clarity, no human, no hands wearing it, sharp focus, high detail, painterly fantasy icon, soft rim light, 768x1536, soft heavenly radiance, lens glow --ar 1:2","text, watermark, logo, signature, blurry, low quality, multiple separate armor sets, full suit spread out, human body, character wearing armor, cluttered background, nsfw"
heavy_celestial_bracer_right,Тяж. Небесный наруч (п),8,rightArm,1,2,1:2,768x1536,"Concept art for ""Тяж. Небесный наруч (п)"", a single fantasy arm armor piece for right arm (vambrace / bracer / pauldron cuff), heavy armor profile, dense protective plates, high durability, imposing mass, slower silhouette, crafted from celestial steel (pearlescent silver), gold filigree halos, feather engravings, angelic crusader aesthetic, immaculate, vertical orientation, armor piece upright, isolated single object, transparent or plain dark background, centered, full item visible, armor catalog orthographic clarity, no human, no hands wearing it, sharp focus, high detail, painterly fantasy icon, soft rim light, 768x1536, soft heavenly radiance, lens glow --ar 1:2","text, watermark, logo, signature, blurry, low quality, multiple separate armor sets, full suit spread out, human body, character wearing armor, cluttered background, nsfw"
light_celestial_bracer_right,Лёгк. Небесный наруч (п),8,rightArm,1,2,1:2,768x1536,"Concept art for ""Лёгк. Небесный наруч (п)"", a single fantasy arm armor piece for right arm (vambrace / bracer / pauldron cuff), light armor profile, flexible, low bulk, travel-ready, no movement restriction feel, crafted from celestial steel (pearlescent silver), gold filigree halos, feather engravings, angelic crusader aesthetic, immaculate, vertical orientation, armor piece upright, isolated single object, transparent or plain dark background, centered, full item visible, armor catalog orthographic clarity, no human, no hands wearing it, sharp focus, high detail, painterly fantasy icon, soft rim light, 768x1536, soft heavenly radiance, lens glow --ar 1:2","text, watermark, logo, signature, blurry, low quality, multiple separate armor sets, full suit spread out, human body, character wearing armor, cluttered background, nsfw"
celestial_plate,Небесный нагрудник,8,torso,2,3,1:1,1024x1024,"Concept art for ""Небесный нагрудник"", a single fantasy torso armor piece (cuirass / breastplate / jack-of-plates), no limbs attached, medium armor profile, balanced protection and mobility, layered plates over padding, crafted from celestial steel (pearlescent silver), gold filigree halos, feather engravings, angelic crusader aesthetic, immaculate, balanced composition, isolated single object, transparent or plain dark background, centered, full item visible, armor catalog orthographic clarity, no human, no hands wearing it, sharp focus, high detail, painterly fantasy icon, soft rim light, 1024x1024, soft heavenly radiance, lens glow --ar 1:1","text, watermark, logo, signature, blurry, low quality, multiple separate armor sets, full suit spread out, human body, character wearing armor, cluttered background, nsfw"
heavy_celestial_plate,Тяж. Небесный нагрудник,8,torso,2,3,1:1,1024x1024,"Concept art for ""Тяж. Небесный нагрудник"", a single fantasy torso armor piece (cuirass / breastplate / jack-of-plates), no limbs attached, heavy armor profile, dense protective plates, high durability, imposing mass, slower silhouette, crafted from celestial steel (pearlescent silver), gold filigree halos, feather engravings, angelic crusader aesthetic, immaculate, balanced composition, isolated single object, transparent or plain dark background, centered, full item visible, armor catalog orthographic clarity, no human, no hands wearing it, sharp focus, high detail, painterly fantasy icon, soft rim light, 1024x1024, soft heavenly radiance, lens glow --ar 1:1","text, watermark, logo, signature, blurry, low quality, multiple separate armor sets, full suit spread out, human body, character wearing armor, cluttered background, nsfw"
light_celestial_plate,Лёгк. Небесный нагрудник,8,torso,2,3,1:1,1024x1024,"Concept art for ""Лёгк. Небесный нагрудник"", a single fantasy torso armor piece (cuirass / breastplate / jack-of-plates), no limbs attached, light armor profile, flexible, low bulk, travel-ready, no movement restriction feel, crafted from celestial steel (pearlescent silver), gold filigree halos, feather engravings, angelic crusader aesthetic, immaculate, balanced composition, isolated single object, transparent or plain dark background, centered, full item visible, armor catalog orthographic clarity, no human, no hands wearing it, sharp focus, high detail, painterly fantasy icon, soft rim light, 1024x1024, soft heavenly radiance, lens glow --ar 1:1","text, watermark, logo, signature, blurry, low quality, multiple separate armor sets, full suit spread out, human body, character wearing armor, cluttered background, nsfw"
heavy_orichalcum_helm,Тяж. Корона Орихалка,9,head,2,2,1:1,1024x1024,"Concept art for ""Тяж. Корона Орихалка"", a single fantasy helmet / head armor piece (front-three-quarter view), clear silhouette, heavy armor profile, dense protective plates, high durability, imposing mass, slower silhouette, crafted from orichalcum (golden-red alloy), ornate filigree, sun-disc reliefs, legendary relic armor, divine heraldry, balanced composition, helmet-centered, isolated single object, transparent or plain dark background, centered, full item visible, armor catalog orthographic clarity, no human, no hands wearing it, sharp focus, high detail, painterly fantasy icon, soft rim light, 1024x1024, golden divine backlight, sparks of holy energy --ar 1:1","text, watermark, logo, signature, blurry, low quality, multiple separate armor sets, full suit spread out, human body, character wearing armor, cluttered background, nsfw"
light_orichalcum_helm,Лёгк. Корона Орихалка,9,head,2,2,1:1,1024x1024,"Concept art for ""Лёгк. Корона Орихалка"", a single fantasy helmet / head armor piece (front-three-quarter view), clear silhouette, light armor profile, flexible, low bulk, travel-ready, no movement restriction feel, crafted from orichalcum (golden-red alloy), ornate filigree, sun-disc reliefs, legendary relic armor, divine heraldry, balanced composition, helmet-centered, isolated single object, transparent or plain dark background, centered, full item visible, armor catalog orthographic clarity, no human, no hands wearing it, sharp focus, high detail, painterly fantasy icon, soft rim light, 1024x1024, golden divine backlight, sparks of holy energy --ar 1:1","text, watermark, logo, signature, blurry, low quality, multiple separate armor sets, full suit spread out, human body, character wearing armor, cluttered background, nsfw"
orichalcum_helm,Корона Орихалка,9,head,2,2,1:1,1024x1024,"Concept art for ""Корона Орихалка"", a single fantasy helmet / head armor piece (front-three-quarter view), clear silhouette, medium armor profile, balanced protection and mobility, layered plates over padding, crafted from orichalcum (golden-red alloy), ornate filigree, sun-disc reliefs, legendary relic armor, divine heraldry, balanced composition, helmet-centered, isolated single object, transparent or plain dark background, centered, full item visible, armor catalog orthographic clarity, no human, no hands wearing it, sharp focus, high detail, painterly fantasy icon, soft rim light, 1024x1024, golden divine backlight, sparks of holy energy --ar 1:1","text, watermark, logo, signature, blurry, low quality, multiple separate armor sets, full suit spread out, human body, character wearing armor, cluttered background, nsfw"
heavy_orichalcum_bracer_left,Тяж. Наруч Орихалка (л),9,leftArm,1,2,1:2,768x1536,"Concept art for ""Тяж. Наруч Орихалка (л)"", a single fantasy arm armor piece for left arm (vambrace / bracer / pauldron cuff), heavy armor profile, dense protective plates, high durability, imposing mass, slower silhouette, crafted from orichalcum (golden-red alloy), ornate filigree, sun-disc reliefs, legendary relic armor, divine heraldry, vertical orientation, armor piece upright, isolated single object, transparent or plain dark background, centered, full item visible, armor catalog orthographic clarity, no human, no hands wearing it, sharp focus, high detail, painterly fantasy icon, soft rim light, 768x1536, golden divine backlight, sparks of holy energy --ar 1:2","text, watermark, logo, signature, blurry, low quality, multiple separate armor sets, full suit spread out, human body, character wearing armor, cluttered background, nsfw"
light_orichalcum_bracer_left,Лёгк. Наруч Орихалка (л),9,leftArm,1,2,1:2,768x1536,"Concept art for ""Лёгк. Наруч Орихалка (л)"", a single fantasy arm armor piece for left arm (vambrace / bracer / pauldron cuff), light armor profile, flexible, low bulk, travel-ready, no movement restriction feel, crafted from orichalcum (golden-red alloy), ornate filigree, sun-disc reliefs, legendary relic armor, divine heraldry, vertical orientation, armor piece upright, isolated single object, transparent or plain dark background, centered, full item visible, armor catalog orthographic clarity, no human, no hands wearing it, sharp focus, high detail, painterly fantasy icon, soft rim light, 768x1536, golden divine backlight, sparks of holy energy --ar 1:2","text, watermark, logo, signature, blurry, low quality, multiple separate armor sets, full suit spread out, human body, character wearing armor, cluttered background, nsfw"
orichalcum_bracer_left,Наруч Орихалка (л),9,leftArm,1,2,1:2,768x1536,"Concept art for ""Наруч Орихалка (л)"", a single fantasy arm armor piece for left arm (vambrace / bracer / pauldron cuff), medium armor profile, balanced protection and mobility, layered plates over padding, crafted from orichalcum (golden-red alloy), ornate filigree, sun-disc reliefs, legendary relic armor, divine heraldry, vertical orientation, armor piece upright, isolated single object, transparent or plain dark background, centered, full item visible, armor catalog orthographic clarity, no human, no hands wearing it, sharp focus, high detail, painterly fantasy icon, soft rim light, 768x1536, golden divine backlight, sparks of holy energy --ar 1:2","text, watermark, logo, signature, blurry, low quality, multiple separate armor sets, full suit spread out, human body, character wearing armor, cluttered background, nsfw"
heavy_orichalcum_shield,Тяж. Щит Орихалка,9,leftHand,2,2,1:1,1024x1024,"Concept art for ""Тяж. Щит Орихалка"", a single fantasy shield (held vertically), kite/heater/tower silhouette, straps visible on back face, heavy shield profile, broad tower or war shield, thick solid face, high durability, imposing mass, crafted from orichalcum (golden-red alloy), ornate filigree, sun-disc reliefs, legendary relic armor, divine heraldry, striking surface leaves faint disruptive shimmer where blows connect, harmonic resonance lines etched for devastating counters, balanced composition, helmet-centered, isolated single object, transparent or plain dark background, centered, full item visible, armor catalog orthographic clarity, no human, no hands wearing it, sharp focus, high detail, painterly fantasy icon, soft rim light, 1024x1024, golden divine backlight, sparks of holy energy --ar 1:1","text, watermark, logo, signature, blurry, low quality, multiple separate armor sets, full suit spread out, human body, character wearing armor, cluttered background, nsfw, hole in center, cutout center, ring shield, donut shape, empty middle, broken missing center, transparent hole through shield"
light_orichalcum_shield,Лёгк. Щит Орихалка,9,leftHand,2,2,1:1,1024x1024,"Concept art for ""Лёгк. Щит Орихалка"", a single fantasy shield (held vertically), kite/heater/tower silhouette, straps visible on back face, light shield profile, small agile buckler or heater shield, slim solid face, quick straps, crafted from orichalcum (golden-red alloy), ornate filigree, sun-disc reliefs, legendary relic armor, divine heraldry, striking surface leaves faint disruptive shimmer where blows connect, harmonic resonance lines etched for devastating counters, balanced composition, helmet-centered, isolated single object, transparent or plain dark background, centered, full item visible, armor catalog orthographic clarity, no human, no hands wearing it, sharp focus, high detail, painterly fantasy icon, soft rim light, 1024x1024, golden divine backlight, sparks of holy energy --ar 1:1","text, watermark, logo, signature, blurry, low quality, multiple separate armor sets, full suit spread out, human body, character wearing armor, cluttered background, nsfw, hole in center, cutout center, ring shield, donut shape, empty middle, broken missing center, transparent hole through shield"
orichalcum_shield,Щит Орихалка,9,leftHand,2,2,1:1,1024x1024,"Concept art for ""Щит Орихалка"", a single fantasy shield (held vertically), kite/heater/tower silhouette, straps visible on back face, medium shield profile, sturdy heater or kite shield, reinforced solid face, balanced weight, crafted from orichalcum (golden-red alloy), ornate filigree, sun-disc reliefs, legendary relic armor, divine heraldry, striking surface leaves faint disruptive shimmer where blows connect, harmonic resonance lines etched for devastating counters, balanced composition, helmet-centered, isolated single object, transparent or plain dark background, centered, full item visible, armor catalog orthographic clarity, no human, no hands wearing it, sharp focus, high detail, painterly fantasy icon, soft rim light, 1024x1024, golden divine backlight, sparks of holy energy --ar 1:1","text, watermark, logo, signature, blurry, low quality, multiple separate armor sets, full suit spread out, human body, character wearing armor, cluttered background, nsfw, hole in center, cutout center, ring shield, donut shape, empty middle, broken missing center, transparent hole through shield"
heavy_orichalcum_legs,Тяж. Поножи Орихалка,9,legs,2,3,1:1,1024x1024,"Concept art for ""Тяж. Поножи Орихалка"", a single pair of fantasy leg armor (greaves / sabatons combined piece), symmetrical pair read as one item, heavy armor profile, dense protective plates, high durability, imposing mass, slower silhouette, crafted from orichalcum (golden-red alloy), ornate filigree, sun-disc reliefs, legendary relic armor, divine heraldry, balanced composition, isolated single object, transparent or plain dark background, centered, full item visible, armor catalog orthographic clarity, no human, no hands wearing it, sharp focus, high detail, painterly fantasy icon, soft rim light, 1024x1024, golden divine backlight, sparks of holy energy --ar 1:1","text, watermark, logo, signature, blurry, low quality, multiple separate armor sets, full suit spread out, human body, character wearing armor, cluttered background, nsfw"
light_orichalcum_legs,Лёгк. Поножи Орихалка,9,legs,2,3,1:1,1024x1024,"Concept art for ""Лёгк. Поножи Орихалка"", a single pair of fantasy leg armor (greaves / sabatons combined piece), symmetrical pair read as one item, light armor profile, flexible, low bulk, travel-ready, no movement restriction feel, crafted from orichalcum (golden-red alloy), ornate filigree, sun-disc reliefs, legendary relic armor, divine heraldry, balanced composition, isolated single object, transparent or plain dark background, centered, full item visible, armor catalog orthographic clarity, no human, no hands wearing it, sharp focus, high detail, painterly fantasy icon, soft rim light, 1024x1024, golden divine backlight, sparks of holy energy --ar 1:1","text, watermark, logo, signature, blurry, low quality, multiple separate armor sets, full suit spread out, human body, character wearing armor, cluttered background, nsfw"
orichalcum_legs,Поножи Орихалка,9,legs,2,3,1:1,1024x1024,"Concept art for ""Поножи Орихалка"", a single pair of fantasy leg armor (greaves / sabatons combined piece), symmetrical pair read as one item, medium armor profile, balanced protection and mobility, layered plates over padding, crafted from orichalcum (golden-red alloy), ornate filigree, sun-disc reliefs, legendary relic armor, divine heraldry, balanced composition, isolated single object, transparent or plain dark background, centered, full item visible, armor catalog orthographic clarity, no human, no hands wearing it, sharp focus, high detail, painterly fantasy icon, soft rim light, 1024x1024, golden divine backlight, sparks of holy energy --ar 1:1","text, watermark, logo, signature, blurry, low quality, multiple separate armor sets, full suit spread out, human body, character wearing armor, cluttered background, nsfw"
heavy_orichalcum_gorget,Тяж. Горжет Орихалка,9,neck,1,1,1:1,1024x1024,"Concept art for ""Тяж. Горжет Орихалка"", a single fantasy gorget / neck guard collar armor piece, heavy armor profile, dense protective plates, high durability, imposing mass, slower silhouette, crafted from orichalcum (golden-red alloy), ornate filigree, sun-disc reliefs, legendary relic armor, divine heraldry, balanced composition, helmet-centered, isolated single object, transparent or plain dark background, centered, full item visible, armor catalog orthographic clarity, no human, no hands wearing it, sharp focus, high detail, painterly fantasy icon, soft rim light, 1024x1024, golden divine backlight, sparks of holy energy --ar 1:1","text, watermark, logo, signature, blurry, low quality, multiple separate armor sets, full suit spread out, human body, character wearing armor, cluttered background, nsfw"
light_orichalcum_gorget,Лёгк. Горжет Орихалка,9,neck,1,1,1:1,1024x1024,"Concept art for ""Лёгк. Горжет Орихалка"", a single fantasy gorget / neck guard collar armor piece, light armor profile, flexible, low bulk, travel-ready, no movement restriction feel, crafted from orichalcum (golden-red alloy), ornate filigree, sun-disc reliefs, legendary relic armor, divine heraldry, balanced composition, helmet-centered, isolated single object, transparent or plain dark background, centered, full item visible, armor catalog orthographic clarity, no human, no hands wearing it, sharp focus, high detail, painterly fantasy icon, soft rim light, 1024x1024, golden divine backlight, sparks of holy energy --ar 1:1","text, watermark, logo, signature, blurry, low quality, multiple separate armor sets, full suit spread out, human body, character wearing armor, cluttered background, nsfw"
orichalcum_gorget,Горжет Орихалка,9,neck,1,1,1:1,1024x1024,"Concept art for ""Горжет Орихалка"", a single fantasy gorget / neck guard collar armor piece, medium armor profile, balanced protection and mobility, layered plates over padding, crafted from orichalcum (golden-red alloy), ornate filigree, sun-disc reliefs, legendary relic armor, divine heraldry, balanced composition, helmet-centered, isolated single object, transparent or plain dark background, centered, full item visible, armor catalog orthographic clarity, no human, no hands wearing it, sharp focus, high detail, painterly fantasy icon, soft rim light, 1024x1024, golden divine backlight, sparks of holy energy --ar 1:1","text, watermark, logo, signature, blurry, low quality, multiple separate armor sets, full suit spread out, human body, character wearing armor, cluttered background, nsfw"
heavy_orichalcum_bracer_right,Тяж. Наруч Орихалка (п),9,rightArm,1,2,1:2,768x1536,"Concept art for ""Тяж. Наруч Орихалка (п)"", a single fantasy arm armor piece for right arm (vambrace / bracer / pauldron cuff), heavy armor profile, dense protective plates, high durability, imposing mass, slower silhouette, crafted from orichalcum (golden-red alloy), ornate filigree, sun-disc reliefs, legendary relic armor, divine heraldry, vertical orientation, armor piece upright, isolated single object, transparent or plain dark background, centered, full item visible, armor catalog orthographic clarity, no human, no hands wearing it, sharp focus, high detail, painterly fantasy icon, soft rim light, 768x1536, golden divine backlight, sparks of holy energy --ar 1:2","text, watermark, logo, signature, blurry, low quality, multiple separate armor sets, full suit spread out, human body, character wearing armor, cluttered background, nsfw"
light_orichalcum_bracer_right,Лёгк. Наруч Орихалка (п),9,rightArm,1,2,1:2,768x1536,"Concept art for ""Лёгк. Наруч Орихалка (п)"", a single fantasy arm armor piece for right arm (vambrace / bracer / pauldron cuff), light armor profile, flexible, low bulk, travel-ready, no movement restriction feel, crafted from orichalcum (golden-red alloy), ornate filigree, sun-disc reliefs, legendary relic armor, divine heraldry, vertical orientation, armor piece upright, isolated single object, transparent or plain dark background, centered, full item visible, armor catalog orthographic clarity, no human, no hands wearing it, sharp focus, high detail, painterly fantasy icon, soft rim light, 768x1536, golden divine backlight, sparks of holy energy --ar 1:2","text, watermark, logo, signature, blurry, low quality, multiple separate armor sets, full suit spread out, human body, character wearing armor, cluttered background, nsfw"
orichalcum_bracer_right,Наруч Орихалка (п),9,rightArm,1,2,1:2,768x1536,"Concept art for ""Наруч Орихалка (п)"", a single fantasy arm armor piece for right arm (vambrace / bracer / pauldron cuff), medium armor profile, balanced protection and mobility, layered plates over padding, crafted from orichalcum (golden-red alloy), ornate filigree, sun-disc reliefs, legendary relic armor, divine heraldry, vertical orientation, armor piece upright, isolated single object, transparent or plain dark background, centered, full item visible, armor catalog orthographic clarity, no human, no hands wearing it, sharp focus, high detail, painterly fantasy icon, soft rim light, 768x1536, golden divine backlight, sparks of holy energy --ar 1:2","text, watermark, logo, signature, blurry, low quality, multiple separate armor sets, full suit spread out, human body, character wearing armor, cluttered background, nsfw"
heavy_orichalcum_armor,Тяж. Латы Орихалка,9,torso,2,3,1:1,1024x1024,"Concept art for ""Тяж. Латы Орихалка"", a single fantasy torso armor piece (cuirass / breastplate / jack-of-plates), no limbs attached, heavy armor profile, dense protective plates, high durability, imposing mass, slower silhouette, crafted from orichalcum (golden-red alloy), ornate filigree, sun-disc reliefs, legendary relic armor, divine heraldry, balanced composition, isolated single object, transparent or plain dark background, centered, full item visible, armor catalog orthographic clarity, no human, no hands wearing it, sharp focus, high detail, painterly fantasy icon, soft rim light, 1024x1024, golden divine backlight, sparks of holy energy --ar 1:1","text, watermark, logo, signature, blurry, low quality, multiple separate armor sets, full suit spread out, human body, character wearing armor, cluttered background, nsfw"
light_orichalcum_armor,Лёгк. Латы Орихалка,9,torso,2,3,1:1,1024x1024,"Concept art for ""Лёгк. Латы Орихалка"", a single fantasy torso armor piece (cuirass / breastplate / jack-of-plates), no limbs attached, light armor profile, flexible, low bulk, travel-ready, no movement restriction feel, crafted from orichalcum (golden-red alloy), ornate filigree, sun-disc reliefs, legendary relic armor, divine heraldry, balanced composition, isolated single object, transparent or plain dark background, centered, full item visible, armor catalog orthographic clarity, no human, no hands wearing it, sharp focus, high detail, painterly fantasy icon, soft rim light, 1024x1024, golden divine backlight, sparks of holy energy --ar 1:1","text, watermark, logo, signature, blurry, low quality, multiple separate armor sets, full suit spread out, human body, character wearing armor, cluttered background, nsfw"
orichalcum_armor,Латы Орихалка,9,torso,2,3,1:1,1024x1024,"Concept art for ""Латы Орихалка"", a single fantasy torso armor piece (cuirass / breastplate / jack-of-plates), no limbs attached, medium armor profile, balanced protection and mobility, layered plates over padding, crafted from orichalcum (golden-red alloy), ornate filigree, sun-disc reliefs, legendary relic armor, divine heraldry, balanced composition, isolated single object, transparent or plain dark background, centered, full item visible, armor catalog orthographic clarity, no human, no hands wearing it, sharp focus, high detail, painterly fantasy icon, soft rim light, 1024x1024, golden divine backlight, sparks of holy energy --ar 1:1","text, watermark, logo, signature, blurry, low quality, multiple separate armor sets, full suit spread out, human body, character wearing armor, cluttered background, nsfw"
adamantium_helm,Шлем Бездны,10,head,2,2,1:1,1024x1024,"Concept art for ""Шлем Бездны"", a single fantasy helmet / head armor piece (front-three-quarter view), clear silhouette, heavy armor profile, dense protective plates, high durability, imposing mass, slower silhouette, crafted from adamantium shell with inner star-heart luminosity, godsteel seams, abyss-black enamel trim, primordial bulwark, cracks of leaking daylight along plates, balanced composition, helmet-centered, isolated single object, transparent or plain dark background, centered, full item visible, armor catalog orthographic clarity, no human, no hands wearing it, sharp focus, high detail, painterly fantasy icon, soft rim light, 1024x1024, blinding aura edges, subtle space distortion shimmer --ar 1:1","text, watermark, logo, signature, blurry, low quality, multiple separate armor sets, full suit spread out, human body, character wearing armor, cluttered background, nsfw"
light_adamantium_helm,Лёгк. Шлем Бездны,10,head,2,2,1:1,1024x1024,"Concept art for ""Лёгк. Шлем Бездны"", a single fantasy helmet / head armor piece (front-three-quarter view), clear silhouette, light armor profile, flexible, low bulk, travel-ready, no movement restriction feel, crafted from adamantium shell with inner star-heart luminosity, godsteel seams, abyss-black enamel trim, primordial bulwark, cracks of leaking daylight along plates, balanced composition, helmet-centered, isolated single object, transparent or plain dark background, centered, full item visible, armor catalog orthographic clarity, no human, no hands wearing it, sharp focus, high detail, painterly fantasy icon, soft rim light, 1024x1024, blinding aura edges, subtle space distortion shimmer --ar 1:1","text, watermark, logo, signature, blurry, low quality, multiple separate armor sets, full suit spread out, human body, character wearing armor, cluttered background, nsfw"
medium_adamantium_helm,Средн. Шлем Бездны,10,head,2,2,1:1,1024x1024,"Concept art for ""Средн. Шлем Бездны"", a single fantasy helmet / head armor piece (front-three-quarter view), clear silhouette, medium armor profile, balanced protection and mobility, layered plates over padding, crafted from adamantium shell with inner star-heart luminosity, godsteel seams, abyss-black enamel trim, primordial bulwark, cracks of leaking daylight along plates, balanced composition, helmet-centered, isolated single object, transparent or plain dark background, centered, full item visible, armor catalog orthographic clarity, no human, no hands wearing it, sharp focus, high detail, painterly fantasy icon, soft rim light, 1024x1024, blinding aura edges, subtle space distortion shimmer --ar 1:1","text, watermark, logo, signature, blurry, low quality, multiple separate armor sets, full suit spread out, human body, character wearing armor, cluttered background, nsfw"
adamantium_bracer_left,Наруч Бездны (л),10,leftArm,1,2,1:2,768x1536,"Concept art for ""Наруч Бездны (л)"", a single fantasy arm armor piece for left arm (vambrace / bracer / pauldron cuff), heavy armor profile, dense protective plates, high durability, imposing mass, slower silhouette, crafted from adamantium shell with inner star-heart luminosity, godsteel seams, abyss-black enamel trim, primordial bulwark, cracks of leaking daylight along plates, vertical orientation, armor piece upright, isolated single object, transparent or plain dark background, centered, full item visible, armor catalog orthographic clarity, no human, no hands wearing it, sharp focus, high detail, painterly fantasy icon, soft rim light, 768x1536, blinding aura edges, subtle space distortion shimmer --ar 1:2","text, watermark, logo, signature, blurry, low quality, multiple separate armor sets, full suit spread out, human body, character wearing armor, cluttered background, nsfw"
light_adamantium_bracer_left,Лёгк. Наруч Бездны (л),10,leftArm,1,2,1:2,768x1536,"Concept art for ""Лёгк. Наруч Бездны (л)"", a single fantasy arm armor piece for left arm (vambrace / bracer / pauldron cuff), light armor profile, flexible, low bulk, travel-ready, no movement restriction feel, crafted from adamantium shell with inner star-heart luminosity, godsteel seams, abyss-black enamel trim, primordial bulwark, cracks of leaking daylight along plates, vertical orientation, armor piece upright, isolated single object, transparent or plain dark background, centered, full item visible, armor catalog orthographic clarity, no human, no hands wearing it, sharp focus, high detail, painterly fantasy icon, soft rim light, 768x1536, blinding aura edges, subtle space distortion shimmer --ar 1:2","text, watermark, logo, signature, blurry, low quality, multiple separate armor sets, full suit spread out, human body, character wearing armor, cluttered background, nsfw"
medium_adamantium_bracer_left,Средн. Наруч Бездны (л),10,leftArm,1,2,1:2,768x1536,"Concept art for ""Средн. Наруч Бездны (л)"", a single fantasy arm armor piece for left arm (vambrace / bracer / pauldron cuff), medium armor profile, balanced protection and mobility, layered plates over padding, crafted from adamantium shell with inner star-heart luminosity, godsteel seams, abyss-black enamel trim, primordial bulwark, cracks of leaking daylight along plates, vertical orientation, armor piece upright, isolated single object, transparent or plain dark background, centered, full item visible, armor catalog orthographic clarity, no human, no hands wearing it, sharp focus, high detail, painterly fantasy icon, soft rim light, 768x1536, blinding aura edges, subtle space distortion shimmer --ar 1:2","text, watermark, logo, signature, blurry, low quality, multiple separate armor sets, full suit spread out, human body, character wearing armor, cluttered background, nsfw"
eternity_aegis,Бастион Вечности,10,leftHand,2,2,1:1,1024x1024,"Concept art for ""Бастион Вечности"", a single fantasy shield (held vertically), kite/heater/tower silhouette, straps visible on back face, heavy shield profile, broad tower or war shield, thick solid face, high durability, imposing mass, crafted from adamantium shell with inner star-heart luminosity, godsteel seams, abyss-black enamel trim, primordial bulwark, cracks of leaking daylight along plates, striking surface leaves faint disruptive shimmer where blows connect, harmonic resonance lines etched for devastating counters, ominous finishing aura etched along rim, balanced composition, helmet-centered, isolated single object, transparent or plain dark background, centered, full item visible, armor catalog orthographic clarity, no human, no hands wearing it, sharp focus, high detail, painterly fantasy icon, soft rim light, 1024x1024, blinding aura edges, subtle space distortion shimmer --ar 1:1","text, watermark, logo, signature, blurry, low quality, multiple separate armor sets, full suit spread out, human body, character wearing armor, cluttered background, nsfw, hole in center, cutout center, ring shield, donut shape, empty middle, broken missing center, transparent hole through shield"
light_eternity_aegis,Лёгк. Бастион Вечности,10,leftHand,2,2,1:1,1024x1024,"Concept art for ""Лёгк. Бастион Вечности"", a single fantasy shield (held vertically), kite/heater/tower silhouette, straps visible on back face, light shield profile, small agile buckler or heater shield, slim solid face, quick straps, crafted from adamantium shell with inner star-heart luminosity, godsteel seams, abyss-black enamel trim, primordial bulwark, cracks of leaking daylight along plates, striking surface leaves faint disruptive shimmer where blows connect, harmonic resonance lines etched for devastating counters, ominous finishing aura etched along rim, balanced composition, helmet-centered, isolated single object, transparent or plain dark background, centered, full item visible, armor catalog orthographic clarity, no human, no hands wearing it, sharp focus, high detail, painterly fantasy icon, soft rim light, 1024x1024, blinding aura edges, subtle space distortion shimmer --ar 1:1","text, watermark, logo, signature, blurry, low quality, multiple separate armor sets, full suit spread out, human body, character wearing armor, cluttered background, nsfw, hole in center, cutout center, ring shield, donut shape, empty middle, broken missing center, transparent hole through shield"
medium_eternity_aegis,Средн. Бастион Вечности,10,leftHand,2,2,1:1,1024x1024,"Concept art for ""Средн. Бастион Вечности"", a single fantasy shield (held vertically), kite/heater/tower silhouette, straps visible on back face, medium shield profile, sturdy heater or kite shield, reinforced solid face, balanced weight, crafted from adamantium shell with inner star-heart luminosity, godsteel seams, abyss-black enamel trim, primordial bulwark, cracks of leaking daylight along plates, striking surface leaves faint disruptive shimmer where blows connect, harmonic resonance lines etched for devastating counters, ominous finishing aura etched along rim, balanced composition, helmet-centered, isolated single object, transparent or plain dark background, centered, full item visible, armor catalog orthographic clarity, no human, no hands wearing it, sharp focus, high detail, painterly fantasy icon, soft rim light, 1024x1024, blinding aura edges, subtle space distortion shimmer --ar 1:1","text, watermark, logo, signature, blurry, low quality, multiple separate armor sets, full suit spread out, human body, character wearing armor, cluttered background, nsfw, hole in center, cutout center, ring shield, donut shape, empty middle, broken missing center, transparent hole through shield"
adamantium_legs,Поножи Бездны,10,legs,2,3,1:1,1024x1024,"Concept art for ""Поножи Бездны"", a single pair of fantasy leg armor (greaves / sabatons combined piece), symmetrical pair read as one item, heavy armor profile, dense protective plates, high durability, imposing mass, slower silhouette, crafted from adamantium shell with inner star-heart luminosity, godsteel seams, abyss-black enamel trim, primordial bulwark, cracks of leaking daylight along plates, balanced composition, isolated single object, transparent or plain dark background, centered, full item visible, armor catalog orthographic clarity, no human, no hands wearing it, sharp focus, high detail, painterly fantasy icon, soft rim light, 1024x1024, blinding aura edges, subtle space distortion shimmer --ar 1:1","text, watermark, logo, signature, blurry, low quality, multiple separate armor sets, full suit spread out, human body, character wearing armor, cluttered background, nsfw"
light_adamantium_legs,Лёгк. Поножи Бездны,10,legs,2,3,1:1,1024x1024,"Concept art for ""Лёгк. Поножи Бездны"", a single pair of fantasy leg armor (greaves / sabatons combined piece), symmetrical pair read as one item, light armor profile, flexible, low bulk, travel-ready, no movement restriction feel, crafted from adamantium shell with inner star-heart luminosity, godsteel seams, abyss-black enamel trim, primordial bulwark, cracks of leaking daylight along plates, balanced composition, isolated single object, transparent or plain dark background, centered, full item visible, armor catalog orthographic clarity, no human, no hands wearing it, sharp focus, high detail, painterly fantasy icon, soft rim light, 1024x1024, blinding aura edges, subtle space distortion shimmer --ar 1:1","text, watermark, logo, signature, blurry, low quality, multiple separate armor sets, full suit spread out, human body, character wearing armor, cluttered background, nsfw"
medium_adamantium_legs,Средн. Поножи Бездны,10,legs,2,3,1:1,1024x1024,"Concept art for ""Средн. Поножи Бездны"", a single pair of fantasy leg armor (greaves / sabatons combined piece), symmetrical pair read as one item, medium armor profile, balanced protection and mobility, layered plates over padding, crafted from adamantium shell with inner star-heart luminosity, godsteel seams, abyss-black enamel trim, primordial bulwark, cracks of leaking daylight along plates, balanced composition, isolated single object, transparent or plain dark background, centered, full item visible, armor catalog orthographic clarity, no human, no hands wearing it, sharp focus, high detail, painterly fantasy icon, soft rim light, 1024x1024, blinding aura edges, subtle space distortion shimmer --ar 1:1","text, watermark, logo, signature, blurry, low quality, multiple separate armor sets, full suit spread out, human body, character wearing armor, cluttered background, nsfw"
adamantium_gorget,Горжет Бездны,10,neck,1,1,1:1,1024x1024,"Concept art for ""Горжет Бездны"", a single fantasy gorget / neck guard collar armor piece, heavy armor profile, dense protective plates, high durability, imposing mass, slower silhouette, crafted from adamantium shell with inner star-heart luminosity, godsteel seams, abyss-black enamel trim, primordial bulwark, cracks of leaking daylight along plates, balanced composition, helmet-centered, isolated single object, transparent or plain dark background, centered, full item visible, armor catalog orthographic clarity, no human, no hands wearing it, sharp focus, high detail, painterly fantasy icon, soft rim light, 1024x1024, blinding aura edges, subtle space distortion shimmer --ar 1:1","text, watermark, logo, signature, blurry, low quality, multiple separate armor sets, full suit spread out, human body, character wearing armor, cluttered background, nsfw"
light_adamantium_gorget,Лёгк. Горжет Бездны,10,neck,1,1,1:1,1024x1024,"Concept art for ""Лёгк. Горжет Бездны"", a single fantasy gorget / neck guard collar armor piece, light armor profile, flexible, low bulk, travel-ready, no movement restriction feel, crafted from adamantium shell with inner star-heart luminosity, godsteel seams, abyss-black enamel trim, primordial bulwark, cracks of leaking daylight along plates, balanced composition, helmet-centered, isolated single object, transparent or plain dark background, centered, full item visible, armor catalog orthographic clarity, no human, no hands wearing it, sharp focus, high detail, painterly fantasy icon, soft rim light, 1024x1024, blinding aura edges, subtle space distortion shimmer --ar 1:1","text, watermark, logo, signature, blurry, low quality, multiple separate armor sets, full suit spread out, human body, character wearing armor, cluttered background, nsfw"
medium_adamantium_gorget,Средн. Горжет Бездны,10,neck,1,1,1:1,1024x1024,"Concept art for ""Средн. Горжет Бездны"", a single fantasy gorget / neck guard collar armor piece, medium armor profile, balanced protection and mobility, layered plates over padding, crafted from adamantium shell with inner star-heart luminosity, godsteel seams, abyss-black enamel trim, primordial bulwark, cracks of leaking daylight along plates, balanced composition, helmet-centered, isolated single object, transparent or plain dark background, centered, full item visible, armor catalog orthographic clarity, no human, no hands wearing it, sharp focus, high detail, painterly fantasy icon, soft rim light, 1024x1024, blinding aura edges, subtle space distortion shimmer --ar 1:1","text, watermark, logo, signature, blurry, low quality, multiple separate armor sets, full suit spread out, human body, character wearing armor, cluttered background, nsfw"
adamantium_bracer_right,Наруч Бездны (п),10,rightArm,1,2,1:2,768x1536,"Concept art for ""Наруч Бездны (п)"", a single fantasy arm armor piece for right arm (vambrace / bracer / pauldron cuff), heavy armor profile, dense protective plates, high durability, imposing mass, slower silhouette, crafted from adamantium shell with inner star-heart luminosity, godsteel seams, abyss-black enamel trim, primordial bulwark, cracks of leaking daylight along plates, vertical orientation, armor piece upright, isolated single object, transparent or plain dark background, centered, full item visible, armor catalog orthographic clarity, no human, no hands wearing it, sharp focus, high detail, painterly fantasy icon, soft rim light, 768x1536, blinding aura edges, subtle space distortion shimmer --ar 1:2","text, watermark, logo, signature, blurry, low quality, multiple separate armor sets, full suit spread out, human body, character wearing armor, cluttered background, nsfw"
light_adamantium_bracer_right,Лёгк. Наруч Бездны (п),10,rightArm,1,2,1:2,768x1536,"Concept art for ""Лёгк. Наруч Бездны (п)"", a single fantasy arm armor piece for right arm (vambrace / bracer / pauldron cuff), light armor profile, flexible, low bulk, travel-ready, no movement restriction feel, crafted from adamantium shell with inner star-heart luminosity, godsteel seams, abyss-black enamel trim, primordial bulwark, cracks of leaking daylight along plates, vertical orientation, armor piece upright, isolated single object, transparent or plain dark background, centered, full item visible, armor catalog orthographic clarity, no human, no hands wearing it, sharp focus, high detail, painterly fantasy icon, soft rim light, 768x1536, blinding aura edges, subtle space distortion shimmer --ar 1:2","text, watermark, logo, signature, blurry, low quality, multiple separate armor sets, full suit spread out, human body, character wearing armor, cluttered background, nsfw"
medium_adamantium_bracer_right,Средн. Наруч Бездны (п),10,rightArm,1,2,1:2,768x1536,"Concept art for ""Средн. Наруч Бездны (п)"", a single fantasy arm armor piece for right arm (vambrace / bracer / pauldron cuff), medium armor profile, balanced protection and mobility, layered plates over padding, crafted from adamantium shell with inner star-heart luminosity, godsteel seams, abyss-black enamel trim, primordial bulwark, cracks of leaking daylight along plates, vertical orientation, armor piece upright, isolated single object, transparent or plain dark background, centered, full item visible, armor catalog orthographic clarity, no human, no hands wearing it, sharp focus, high detail, painterly fantasy icon, soft rim light, 768x1536, blinding aura edges, subtle space distortion shimmer --ar 1:2","text, watermark, logo, signature, blurry, low quality, multiple separate armor sets, full suit spread out, human body, character wearing armor, cluttered background, nsfw"
adamantium_plate,Латы Бездны,10,torso,2,3,1:1,1024x1024,"Concept art for ""Латы Бездны"", a single fantasy torso armor piece (cuirass / breastplate / jack-of-plates), no limbs attached, heavy armor profile, dense protective plates, high durability, imposing mass, slower silhouette, crafted from adamantium shell with inner star-heart luminosity, godsteel seams, abyss-black enamel trim, primordial bulwark, cracks of leaking daylight along plates, balanced composition, isolated single object, transparent or plain dark background, centered, full item visible, armor catalog orthographic clarity, no human, no hands wearing it, sharp focus, high detail, painterly fantasy icon, soft rim light, 1024x1024, blinding aura edges, subtle space distortion shimmer --ar 1:1","text, watermark, logo, signature, blurry, low quality, multiple separate armor sets, full suit spread out, human body, character wearing armor, cluttered background, nsfw"
light_adamantium_plate,Лёгк. Латы Бездны,10,torso,2,3,1:1,1024x1024,"Concept art for ""Лёгк. Латы Бездны"", a single fantasy torso armor piece (cuirass / breastplate / jack-of-plates), no limbs attached, light armor profile, flexible, low bulk, travel-ready, no movement restriction feel, crafted from adamantium shell with inner star-heart luminosity, godsteel seams, abyss-black enamel trim, primordial bulwark, cracks of leaking daylight along plates, balanced composition, isolated single object, transparent or plain dark background, centered, full item visible, armor catalog orthographic clarity, no human, no hands wearing it, sharp focus, high detail, painterly fantasy icon, soft rim light, 1024x1024, blinding aura edges, subtle space distortion shimmer --ar 1:1","text, watermark, logo, signature, blurry, low quality, multiple separate armor sets, full suit spread out, human body, character wearing armor, cluttered background, nsfw"
medium_adamantium_plate,Средн. Латы Бездны,10,torso,2,3,1:1,1024x1024,"Concept art for ""Средн. Латы Бездны"", a single fantasy torso armor piece (cuirass / breastplate / jack-of-plates), no limbs attached, medium armor profile, balanced protection and mobility, layered plates over padding, crafted from adamantium shell with inner star-heart luminosity, godsteel seams, abyss-black enamel trim, primordial bulwark, cracks of leaking daylight along plates, balanced composition, isolated single object, transparent or plain dark background, centered, full item visible, armor catalog orthographic clarity, no human, no hands wearing it, sharp focus, high detail, painterly fantasy icon, soft rim light, 1024x1024, blinding aura edges, subtle space distortion shimmer --ar 1:1","text, watermark, logo, signature, blurry, low quality, multiple separate armor sets, full suit spread out, human body, character wearing armor, cluttered background, nsfw"
