catalog,id,name,tier,type,gridW,gridH,aspect,targetFile,targetImg,targetExists,currentImg,prompt,negative
armor,leather_boots,Кожаные сапоги,1,armor,2,3,1:1,icons/items/armor/leather_boots.webp,systems/iron-hills-system/icons/items/armor/leather_boots.webp,true,systems/iron-hills-system/icons/items/armor/leather_boots.webp,"Concept art for ""Кожаные сапоги"", a single pair of fantasy leg armor (greaves / sabatons combined piece), symmetrical pair read as one item, crafted from rough leather, crude brass rivets, bone toggles, untreated hide, stitched patches, scratches, frontier militia gear, balanced composition, isolated single object, transparent or plain dark background, centered, full item visible, armor catalog orthographic clarity, no human, no hands wearing it, sharp focus, high detail, painterly fantasy icon, soft rim light, 1024x1024, dim warm campfire light --ar 1:1","text, watermark, logo, signature, blurry, low quality, multiple separate armor sets, full suit spread out, human body, character wearing armor, cluttered background, nsfw"
armor,leather_bracer_left,Кожаный наруч (л),1,armor,1,2,1:2,icons/items/armor/leather_bracer_left.webp,systems/iron-hills-system/icons/items/armor/leather_bracer_left.webp,true,systems/iron-hills-system/icons/items/armor/leather_bracer_left.webp,"Concept art for ""Кожаный наруч (л)"", a single fantasy arm armor piece for left arm (vambrace / bracer / pauldron cuff), crafted from rough leather, crude brass rivets, bone toggles, untreated hide, stitched patches, scratches, frontier militia gear, vertical orientation, armor piece upright, isolated single object, transparent or plain dark background, centered, full item visible, armor catalog orthographic clarity, no human, no hands wearing it, sharp focus, high detail, painterly fantasy icon, soft rim light, 768x1536, dim warm campfire light --ar 1:2","text, watermark, logo, signature, blurry, low quality, multiple separate armor sets, full suit spread out, human body, character wearing armor, cluttered background, nsfw"
armor,leather_bracer_right,Кожаный наруч (п),1,armor,1,2,1:2,icons/items/armor/leather_bracer_right.webp,systems/iron-hills-system/icons/items/armor/leather_bracer_right.webp,true,systems/iron-hills-system/icons/items/armor/leather_bracer_right.webp,"Concept art for ""Кожаный наруч (п)"", a single fantasy arm armor piece for right arm (vambrace / bracer / pauldron cuff), crafted from rough leather, crude brass rivets, bone toggles, untreated hide, stitched patches, scratches, frontier militia gear, vertical orientation, armor piece upright, isolated single object, transparent or plain dark background, centered, full item visible, armor catalog orthographic clarity, no human, no hands wearing it, sharp focus, high detail, painterly fantasy icon, soft rim light, 768x1536, dim warm campfire light --ar 1:2","text, watermark, logo, signature, blurry, low quality, multiple separate armor sets, full suit spread out, human body, character wearing armor, cluttered background, nsfw"
armor,leather_cap,Кожаная шапка,1,armor,2,2,1:1,icons/items/armor/leather_cap.webp,systems/iron-hills-system/icons/items/armor/leather_cap.webp,true,systems/iron-hills-system/icons/items/armor/leather_cap.webp,"Concept art for ""Кожаная шапка"", a single fantasy helmet / head armor piece (front-three-quarter view), clear silhouette, crafted from rough leather, crude brass rivets, bone toggles, untreated hide, stitched patches, scratches, frontier militia gear, balanced composition, helmet-centered, isolated single object, transparent or plain dark background, centered, full item visible, armor catalog orthographic clarity, no human, no hands wearing it, sharp focus, high detail, painterly fantasy icon, soft rim light, 1024x1024, dim warm campfire light --ar 1:1","text, watermark, logo, signature, blurry, low quality, multiple separate armor sets, full suit spread out, human body, character wearing armor, cluttered background, nsfw"
armor,leather_gloves,Кожаные перчатки,1,armor,1,2,1:2,icons/items/armor/leather_gloves.webp,systems/iron-hills-system/icons/items/armor/leather_gloves.webp,true,systems/iron-hills-system/icons/items/armor/leather_gloves.webp,"Concept art for ""Кожаные перчатки"", a single fantasy arm armor piece for right arm (vambrace / bracer / pauldron cuff), crafted from rough leather, crude brass rivets, bone toggles, untreated hide, stitched patches, scratches, frontier militia gear, vertical orientation, armor piece upright, isolated single object, transparent or plain dark background, centered, full item visible, armor catalog orthographic clarity, no human, no hands wearing it, sharp focus, high detail, painterly fantasy icon, soft rim light, 768x1536, dim warm campfire light --ar 1:2","text, watermark, logo, signature, blurry, low quality, multiple separate armor sets, full suit spread out, human body, character wearing armor, cluttered background, nsfw"
armor,leather_gorget,Кожаный горжет,1,armor,1,1,1:1,icons/items/armor/leather_gorget.webp,systems/iron-hills-system/icons/items/armor/leather_gorget.webp,true,systems/iron-hills-system/icons/items/armor/leather_gorget.webp,"Concept art for ""Кожаный горжет"", a single fantasy gorget / neck guard collar armor piece, crafted from rough leather, crude brass rivets, bone toggles, untreated hide, stitched patches, scratches, frontier militia gear, balanced composition, helmet-centered, isolated single object, transparent or plain dark background, centered, full item visible, armor catalog orthographic clarity, no human, no hands wearing it, sharp focus, high detail, painterly fantasy icon, soft rim light, 1024x1024, dim warm campfire light --ar 1:1","text, watermark, logo, signature, blurry, low quality, multiple separate armor sets, full suit spread out, human body, character wearing armor, cluttered background, nsfw"
armor,leather_jacket,Кожаная куртка,1,armor,2,3,1:1,icons/items/armor/leather_jacket.webp,systems/iron-hills-system/icons/items/armor/leather_jacket.webp,true,systems/iron-hills-system/icons/items/armor/leather_jacket.webp,"Concept art for ""Кожаная куртка"", a single fantasy torso armor piece (cuirass / breastplate / jack-of-plates), no limbs attached, crafted from rough leather, crude brass rivets, bone toggles, untreated hide, stitched patches, scratches, frontier militia gear, balanced composition, isolated single object, transparent or plain dark background, centered, full item visible, armor catalog orthographic clarity, no human, no hands wearing it, sharp focus, high detail, painterly fantasy icon, soft rim light, 1024x1024, dim warm campfire light --ar 1:1","text, watermark, logo, signature, blurry, low quality, multiple separate armor sets, full suit spread out, human body, character wearing armor, cluttered background, nsfw"
armor,wooden_shield,Деревянный щит,1,armor,2,2,1:1,icons/items/armor/wooden_shield.webp,systems/iron-hills-system/icons/items/armor/wooden_shield.webp,true,systems/iron-hills-system/icons/items/armor/wooden_shield.webp,"Concept art for ""Деревянный щит"", a single fantasy shield (held vertically), kite/heater/tower silhouette, straps visible on back face, crafted from rough leather, crude brass rivets, bone toggles, untreated hide, stitched patches, scratches, frontier militia gear, balanced composition, helmet-centered, isolated single object, transparent or plain dark background, centered, full item visible, armor catalog orthographic clarity, no human, no hands wearing it, sharp focus, high detail, painterly fantasy icon, soft rim light, 1024x1024, dim warm campfire light --ar 1:1","text, watermark, logo, signature, blurry, low quality, multiple separate armor sets, full suit spread out, human body, character wearing armor, cluttered background, nsfw"
armor,chain_gorget,Кольчужный горжет,2,armor,1,1,1:1,icons/items/armor/chain_gorget.webp,systems/iron-hills-system/icons/items/armor/chain_gorget.webp,true,systems/iron-hills-system/icons/items/armor/chain_gorget.webp,"Concept art for ""Кольчужный горжет"", a single fantasy gorget / neck guard collar armor piece, crafted from interlocking mail rings, mild steel, padded arming cap layer, waxed leather edging, battle-worn ring mail, functional, no flourish, balanced composition, helmet-centered, isolated single object, transparent or plain dark background, centered, full item visible, armor catalog orthographic clarity, no human, no hands wearing it, sharp focus, high detail, painterly fantasy icon, soft rim light, 1024x1024, neutral daylight --ar 1:1","text, watermark, logo, signature, blurry, low quality, multiple separate armor sets, full suit spread out, human body, character wearing armor, cluttered background, nsfw"
armor,chain_leggings,Кольчужные поножи,2,armor,2,3,1:1,icons/items/armor/chain_leggings.webp,systems/iron-hills-system/icons/items/armor/chain_leggings.webp,true,systems/iron-hills-system/icons/items/armor/chain_leggings.webp,"Concept art for ""Кольчужные поножи"", a single pair of fantasy leg armor (greaves / sabatons combined piece), symmetrical pair read as one item, crafted from interlocking mail rings, mild steel, padded arming cap layer, waxed leather edging, battle-worn ring mail, functional, no flourish, balanced composition, isolated single object, transparent or plain dark background, centered, full item visible, armor catalog orthographic clarity, no human, no hands wearing it, sharp focus, high detail, painterly fantasy icon, soft rim light, 1024x1024, neutral daylight --ar 1:1","text, watermark, logo, signature, blurry, low quality, multiple separate armor sets, full suit spread out, human body, character wearing armor, cluttered background, nsfw"
armor,chain_sleeves_left,Кольчужный рукав (л),2,armor,1,2,1:2,icons/items/armor/chain_sleeves_left.webp,systems/iron-hills-system/icons/items/armor/chain_sleeves_left.webp,true,systems/iron-hills-system/icons/items/armor/chain_sleeves_left.webp,"Concept art for ""Кольчужный рукав (л)"", a single fantasy arm armor piece for left arm (vambrace / bracer / pauldron cuff), crafted from interlocking mail rings, mild steel, padded arming cap layer, waxed leather edging, battle-worn ring mail, functional, no flourish, vertical orientation, armor piece upright, isolated single object, transparent or plain dark background, centered, full item visible, armor catalog orthographic clarity, no human, no hands wearing it, sharp focus, high detail, painterly fantasy icon, soft rim light, 768x1536, neutral daylight --ar 1:2","text, watermark, logo, signature, blurry, low quality, multiple separate armor sets, full suit spread out, human body, character wearing armor, cluttered background, nsfw"
armor,chain_sleeves_right,Кольчужный рукав (п),2,armor,1,2,1:2,icons/items/armor/chain_sleeves_right.webp,systems/iron-hills-system/icons/items/armor/chain_sleeves_right.webp,true,systems/iron-hills-system/icons/items/armor/chain_sleeves_right.webp,"Concept art for ""Кольчужный рукав (п)"", a single fantasy arm armor piece for right arm (vambrace / bracer / pauldron cuff), crafted from interlocking mail rings, mild steel, padded arming cap layer, waxed leather edging, battle-worn ring mail, functional, no flourish, vertical orientation, armor piece upright, isolated single object, transparent or plain dark background, centered, full item visible, armor catalog orthographic clarity, no human, no hands wearing it, sharp focus, high detail, painterly fantasy icon, soft rim light, 768x1536, neutral daylight --ar 1:2","text, watermark, logo, signature, blurry, low quality, multiple separate armor sets, full suit spread out, human body, character wearing armor, cluttered background, nsfw"
armor,chainmail,Кольчуга,2,armor,2,3,1:1,icons/items/armor/chainmail.webp,systems/iron-hills-system/icons/items/armor/chainmail.webp,true,systems/iron-hills-system/icons/items/armor/chainmail.webp,"Concept art for ""Кольчуга"", a single fantasy torso armor piece (cuirass / breastplate / jack-of-plates), no limbs attached, crafted from interlocking mail rings, mild steel, padded arming cap layer, waxed leather edging, battle-worn ring mail, functional, no flourish, balanced composition, isolated single object, transparent or plain dark background, centered, full item visible, armor catalog orthographic clarity, no human, no hands wearing it, sharp focus, high detail, painterly fantasy icon, soft rim light, 1024x1024, neutral daylight --ar 1:1","text, watermark, logo, signature, blurry, low quality, multiple separate armor sets, full suit spread out, human body, character wearing armor, cluttered background, nsfw"
armor,chainmail_coif,Кольчужный капюшон,2,armor,2,2,1:1,icons/items/armor/chainmail_coif.webp,systems/iron-hills-system/icons/items/armor/chainmail_coif.webp,true,systems/iron-hills-system/icons/items/armor/chainmail_coif.webp,"Concept art for ""Кольчужный капюшон"", a single fantasy helmet / head armor piece (front-three-quarter view), clear silhouette, crafted from interlocking mail rings, mild steel, padded arming cap layer, waxed leather edging, battle-worn ring mail, functional, no flourish, balanced composition, helmet-centered, isolated single object, transparent or plain dark background, centered, full item visible, armor catalog orthographic clarity, no human, no hands wearing it, sharp focus, high detail, painterly fantasy icon, soft rim light, 1024x1024, neutral daylight --ar 1:1","text, watermark, logo, signature, blurry, low quality, multiple separate armor sets, full suit spread out, human body, character wearing armor, cluttered background, nsfw"
armor,iron_shield,Железный щит,2,armor,2,2,1:1,icons/items/armor/iron_shield.webp,systems/iron-hills-system/icons/items/armor/iron_shield.webp,true,systems/iron-hills-system/icons/items/armor/iron_shield.webp,"Concept art for ""Железный щит"", a single fantasy shield (held vertically), kite/heater/tower silhouette, straps visible on back face, crafted from interlocking mail rings, mild steel, padded arming cap layer, waxed leather edging, battle-worn ring mail, functional, no flourish, balanced composition, helmet-centered, isolated single object, transparent or plain dark background, centered, full item visible, armor catalog orthographic clarity, no human, no hands wearing it, sharp focus, high detail, painterly fantasy icon, soft rim light, 1024x1024, neutral daylight --ar 1:1","text, watermark, logo, signature, blurry, low quality, multiple separate armor sets, full suit spread out, human body, character wearing armor, cluttered background, nsfw"
armor,kite_shield,Рыцарский щит,3,armor,2,2,1:1,icons/items/armor/kite_shield.webp,systems/iron-hills-system/icons/items/armor/kite_shield.webp,true,systems/iron-hills-system/icons/items/armor/kite_shield.webp,"Concept art for ""Рыцарский щит"", a single fantasy shield (held vertically), kite/heater/tower silhouette, straps visible on back face, crafted from polished steel plates, articulated lames, leather straps, simple etchings, knight-issue half plate, well-maintained soldier kit, balanced composition, helmet-centered, isolated single object, transparent or plain dark background, centered, full item visible, armor catalog orthographic clarity, no human, no hands wearing it, sharp focus, high detail, painterly fantasy icon, soft rim light, 1024x1024, forge embers glow in background --ar 1:1","text, watermark, logo, signature, blurry, low quality, multiple separate armor sets, full suit spread out, human body, character wearing armor, cluttered background, nsfw"
armor,plate_arms_left,Стальной наруч (л),3,armor,1,2,1:2,icons/items/armor/plate_arms_left.webp,systems/iron-hills-system/icons/items/armor/plate_arms_left.webp,true,systems/iron-hills-system/icons/items/armor/plate_arms_left.webp,"Concept art for ""Стальной наруч (л)"", a single fantasy arm armor piece for left arm (vambrace / bracer / pauldron cuff), crafted from polished steel plates, articulated lames, leather straps, simple etchings, knight-issue half plate, well-maintained soldier kit, vertical orientation, armor piece upright, isolated single object, transparent or plain dark background, centered, full item visible, armor catalog orthographic clarity, no human, no hands wearing it, sharp focus, high detail, painterly fantasy icon, soft rim light, 768x1536, forge embers glow in background --ar 1:2","text, watermark, logo, signature, blurry, low quality, multiple separate armor sets, full suit spread out, human body, character wearing armor, cluttered background, nsfw"
armor,plate_arms_right,Стальной наруч (п),3,armor,1,2,1:2,icons/items/armor/plate_arms_right.webp,systems/iron-hills-system/icons/items/armor/plate_arms_right.webp,true,systems/iron-hills-system/icons/items/armor/plate_arms_right.webp,"Concept art for ""Стальной наруч (п)"", a single fantasy arm armor piece for right arm (vambrace / bracer / pauldron cuff), crafted from polished steel plates, articulated lames, leather straps, simple etchings, knight-issue half plate, well-maintained soldier kit, vertical orientation, armor piece upright, isolated single object, transparent or plain dark background, centered, full item visible, armor catalog orthographic clarity, no human, no hands wearing it, sharp focus, high detail, painterly fantasy icon, soft rim light, 768x1536, forge embers glow in background --ar 1:2","text, watermark, logo, signature, blurry, low quality, multiple separate armor sets, full suit spread out, human body, character wearing armor, cluttered background, nsfw"
armor,plate_chest,Нагрудник,3,armor,2,3,1:1,icons/items/armor/plate_chest.webp,systems/iron-hills-system/icons/items/armor/plate_chest.webp,true,systems/iron-hills-system/icons/items/armor/plate_chest.webp,"Concept art for ""Нагрудник"", a single fantasy torso armor piece (cuirass / breastplate / jack-of-plates), no limbs attached, crafted from polished steel plates, articulated lames, leather straps, simple etchings, knight-issue half plate, well-maintained soldier kit, balanced composition, isolated single object, transparent or plain dark background, centered, full item visible, armor catalog orthographic clarity, no human, no hands wearing it, sharp focus, high detail, painterly fantasy icon, soft rim light, 1024x1024, forge embers glow in background --ar 1:1","text, watermark, logo, signature, blurry, low quality, multiple separate armor sets, full suit spread out, human body, character wearing armor, cluttered background, nsfw"
armor,plate_gorget,Стальной горжет,3,armor,1,1,1:1,icons/items/armor/plate_gorget.webp,systems/iron-hills-system/icons/items/armor/plate_gorget.webp,true,systems/iron-hills-system/icons/items/armor/plate_gorget.webp,"Concept art for ""Стальной горжет"", a single fantasy gorget / neck guard collar armor piece, crafted from polished steel plates, articulated lames, leather straps, simple etchings, knight-issue half plate, well-maintained soldier kit, balanced composition, helmet-centered, isolated single object, transparent or plain dark background, centered, full item visible, armor catalog orthographic clarity, no human, no hands wearing it, sharp focus, high detail, painterly fantasy icon, soft rim light, 1024x1024, forge embers glow in background --ar 1:1","text, watermark, logo, signature, blurry, low quality, multiple separate armor sets, full suit spread out, human body, character wearing armor, cluttered background, nsfw"
armor,plate_helm,Стальной шлем,3,armor,2,2,1:1,icons/items/armor/plate_helm.webp,systems/iron-hills-system/icons/items/armor/plate_helm.webp,true,systems/iron-hills-system/icons/items/armor/plate_helm.webp,"Concept art for ""Стальной шлем"", a single fantasy helmet / head armor piece (front-three-quarter view), clear silhouette, crafted from polished steel plates, articulated lames, leather straps, simple etchings, knight-issue half plate, well-maintained soldier kit, balanced composition, helmet-centered, isolated single object, transparent or plain dark background, centered, full item visible, armor catalog orthographic clarity, no human, no hands wearing it, sharp focus, high detail, painterly fantasy icon, soft rim light, 1024x1024, forge embers glow in background --ar 1:1","text, watermark, logo, signature, blurry, low quality, multiple separate armor sets, full suit spread out, human body, character wearing armor, cluttered background, nsfw"
armor,plate_legs,Набедренники,3,armor,2,3,1:1,icons/items/armor/plate_legs.webp,systems/iron-hills-system/icons/items/armor/plate_legs.webp,true,systems/iron-hills-system/icons/items/armor/plate_legs.webp,"Concept art for ""Набедренники"", a single pair of fantasy leg armor (greaves / sabatons combined piece), symmetrical pair read as one item, crafted from polished steel plates, articulated lames, leather straps, simple etchings, knight-issue half plate, well-maintained soldier kit, balanced composition, isolated single object, transparent or plain dark background, centered, full item visible, armor catalog orthographic clarity, no human, no hands wearing it, sharp focus, high detail, painterly fantasy icon, soft rim light, 1024x1024, forge embers glow in background --ar 1:1","text, watermark, logo, signature, blurry, low quality, multiple separate armor sets, full suit spread out, human body, character wearing armor, cluttered background, nsfw"
armor,alloy_bracer_left,Легир. наруч (л),4,armor,1,2,1:2,icons/items/armor/alloy_bracer_left.webp,systems/iron-hills-system/icons/items/armor/alloy_bracer_left.webp,true,systems/iron-hills-system/icons/items/armor/alloy_bracer_left.webp,"Concept art for ""Легир. наруч (л)"", a single fantasy arm armor piece for left arm (vambrace / bracer / pauldron cuff), crafted from tempered steel with bronze/brass inlays, blackened edges, heraldic crest embossing, commander-grade, decorative but practical, vertical orientation, armor piece upright, isolated single object, transparent or plain dark background, centered, full item visible, armor catalog orthographic clarity, no human, no hands wearing it, sharp focus, high detail, painterly fantasy icon, soft rim light, 768x1536, clean white studio light --ar 1:2","text, watermark, logo, signature, blurry, low quality, multiple separate armor sets, full suit spread out, human body, character wearing armor, cluttered background, nsfw"
armor,alloy_bracer_right,Легир. наруч (п),4,armor,1,2,1:2,icons/items/armor/alloy_bracer_right.webp,systems/iron-hills-system/icons/items/armor/alloy_bracer_right.webp,true,systems/iron-hills-system/icons/items/armor/alloy_bracer_right.webp,"Concept art for ""Легир. наруч (п)"", a single fantasy arm armor piece for right arm (vambrace / bracer / pauldron cuff), crafted from tempered steel with bronze/brass inlays, blackened edges, heraldic crest embossing, commander-grade, decorative but practical, vertical orientation, armor piece upright, isolated single object, transparent or plain dark background, centered, full item visible, armor catalog orthographic clarity, no human, no hands wearing it, sharp focus, high detail, painterly fantasy icon, soft rim light, 768x1536, clean white studio light --ar 1:2","text, watermark, logo, signature, blurry, low quality, multiple separate armor sets, full suit spread out, human body, character wearing armor, cluttered background, nsfw"
armor,alloy_chest,Легированный панцирь,4,armor,2,3,1:1,icons/items/armor/alloy_chest.webp,systems/iron-hills-system/icons/items/armor/alloy_chest.webp,true,systems/iron-hills-system/icons/items/armor/alloy_chest.webp,"Concept art for ""Легированный панцирь"", a single fantasy torso armor piece (cuirass / breastplate / jack-of-plates), no limbs attached, crafted from tempered steel with bronze/brass inlays, blackened edges, heraldic crest embossing, commander-grade, decorative but practical, balanced composition, isolated single object, transparent or plain dark background, centered, full item visible, armor catalog orthographic clarity, no human, no hands wearing it, sharp focus, high detail, painterly fantasy icon, soft rim light, 1024x1024, clean white studio light --ar 1:1","text, watermark, logo, signature, blurry, low quality, multiple separate armor sets, full suit spread out, human body, character wearing armor, cluttered background, nsfw"
armor,alloy_gorget,Легир. горжет,4,armor,1,1,1:1,icons/items/armor/alloy_gorget.webp,systems/iron-hills-system/icons/items/armor/alloy_gorget.webp,true,systems/iron-hills-system/icons/items/armor/alloy_gorget.webp,"Concept art for ""Легир. горжет"", a single fantasy gorget / neck guard collar armor piece, crafted from tempered steel with bronze/brass inlays, blackened edges, heraldic crest embossing, commander-grade, decorative but practical, balanced composition, helmet-centered, isolated single object, transparent or plain dark background, centered, full item visible, armor catalog orthographic clarity, no human, no hands wearing it, sharp focus, high detail, painterly fantasy icon, soft rim light, 1024x1024, clean white studio light --ar 1:1","text, watermark, logo, signature, blurry, low quality, multiple separate armor sets, full suit spread out, human body, character wearing armor, cluttered background, nsfw"
armor,alloy_helm,Легированный шлем,4,armor,2,2,1:1,icons/items/armor/alloy_helm.webp,systems/iron-hills-system/icons/items/armor/alloy_helm.webp,true,systems/iron-hills-system/icons/items/armor/alloy_helm.webp,"Concept art for ""Легированный шлем"", a single fantasy helmet / head armor piece (front-three-quarter view), clear silhouette, crafted from tempered steel with bronze/brass inlays, blackened edges, heraldic crest embossing, commander-grade, decorative but practical, balanced composition, helmet-centered, isolated single object, transparent or plain dark background, centered, full item visible, armor catalog orthographic clarity, no human, no hands wearing it, sharp focus, high detail, painterly fantasy icon, soft rim light, 1024x1024, clean white studio light --ar 1:1","text, watermark, logo, signature, blurry, low quality, multiple separate armor sets, full suit spread out, human body, character wearing armor, cluttered background, nsfw"
armor,alloy_legs,Легированные поножи,4,armor,2,3,1:1,icons/items/armor/alloy_legs.webp,systems/iron-hills-system/icons/items/armor/alloy_legs.webp,true,systems/iron-hills-system/icons/items/armor/alloy_legs.webp,"Concept art for ""Легированные поножи"", a single pair of fantasy leg armor (greaves / sabatons combined piece), symmetrical pair read as one item, crafted from tempered steel with bronze/brass inlays, blackened edges, heraldic crest embossing, commander-grade, decorative but practical, balanced composition, isolated single object, transparent or plain dark background, centered, full item visible, armor catalog orthographic clarity, no human, no hands wearing it, sharp focus, high detail, painterly fantasy icon, soft rim light, 1024x1024, clean white studio light --ar 1:1","text, watermark, logo, signature, blurry, low quality, multiple separate armor sets, full suit spread out, human body, character wearing armor, cluttered background, nsfw"
armor,tower_shield,Башенный щит,4,armor,2,2,1:1,icons/items/armor/tower_shield.webp,systems/iron-hills-system/icons/items/armor/tower_shield.webp,true,systems/iron-hills-system/icons/items/armor/tower_shield.webp,"Concept art for ""Башенный щит"", a single fantasy shield (held vertically), kite/heater/tower silhouette, straps visible on back face, crafted from tempered steel with bronze/brass inlays, blackened edges, heraldic crest embossing, commander-grade, decorative but practical, balanced composition, helmet-centered, isolated single object, transparent or plain dark background, centered, full item visible, armor catalog orthographic clarity, no human, no hands wearing it, sharp focus, high detail, painterly fantasy icon, soft rim light, 1024x1024, clean white studio light --ar 1:1","text, watermark, logo, signature, blurry, low quality, multiple separate armor sets, full suit spread out, human body, character wearing armor, cluttered background, nsfw"
armor,mithril_bracer_left,Митрильный наруч (л),5,armor,1,2,1:2,icons/items/armor/mithril_bracer_left.webp,systems/iron-hills-system/icons/items/armor/mithril_bracer_left.webp,true,systems/iron-hills-system/icons/items/armor/mithril_bracer_left.webp,"Concept art for ""Митрильный наруч (л)"", a single fantasy arm armor piece for left arm (vambrace / bracer / pauldron cuff), crafted from mithril gleam (silver-white with faint blue tint), featherweight plates, sapphire rivets, masterwork, elven-smith finish, faintly magical, vertical orientation, armor piece upright, isolated single object, transparent or plain dark background, centered, full item visible, armor catalog orthographic clarity, no human, no hands wearing it, sharp focus, high detail, painterly fantasy icon, soft rim light, 768x1536, cool blue rim light --ar 1:2","text, watermark, logo, signature, blurry, low quality, multiple separate armor sets, full suit spread out, human body, character wearing armor, cluttered background, nsfw"
armor,mithril_bracer_right,Митрильный наруч (п),5,armor,1,2,1:2,icons/items/armor/mithril_bracer_right.webp,systems/iron-hills-system/icons/items/armor/mithril_bracer_right.webp,true,systems/iron-hills-system/icons/items/armor/mithril_bracer_right.webp,"Concept art for ""Митрильный наруч (п)"", a single fantasy arm armor piece for right arm (vambrace / bracer / pauldron cuff), crafted from mithril gleam (silver-white with faint blue tint), featherweight plates, sapphire rivets, masterwork, elven-smith finish, faintly magical, vertical orientation, armor piece upright, isolated single object, transparent or plain dark background, centered, full item visible, armor catalog orthographic clarity, no human, no hands wearing it, sharp focus, high detail, painterly fantasy icon, soft rim light, 768x1536, cool blue rim light --ar 1:2","text, watermark, logo, signature, blurry, low quality, multiple separate armor sets, full suit spread out, human body, character wearing armor, cluttered background, nsfw"
armor,mithril_chest,Митрильный нагрудник,5,armor,2,3,1:1,icons/items/armor/mithril_chest.webp,systems/iron-hills-system/icons/items/armor/mithril_chest.webp,true,systems/iron-hills-system/icons/items/armor/mithril_chest.webp,"Concept art for ""Митрильный нагрудник"", a single fantasy torso armor piece (cuirass / breastplate / jack-of-plates), no limbs attached, crafted from mithril gleam (silver-white with faint blue tint), featherweight plates, sapphire rivets, masterwork, elven-smith finish, faintly magical, balanced composition, isolated single object, transparent or plain dark background, centered, full item visible, armor catalog orthographic clarity, no human, no hands wearing it, sharp focus, high detail, painterly fantasy icon, soft rim light, 1024x1024, cool blue rim light --ar 1:1","text, watermark, logo, signature, blurry, low quality, multiple separate armor sets, full suit spread out, human body, character wearing armor, cluttered background, nsfw"
armor,mithril_gorget,Митрильный горжет,5,armor,1,1,1:1,icons/items/armor/mithril_gorget.webp,systems/iron-hills-system/icons/items/armor/mithril_gorget.webp,true,systems/iron-hills-system/icons/items/armor/mithril_gorget.webp,"Concept art for ""Митрильный горжет"", a single fantasy gorget / neck guard collar armor piece, crafted from mithril gleam (silver-white with faint blue tint), featherweight plates, sapphire rivets, masterwork, elven-smith finish, faintly magical, balanced composition, helmet-centered, isolated single object, transparent or plain dark background, centered, full item visible, armor catalog orthographic clarity, no human, no hands wearing it, sharp focus, high detail, painterly fantasy icon, soft rim light, 1024x1024, cool blue rim light --ar 1:1","text, watermark, logo, signature, blurry, low quality, multiple separate armor sets, full suit spread out, human body, character wearing armor, cluttered background, nsfw"
armor,mithril_helm,Митрильный шлем,5,armor,2,2,1:1,icons/items/armor/mithril_helm.webp,systems/iron-hills-system/icons/items/armor/mithril_helm.webp,true,systems/iron-hills-system/icons/items/armor/mithril_helm.webp,"Concept art for ""Митрильный шлем"", a single fantasy helmet / head armor piece (front-three-quarter view), clear silhouette, crafted from mithril gleam (silver-white with faint blue tint), featherweight plates, sapphire rivets, masterwork, elven-smith finish, faintly magical, balanced composition, helmet-centered, isolated single object, transparent or plain dark background, centered, full item visible, armor catalog orthographic clarity, no human, no hands wearing it, sharp focus, high detail, painterly fantasy icon, soft rim light, 1024x1024, cool blue rim light --ar 1:1","text, watermark, logo, signature, blurry, low quality, multiple separate armor sets, full suit spread out, human body, character wearing armor, cluttered background, nsfw"
armor,mithril_legs,Митрильные поножи,5,armor,2,3,1:1,icons/items/armor/mithril_legs.webp,systems/iron-hills-system/icons/items/armor/mithril_legs.webp,true,systems/iron-hills-system/icons/items/armor/mithril_legs.webp,"Concept art for ""Митрильные поножи"", a single pair of fantasy leg armor (greaves / sabatons combined piece), symmetrical pair read as one item, crafted from mithril gleam (silver-white with faint blue tint), featherweight plates, sapphire rivets, masterwork, elven-smith finish, faintly magical, balanced composition, isolated single object, transparent or plain dark background, centered, full item visible, armor catalog orthographic clarity, no human, no hands wearing it, sharp focus, high detail, painterly fantasy icon, soft rim light, 1024x1024, cool blue rim light --ar 1:1","text, watermark, logo, signature, blurry, low quality, multiple separate armor sets, full suit spread out, human body, character wearing armor, cluttered background, nsfw"
armor,mithril_shield,Митрильный щит,5,armor,2,2,1:1,icons/items/armor/mithril_shield.webp,systems/iron-hills-system/icons/items/armor/mithril_shield.webp,true,systems/iron-hills-system/icons/items/armor/mithril_shield.webp,"Concept art for ""Митрильный щит"", a single fantasy shield (held vertically), kite/heater/tower silhouette, straps visible on back face, crafted from mithril gleam (silver-white with faint blue tint), featherweight plates, sapphire rivets, masterwork, elven-smith finish, faintly magical, balanced composition, helmet-centered, isolated single object, transparent or plain dark background, centered, full item visible, armor catalog orthographic clarity, no human, no hands wearing it, sharp focus, high detail, painterly fantasy icon, soft rim light, 1024x1024, cool blue rim light --ar 1:1","text, watermark, logo, signature, blurry, low quality, multiple separate armor sets, full suit spread out, human body, character wearing armor, cluttered background, nsfw"
armor,darkiron_bracer_left,Наруч тёмн. железа (л),6,armor,1,2,1:2,icons/items/armor/darkiron_bracer_left.webp,systems/iron-hills-system/icons/items/armor/darkiron_bracer_left.webp,true,systems/iron-hills-system/icons/items/armor/darkiron_bracer_left.webp,"Concept art for ""Наруч тёмн. железа (л)"", a single fantasy arm armor piece for left arm (vambrace / bracer / pauldron cuff), crafted from dark iron with subtle purple sheen, soot patina, silver runes etched into seams, heavy, ominous, infernal forge aesthetic, vertical orientation, armor piece upright, isolated single object, transparent or plain dark background, centered, full item visible, armor catalog orthographic clarity, no human, no hands wearing it, sharp focus, high detail, painterly fantasy icon, soft rim light, 768x1536, deep violet under-glow, faint ember particles --ar 1:2","text, watermark, logo, signature, blurry, low quality, multiple separate armor sets, full suit spread out, human body, character wearing armor, cluttered background, nsfw"
armor,darkiron_bracer_right,Наруч тёмн. железа (п),6,armor,1,2,1:2,icons/items/armor/darkiron_bracer_right.webp,systems/iron-hills-system/icons/items/armor/darkiron_bracer_right.webp,true,systems/iron-hills-system/icons/items/armor/darkiron_bracer_right.webp,"Concept art for ""Наруч тёмн. железа (п)"", a single fantasy arm armor piece for right arm (vambrace / bracer / pauldron cuff), crafted from dark iron with subtle purple sheen, soot patina, silver runes etched into seams, heavy, ominous, infernal forge aesthetic, vertical orientation, armor piece upright, isolated single object, transparent or plain dark background, centered, full item visible, armor catalog orthographic clarity, no human, no hands wearing it, sharp focus, high detail, painterly fantasy icon, soft rim light, 768x1536, deep violet under-glow, faint ember particles --ar 1:2","text, watermark, logo, signature, blurry, low quality, multiple separate armor sets, full suit spread out, human body, character wearing armor, cluttered background, nsfw"
armor,darkiron_chest,Латы тёмного железа,6,armor,2,3,1:1,icons/items/armor/darkiron_chest.webp,systems/iron-hills-system/icons/items/armor/darkiron_chest.webp,true,systems/iron-hills-system/icons/items/armor/darkiron_chest.webp,"Concept art for ""Латы тёмного железа"", a single fantasy torso armor piece (cuirass / breastplate / jack-of-plates), no limbs attached, crafted from dark iron with subtle purple sheen, soot patina, silver runes etched into seams, heavy, ominous, infernal forge aesthetic, balanced composition, isolated single object, transparent or plain dark background, centered, full item visible, armor catalog orthographic clarity, no human, no hands wearing it, sharp focus, high detail, painterly fantasy icon, soft rim light, 1024x1024, deep violet under-glow, faint ember particles --ar 1:1","text, watermark, logo, signature, blurry, low quality, multiple separate armor sets, full suit spread out, human body, character wearing armor, cluttered background, nsfw"
armor,darkiron_gorget,Горжет тёмн. железа,6,armor,1,1,1:1,icons/items/armor/darkiron_gorget.webp,systems/iron-hills-system/icons/items/armor/darkiron_gorget.webp,true,systems/iron-hills-system/icons/items/armor/darkiron_gorget.webp,"Concept art for ""Горжет тёмн. железа"", a single fantasy gorget / neck guard collar armor piece, crafted from dark iron with subtle purple sheen, soot patina, silver runes etched into seams, heavy, ominous, infernal forge aesthetic, balanced composition, helmet-centered, isolated single object, transparent or plain dark background, centered, full item visible, armor catalog orthographic clarity, no human, no hands wearing it, sharp focus, high detail, painterly fantasy icon, soft rim light, 1024x1024, deep violet under-glow, faint ember particles --ar 1:1","text, watermark, logo, signature, blurry, low quality, multiple separate armor sets, full suit spread out, human body, character wearing armor, cluttered background, nsfw"
armor,darkiron_helm,Шлем тёмного железа,6,armor,2,2,1:1,icons/items/armor/darkiron_helm.webp,systems/iron-hills-system/icons/items/armor/darkiron_helm.webp,true,systems/iron-hills-system/icons/items/armor/darkiron_helm.webp,"Concept art for ""Шлем тёмного железа"", a single fantasy helmet / head armor piece (front-three-quarter view), clear silhouette, crafted from dark iron with subtle purple sheen, soot patina, silver runes etched into seams, heavy, ominous, infernal forge aesthetic, balanced composition, helmet-centered, isolated single object, transparent or plain dark background, centered, full item visible, armor catalog orthographic clarity, no human, no hands wearing it, sharp focus, high detail, painterly fantasy icon, soft rim light, 1024x1024, deep violet under-glow, faint ember particles --ar 1:1","text, watermark, logo, signature, blurry, low quality, multiple separate armor sets, full suit spread out, human body, character wearing armor, cluttered background, nsfw"
armor,darkiron_legs,Поножи тёмного железа,6,armor,2,3,1:1,icons/items/armor/darkiron_legs.webp,systems/iron-hills-system/icons/items/armor/darkiron_legs.webp,true,systems/iron-hills-system/icons/items/armor/darkiron_legs.webp,"Concept art for ""Поножи тёмного железа"", a single pair of fantasy leg armor (greaves / sabatons combined piece), symmetrical pair read as one item, crafted from dark iron with subtle purple sheen, soot patina, silver runes etched into seams, heavy, ominous, infernal forge aesthetic, balanced composition, isolated single object, transparent or plain dark background, centered, full item visible, armor catalog orthographic clarity, no human, no hands wearing it, sharp focus, high detail, painterly fantasy icon, soft rim light, 1024x1024, deep violet under-glow, faint ember particles --ar 1:1","text, watermark, logo, signature, blurry, low quality, multiple separate armor sets, full suit spread out, human body, character wearing armor, cluttered background, nsfw"
armor,darkiron_shield,Щит тёмного железа,6,armor,2,2,1:1,icons/items/armor/darkiron_shield.webp,systems/iron-hills-system/icons/items/armor/darkiron_shield.webp,true,systems/iron-hills-system/icons/items/armor/darkiron_shield.webp,"Concept art for ""Щит тёмного железа"", a single fantasy shield (held vertically), kite/heater/tower silhouette, straps visible on back face, crafted from dark iron with subtle purple sheen, soot patina, silver runes etched into seams, heavy, ominous, infernal forge aesthetic, balanced composition, helmet-centered, isolated single object, transparent or plain dark background, centered, full item visible, armor catalog orthographic clarity, no human, no hands wearing it, sharp focus, high detail, painterly fantasy icon, soft rim light, 1024x1024, deep violet under-glow, faint ember particles --ar 1:1","text, watermark, logo, signature, blurry, low quality, multiple separate armor sets, full suit spread out, human body, character wearing armor, cluttered background, nsfw"
armor,star_helm,Шлем звёздного металла,7,armor,2,2,1:1,icons/items/armor/star_helm.webp,systems/iron-hills-system/icons/items/armor/star_helm.webp,true,systems/iron-hills-system/icons/items/armor/star_helm.webp,"Concept art for ""Шлем звёздного металла"", a single fantasy helmet / head armor piece (front-three-quarter view), clear silhouette, crafted from starmetal (blue-black metal with starfield shimmer), void-crystal studs, faint smoke wisps, cosmic horror luxury, unsettling elegance, balanced composition, helmet-centered, isolated single object, transparent or plain dark background, centered, full item visible, armor catalog orthographic clarity, no human, no hands wearing it, sharp focus, high detail, painterly fantasy icon, soft rim light, 1024x1024, cosmic violet and starfield bokeh --ar 1:1","text, watermark, logo, signature, blurry, low quality, multiple separate armor sets, full suit spread out, human body, character wearing armor, cluttered background, nsfw"
armor,starmetal_shield,Щит звёздного металла,7,armor,2,2,1:1,icons/items/armor/starmetal_shield.webp,systems/iron-hills-system/icons/items/armor/starmetal_shield.webp,true,systems/iron-hills-system/icons/items/armor/starmetal_shield.webp,"Concept art for ""Щит звёздного металла"", a single fantasy shield (held vertically), kite/heater/tower silhouette, straps visible on back face, crafted from starmetal (blue-black metal with starfield shimmer), void-crystal studs, faint smoke wisps, cosmic horror luxury, unsettling elegance, balanced composition, helmet-centered, isolated single object, transparent or plain dark background, centered, full item visible, armor catalog orthographic clarity, no human, no hands wearing it, sharp focus, high detail, painterly fantasy icon, soft rim light, 1024x1024, cosmic violet and starfield bokeh --ar 1:1","text, watermark, logo, signature, blurry, low quality, multiple separate armor sets, full suit spread out, human body, character wearing armor, cluttered background, nsfw"
armor,void_armor,Доспех Пустоты,7,armor,2,3,1:1,icons/items/armor/void_armor.webp,systems/iron-hills-system/icons/items/armor/void_armor.webp,true,systems/iron-hills-system/icons/items/armor/void_armor.webp,"Concept art for ""Доспех Пустоты"", a single fantasy torso armor piece (cuirass / breastplate / jack-of-plates), no limbs attached, crafted from starmetal (blue-black metal with starfield shimmer), void-crystal studs, faint smoke wisps, cosmic horror luxury, unsettling elegance, balanced composition, isolated single object, transparent or plain dark background, centered, full item visible, armor catalog orthographic clarity, no human, no hands wearing it, sharp focus, high detail, painterly fantasy icon, soft rim light, 1024x1024, cosmic violet and starfield bokeh --ar 1:1","text, watermark, logo, signature, blurry, low quality, multiple separate armor sets, full suit spread out, human body, character wearing armor, cluttered background, nsfw"
armor,void_bracer_left,Наруч Пустоты (л),7,armor,1,2,1:2,icons/items/armor/void_bracer_left.webp,systems/iron-hills-system/icons/items/armor/void_bracer_left.webp,true,systems/iron-hills-system/icons/items/armor/void_bracer_left.webp,"Concept art for ""Наруч Пустоты (л)"", a single fantasy arm armor piece for left arm (vambrace / bracer / pauldron cuff), crafted from starmetal (blue-black metal with starfield shimmer), void-crystal studs, faint smoke wisps, cosmic horror luxury, unsettling elegance, vertical orientation, armor piece upright, isolated single object, transparent or plain dark background, centered, full item visible, armor catalog orthographic clarity, no human, no hands wearing it, sharp focus, high detail, painterly fantasy icon, soft rim light, 768x1536, cosmic violet and starfield bokeh --ar 1:2","text, watermark, logo, signature, blurry, low quality, multiple separate armor sets, full suit spread out, human body, character wearing armor, cluttered background, nsfw"
armor,void_bracer_right,Наруч Пустоты (п),7,armor,1,2,1:2,icons/items/armor/void_bracer_right.webp,systems/iron-hills-system/icons/items/armor/void_bracer_right.webp,true,systems/iron-hills-system/icons/items/armor/void_bracer_right.webp,"Concept art for ""Наруч Пустоты (п)"", a single fantasy arm armor piece for right arm (vambrace / bracer / pauldron cuff), crafted from starmetal (blue-black metal with starfield shimmer), void-crystal studs, faint smoke wisps, cosmic horror luxury, unsettling elegance, vertical orientation, armor piece upright, isolated single object, transparent or plain dark background, centered, full item visible, armor catalog orthographic clarity, no human, no hands wearing it, sharp focus, high detail, painterly fantasy icon, soft rim light, 768x1536, cosmic violet and starfield bokeh --ar 1:2","text, watermark, logo, signature, blurry, low quality, multiple separate armor sets, full suit spread out, human body, character wearing armor, cluttered background, nsfw"
armor,void_gorget,Звёздный горжет,7,armor,1,1,1:1,icons/items/armor/void_gorget.webp,systems/iron-hills-system/icons/items/armor/void_gorget.webp,true,systems/iron-hills-system/icons/items/armor/void_gorget.webp,"Concept art for ""Звёздный горжет"", a single fantasy gorget / neck guard collar armor piece, crafted from starmetal (blue-black metal with starfield shimmer), void-crystal studs, faint smoke wisps, cosmic horror luxury, unsettling elegance, balanced composition, helmet-centered, isolated single object, transparent or plain dark background, centered, full item visible, armor catalog orthographic clarity, no human, no hands wearing it, sharp focus, high detail, painterly fantasy icon, soft rim light, 1024x1024, cosmic violet and starfield bokeh --ar 1:1","text, watermark, logo, signature, blurry, low quality, multiple separate armor sets, full suit spread out, human body, character wearing armor, cluttered background, nsfw"
armor,void_legs,Поножи звёздного металла,7,armor,2,3,1:1,icons/items/armor/void_legs.webp,systems/iron-hills-system/icons/items/armor/void_legs.webp,true,systems/iron-hills-system/icons/items/armor/void_legs.webp,"Concept art for ""Поножи звёздного металла"", a single pair of fantasy leg armor (greaves / sabatons combined piece), symmetrical pair read as one item, crafted from starmetal (blue-black metal with starfield shimmer), void-crystal studs, faint smoke wisps, cosmic horror luxury, unsettling elegance, balanced composition, isolated single object, transparent or plain dark background, centered, full item visible, armor catalog orthographic clarity, no human, no hands wearing it, sharp focus, high detail, painterly fantasy icon, soft rim light, 1024x1024, cosmic violet and starfield bokeh --ar 1:1","text, watermark, logo, signature, blurry, low quality, multiple separate armor sets, full suit spread out, human body, character wearing armor, cluttered background, nsfw"
armor,celestial_bracer_left,Небесный наруч (л),8,armor,1,2,1:2,icons/items/armor/celestial_bracer_left.webp,systems/iron-hills-system/icons/items/armor/celestial_bracer_left.webp,true,systems/iron-hills-system/icons/items/armor/celestial_bracer_left.webp,"Concept art for ""Небесный наруч (л)"", a single fantasy arm armor piece for left arm (vambrace / bracer / pauldron cuff), crafted from celestial steel (pearlescent silver), gold filigree halos, feather engravings, angelic crusader aesthetic, immaculate, vertical orientation, armor piece upright, isolated single object, transparent or plain dark background, centered, full item visible, armor catalog orthographic clarity, no human, no hands wearing it, sharp focus, high detail, painterly fantasy icon, soft rim light, 768x1536, soft heavenly radiance, lens glow --ar 1:2","text, watermark, logo, signature, blurry, low quality, multiple separate armor sets, full suit spread out, human body, character wearing armor, cluttered background, nsfw"
armor,celestial_bracer_right,Небесный наруч (п),8,armor,1,2,1:2,icons/items/armor/celestial_bracer_right.webp,systems/iron-hills-system/icons/items/armor/celestial_bracer_right.webp,true,systems/iron-hills-system/icons/items/armor/celestial_bracer_right.webp,"Concept art for ""Небесный наруч (п)"", a single fantasy arm armor piece for right arm (vambrace / bracer / pauldron cuff), crafted from celestial steel (pearlescent silver), gold filigree halos, feather engravings, angelic crusader aesthetic, immaculate, vertical orientation, armor piece upright, isolated single object, transparent or plain dark background, centered, full item visible, armor catalog orthographic clarity, no human, no hands wearing it, sharp focus, high detail, painterly fantasy icon, soft rim light, 768x1536, soft heavenly radiance, lens glow --ar 1:2","text, watermark, logo, signature, blurry, low quality, multiple separate armor sets, full suit spread out, human body, character wearing armor, cluttered background, nsfw"
armor,celestial_gorget,Небесный горжет,8,armor,1,1,1:1,icons/items/armor/celestial_gorget.webp,systems/iron-hills-system/icons/items/armor/celestial_gorget.webp,true,systems/iron-hills-system/icons/items/armor/celestial_gorget.webp,"Concept art for ""Небесный горжет"", a single fantasy gorget / neck guard collar armor piece, crafted from celestial steel (pearlescent silver), gold filigree halos, feather engravings, angelic crusader aesthetic, immaculate, balanced composition, helmet-centered, isolated single object, transparent or plain dark background, centered, full item visible, armor catalog orthographic clarity, no human, no hands wearing it, sharp focus, high detail, painterly fantasy icon, soft rim light, 1024x1024, soft heavenly radiance, lens glow --ar 1:1","text, watermark, logo, signature, blurry, low quality, multiple separate armor sets, full suit spread out, human body, character wearing armor, cluttered background, nsfw"
armor,celestial_helm,Небесный шлем,8,armor,2,2,1:1,icons/items/armor/celestial_helm.webp,systems/iron-hills-system/icons/items/armor/celestial_helm.webp,true,systems/iron-hills-system/icons/items/armor/celestial_helm.webp,"Concept art for ""Небесный шлем"", a single fantasy helmet / head armor piece (front-three-quarter view), clear silhouette, crafted from celestial steel (pearlescent silver), gold filigree halos, feather engravings, angelic crusader aesthetic, immaculate, balanced composition, helmet-centered, isolated single object, transparent or plain dark background, centered, full item visible, armor catalog orthographic clarity, no human, no hands wearing it, sharp focus, high detail, painterly fantasy icon, soft rim light, 1024x1024, soft heavenly radiance, lens glow --ar 1:1","text, watermark, logo, signature, blurry, low quality, multiple separate armor sets, full suit spread out, human body, character wearing armor, cluttered background, nsfw"
armor,celestial_legs,Небесные поножи,8,armor,2,3,1:1,icons/items/armor/celestial_legs.webp,systems/iron-hills-system/icons/items/armor/celestial_legs.webp,true,systems/iron-hills-system/icons/items/armor/celestial_legs.webp,"Concept art for ""Небесные поножи"", a single pair of fantasy leg armor (greaves / sabatons combined piece), symmetrical pair read as one item, crafted from celestial steel (pearlescent silver), gold filigree halos, feather engravings, angelic crusader aesthetic, immaculate, balanced composition, isolated single object, transparent or plain dark background, centered, full item visible, armor catalog orthographic clarity, no human, no hands wearing it, sharp focus, high detail, painterly fantasy icon, soft rim light, 1024x1024, soft heavenly radiance, lens glow --ar 1:1","text, watermark, logo, signature, blurry, low quality, multiple separate armor sets, full suit spread out, human body, character wearing armor, cluttered background, nsfw"
armor,celestial_plate,Небесный нагрудник,8,armor,2,3,1:1,icons/items/armor/celestial_plate.webp,systems/iron-hills-system/icons/items/armor/celestial_plate.webp,true,systems/iron-hills-system/icons/items/armor/celestial_plate.webp,"Concept art for ""Небесный нагрудник"", a single fantasy torso armor piece (cuirass / breastplate / jack-of-plates), no limbs attached, crafted from celestial steel (pearlescent silver), gold filigree halos, feather engravings, angelic crusader aesthetic, immaculate, balanced composition, isolated single object, transparent or plain dark background, centered, full item visible, armor catalog orthographic clarity, no human, no hands wearing it, sharp focus, high detail, painterly fantasy icon, soft rim light, 1024x1024, soft heavenly radiance, lens glow --ar 1:1","text, watermark, logo, signature, blurry, low quality, multiple separate armor sets, full suit spread out, human body, character wearing armor, cluttered background, nsfw"
armor,celestial_shield,Небесный щит,8,armor,2,2,1:1,icons/items/armor/celestial_shield.webp,systems/iron-hills-system/icons/items/armor/celestial_shield.webp,true,systems/iron-hills-system/icons/items/armor/celestial_shield.webp,"Concept art for ""Небесный щит"", a single fantasy shield (held vertically), kite/heater/tower silhouette, straps visible on back face, crafted from celestial steel (pearlescent silver), gold filigree halos, feather engravings, angelic crusader aesthetic, immaculate, balanced composition, helmet-centered, isolated single object, transparent or plain dark background, centered, full item visible, armor catalog orthographic clarity, no human, no hands wearing it, sharp focus, high detail, painterly fantasy icon, soft rim light, 1024x1024, soft heavenly radiance, lens glow --ar 1:1","text, watermark, logo, signature, blurry, low quality, multiple separate armor sets, full suit spread out, human body, character wearing armor, cluttered background, nsfw"
armor,orichalcum_armor,Латы Орихалка,9,armor,2,3,1:1,icons/items/armor/orichalcum_armor.webp,systems/iron-hills-system/icons/items/armor/orichalcum_armor.webp,true,systems/iron-hills-system/icons/items/armor/orichalcum_armor.webp,"Concept art for ""Латы Орихалка"", a single fantasy torso armor piece (cuirass / breastplate / jack-of-plates), no limbs attached, crafted from orichalcum (golden-red alloy), ornate filigree, sun-disc reliefs, legendary relic armor, divine heraldry, balanced composition, isolated single object, transparent or plain dark background, centered, full item visible, armor catalog orthographic clarity, no human, no hands wearing it, sharp focus, high detail, painterly fantasy icon, soft rim light, 1024x1024, golden divine backlight, sparks of holy energy --ar 1:1","text, watermark, logo, signature, blurry, low quality, multiple separate armor sets, full suit spread out, human body, character wearing armor, cluttered background, nsfw"
armor,orichalcum_bracer_left,Наруч Орихалка (л),9,armor,1,2,1:2,icons/items/armor/orichalcum_bracer_left.webp,systems/iron-hills-system/icons/items/armor/orichalcum_bracer_left.webp,true,systems/iron-hills-system/icons/items/armor/orichalcum_bracer_left.webp,"Concept art for ""Наруч Орихалка (л)"", a single fantasy arm armor piece for left arm (vambrace / bracer / pauldron cuff), crafted from orichalcum (golden-red alloy), ornate filigree, sun-disc reliefs, legendary relic armor, divine heraldry, vertical orientation, armor piece upright, isolated single object, transparent or plain dark background, centered, full item visible, armor catalog orthographic clarity, no human, no hands wearing it, sharp focus, high detail, painterly fantasy icon, soft rim light, 768x1536, golden divine backlight, sparks of holy energy --ar 1:2","text, watermark, logo, signature, blurry, low quality, multiple separate armor sets, full suit spread out, human body, character wearing armor, cluttered background, nsfw"
armor,orichalcum_bracer_right,Наруч Орихалка (п),9,armor,1,2,1:2,icons/items/armor/orichalcum_bracer_right.webp,systems/iron-hills-system/icons/items/armor/orichalcum_bracer_right.webp,true,systems/iron-hills-system/icons/items/armor/orichalcum_bracer_right.webp,"Concept art for ""Наруч Орихалка (п)"", a single fantasy arm armor piece for right arm (vambrace / bracer / pauldron cuff), crafted from orichalcum (golden-red alloy), ornate filigree, sun-disc reliefs, legendary relic armor, divine heraldry, vertical orientation, armor piece upright, isolated single object, transparent or plain dark background, centered, full item visible, armor catalog orthographic clarity, no human, no hands wearing it, sharp focus, high detail, painterly fantasy icon, soft rim light, 768x1536, golden divine backlight, sparks of holy energy --ar 1:2","text, watermark, logo, signature, blurry, low quality, multiple separate armor sets, full suit spread out, human body, character wearing armor, cluttered background, nsfw"
armor,orichalcum_gorget,Горжет Орихалка,9,armor,1,1,1:1,icons/items/armor/orichalcum_gorget.webp,systems/iron-hills-system/icons/items/armor/orichalcum_gorget.webp,true,systems/iron-hills-system/icons/items/armor/orichalcum_gorget.webp,"Concept art for ""Горжет Орихалка"", a single fantasy gorget / neck guard collar armor piece, crafted from orichalcum (golden-red alloy), ornate filigree, sun-disc reliefs, legendary relic armor, divine heraldry, balanced composition, helmet-centered, isolated single object, transparent or plain dark background, centered, full item visible, armor catalog orthographic clarity, no human, no hands wearing it, sharp focus, high detail, painterly fantasy icon, soft rim light, 1024x1024, golden divine backlight, sparks of holy energy --ar 1:1","text, watermark, logo, signature, blurry, low quality, multiple separate armor sets, full suit spread out, human body, character wearing armor, cluttered background, nsfw"
armor,orichalcum_helm,Корона Орихалка,9,armor,2,2,1:1,icons/items/armor/orichalcum_helm.webp,systems/iron-hills-system/icons/items/armor/orichalcum_helm.webp,true,systems/iron-hills-system/icons/items/armor/orichalcum_helm.webp,"Concept art for ""Корона Орихалка"", a single fantasy helmet / head armor piece (front-three-quarter view), clear silhouette, crafted from orichalcum (golden-red alloy), ornate filigree, sun-disc reliefs, legendary relic armor, divine heraldry, balanced composition, helmet-centered, isolated single object, transparent or plain dark background, centered, full item visible, armor catalog orthographic clarity, no human, no hands wearing it, sharp focus, high detail, painterly fantasy icon, soft rim light, 1024x1024, golden divine backlight, sparks of holy energy --ar 1:1","text, watermark, logo, signature, blurry, low quality, multiple separate armor sets, full suit spread out, human body, character wearing armor, cluttered background, nsfw"
armor,orichalcum_legs,Поножи Орихалка,9,armor,2,3,1:1,icons/items/armor/orichalcum_legs.webp,systems/iron-hills-system/icons/items/armor/orichalcum_legs.webp,true,systems/iron-hills-system/icons/items/armor/orichalcum_legs.webp,"Concept art for ""Поножи Орихалка"", a single pair of fantasy leg armor (greaves / sabatons combined piece), symmetrical pair read as one item, crafted from orichalcum (golden-red alloy), ornate filigree, sun-disc reliefs, legendary relic armor, divine heraldry, balanced composition, isolated single object, transparent or plain dark background, centered, full item visible, armor catalog orthographic clarity, no human, no hands wearing it, sharp focus, high detail, painterly fantasy icon, soft rim light, 1024x1024, golden divine backlight, sparks of holy energy --ar 1:1","text, watermark, logo, signature, blurry, low quality, multiple separate armor sets, full suit spread out, human body, character wearing armor, cluttered background, nsfw"
armor,orichalcum_shield,Щит Орихалка,9,armor,2,2,1:1,icons/items/armor/orichalcum_shield.webp,systems/iron-hills-system/icons/items/armor/orichalcum_shield.webp,true,systems/iron-hills-system/icons/items/armor/orichalcum_shield.webp,"Concept art for ""Щит Орихалка"", a single fantasy shield (held vertically), kite/heater/tower silhouette, straps visible on back face, crafted from orichalcum (golden-red alloy), ornate filigree, sun-disc reliefs, legendary relic armor, divine heraldry, striking surface leaves faint disruptive shimmer where blows connect, harmonic resonance lines etched for devastating counters, balanced composition, helmet-centered, isolated single object, transparent or plain dark background, centered, full item visible, armor catalog orthographic clarity, no human, no hands wearing it, sharp focus, high detail, painterly fantasy icon, soft rim light, 1024x1024, golden divine backlight, sparks of holy energy --ar 1:1","text, watermark, logo, signature, blurry, low quality, multiple separate armor sets, full suit spread out, human body, character wearing armor, cluttered background, nsfw"
armor,adamantium_bracer_left,Наруч Бездны (л),10,armor,1,2,1:2,icons/items/armor/adamantium_bracer_left.webp,systems/iron-hills-system/icons/items/armor/adamantium_bracer_left.webp,true,systems/iron-hills-system/icons/items/armor/adamantium_bracer_left.webp,"Concept art for ""Наруч Бездны (л)"", a single fantasy arm armor piece for left arm (vambrace / bracer / pauldron cuff), crafted from adamantium shell with inner star-heart luminosity, godsteel seams, abyss-black enamel trim, primordial bulwark, cracks of leaking daylight along plates, vertical orientation, armor piece upright, isolated single object, transparent or plain dark background, centered, full item visible, armor catalog orthographic clarity, no human, no hands wearing it, sharp focus, high detail, painterly fantasy icon, soft rim light, 768x1536, blinding aura edges, subtle space distortion shimmer --ar 1:2","text, watermark, logo, signature, blurry, low quality, multiple separate armor sets, full suit spread out, human body, character wearing armor, cluttered background, nsfw"
armor,adamantium_bracer_right,Наруч Бездны (п),10,armor,1,2,1:2,icons/items/armor/adamantium_bracer_right.webp,systems/iron-hills-system/icons/items/armor/adamantium_bracer_right.webp,true,systems/iron-hills-system/icons/items/armor/adamantium_bracer_right.webp,"Concept art for ""Наруч Бездны (п)"", a single fantasy arm armor piece for right arm (vambrace / bracer / pauldron cuff), crafted from adamantium shell with inner star-heart luminosity, godsteel seams, abyss-black enamel trim, primordial bulwark, cracks of leaking daylight along plates, vertical orientation, armor piece upright, isolated single object, transparent or plain dark background, centered, full item visible, armor catalog orthographic clarity, no human, no hands wearing it, sharp focus, high detail, painterly fantasy icon, soft rim light, 768x1536, blinding aura edges, subtle space distortion shimmer --ar 1:2","text, watermark, logo, signature, blurry, low quality, multiple separate armor sets, full suit spread out, human body, character wearing armor, cluttered background, nsfw"
armor,adamantium_gorget,Горжет Бездны,10,armor,1,1,1:1,icons/items/armor/adamantium_gorget.webp,systems/iron-hills-system/icons/items/armor/adamantium_gorget.webp,true,systems/iron-hills-system/icons/items/armor/adamantium_gorget.webp,"Concept art for ""Горжет Бездны"", a single fantasy gorget / neck guard collar armor piece, crafted from adamantium shell with inner star-heart luminosity, godsteel seams, abyss-black enamel trim, primordial bulwark, cracks of leaking daylight along plates, balanced composition, helmet-centered, isolated single object, transparent or plain dark background, centered, full item visible, armor catalog orthographic clarity, no human, no hands wearing it, sharp focus, high detail, painterly fantasy icon, soft rim light, 1024x1024, blinding aura edges, subtle space distortion shimmer --ar 1:1","text, watermark, logo, signature, blurry, low quality, multiple separate armor sets, full suit spread out, human body, character wearing armor, cluttered background, nsfw"
armor,adamantium_helm,Шлем Бездны,10,armor,2,2,1:1,icons/items/armor/adamantium_helm.webp,systems/iron-hills-system/icons/items/armor/adamantium_helm.webp,true,systems/iron-hills-system/icons/items/armor/adamantium_helm.webp,"Concept art for ""Шлем Бездны"", a single fantasy helmet / head armor piece (front-three-quarter view), clear silhouette, crafted from adamantium shell with inner star-heart luminosity, godsteel seams, abyss-black enamel trim, primordial bulwark, cracks of leaking daylight along plates, balanced composition, helmet-centered, isolated single object, transparent or plain dark background, centered, full item visible, armor catalog orthographic clarity, no human, no hands wearing it, sharp focus, high detail, painterly fantasy icon, soft rim light, 1024x1024, blinding aura edges, subtle space distortion shimmer --ar 1:1","text, watermark, logo, signature, blurry, low quality, multiple separate armor sets, full suit spread out, human body, character wearing armor, cluttered background, nsfw"
armor,adamantium_legs,Поножи Бездны,10,armor,2,3,1:1,icons/items/armor/adamantium_legs.webp,systems/iron-hills-system/icons/items/armor/adamantium_legs.webp,true,systems/iron-hills-system/icons/items/armor/adamantium_legs.webp,"Concept art for ""Поножи Бездны"", a single pair of fantasy leg armor (greaves / sabatons combined piece), symmetrical pair read as one item, crafted from adamantium shell with inner star-heart luminosity, godsteel seams, abyss-black enamel trim, primordial bulwark, cracks of leaking daylight along plates, balanced composition, isolated single object, transparent or plain dark background, centered, full item visible, armor catalog orthographic clarity, no human, no hands wearing it, sharp focus, high detail, painterly fantasy icon, soft rim light, 1024x1024, blinding aura edges, subtle space distortion shimmer --ar 1:1","text, watermark, logo, signature, blurry, low quality, multiple separate armor sets, full suit spread out, human body, character wearing armor, cluttered background, nsfw"
armor,adamantium_plate,Латы Бездны,10,armor,2,3,1:1,icons/items/armor/adamantium_plate.webp,systems/iron-hills-system/icons/items/armor/adamantium_plate.webp,true,systems/iron-hills-system/icons/items/armor/adamantium_plate.webp,"Concept art for ""Латы Бездны"", a single fantasy torso armor piece (cuirass / breastplate / jack-of-plates), no limbs attached, crafted from adamantium shell with inner star-heart luminosity, godsteel seams, abyss-black enamel trim, primordial bulwark, cracks of leaking daylight along plates, balanced composition, isolated single object, transparent or plain dark background, centered, full item visible, armor catalog orthographic clarity, no human, no hands wearing it, sharp focus, high detail, painterly fantasy icon, soft rim light, 1024x1024, blinding aura edges, subtle space distortion shimmer --ar 1:1","text, watermark, logo, signature, blurry, low quality, multiple separate armor sets, full suit spread out, human body, character wearing armor, cluttered background, nsfw"
armor,eternity_aegis,Бастион Вечности,10,armor,2,2,1:1,icons/items/armor/eternity_aegis.webp,systems/iron-hills-system/icons/items/armor/eternity_aegis.webp,true,systems/iron-hills-system/icons/items/armor/eternity_aegis.webp,"Concept art for ""Бастион Вечности"", a single fantasy shield (held vertically), kite/heater/tower silhouette, straps visible on back face, crafted from adamantium shell with inner star-heart luminosity, godsteel seams, abyss-black enamel trim, primordial bulwark, cracks of leaking daylight along plates, striking surface leaves faint disruptive shimmer where blows connect, harmonic resonance lines etched for devastating counters, ominous finishing aura etched along rim, balanced composition, helmet-centered, isolated single object, transparent or plain dark background, centered, full item visible, armor catalog orthographic clarity, no human, no hands wearing it, sharp focus, high detail, painterly fantasy icon, soft rim light, 1024x1024, blinding aura edges, subtle space distortion shimmer --ar 1:1","text, watermark, logo, signature, blurry, low quality, multiple separate armor sets, full suit spread out, human body, character wearing armor, cluttered background, nsfw"
attachments,arrow_quiver,Колчан (стрелы),1,attachment,1,3,1:3,icons/items/attachments/arrow_quiver.webp,systems/iron-hills-system/icons/items/attachments/arrow_quiver.webp,false,systems/iron-hills-system/icons/items/attachments/arrow_quiver.webp,"Concept ""Колчан (стрелы)"", belt-mounted frog strap buckle swivel clips hanger bracket fantasy utility; weapon accessory silhouette readable silhouette empty slots implied; modest worn traveler gear, single isolated fantasy RPG inventory icon, centered, transparent or plain dark background, square composition, sharp focus, painterly detailed illustration. --ar 1:1","text, watermark, logo, signature, blurry, low quality, cluttered warehouse wide shot, multiple objects collage, human face full portrait, holding hands visible, nsfw"
attachments,axe_loop,Петля (топор),1,attachment,1,2,1:2,icons/items/attachments/axe_loop.webp,systems/iron-hills-system/icons/items/attachments/axe_loop.webp,false,systems/iron-hills-system/icons/items/attachments/axe_loop.webp,"Concept ""Петля (топор)"", belt-mounted frog strap buckle swivel clips hanger bracket fantasy utility; weapon accessory silhouette readable silhouette empty slots implied; modest worn traveler gear, single isolated fantasy RPG inventory icon, centered, transparent or plain dark background, square composition, sharp focus, painterly detailed illustration. --ar 1:1","text, watermark, logo, signature, blurry, low quality, cluttered warehouse wide shot, multiple objects collage, human face full portrait, holding hands visible, nsfw"
attachments,bolt_pouch,Подсумок (болты),1,attachment,1,2,1:2,icons/items/attachments/bolt_pouch.webp,systems/iron-hills-system/icons/items/attachments/bolt_pouch.webp,false,systems/iron-hills-system/icons/items/attachments/bolt_pouch.webp,"Concept ""Подсумок (болты)"", belt-mounted frog strap buckle swivel clips hanger bracket fantasy utility; weapon accessory silhouette readable silhouette empty slots implied; modest worn traveler gear, single isolated fantasy RPG inventory icon, centered, transparent or plain dark background, square composition, sharp focus, painterly detailed illustration. --ar 1:1","text, watermark, logo, signature, blurry, low quality, cluttered warehouse wide shot, multiple objects collage, human face full portrait, holding hands visible, nsfw"
attachments,bow_sling,Перевязь (лук),1,attachment,1,3,1:3,icons/items/attachments/bow_sling.webp,systems/iron-hills-system/icons/items/attachments/bow_sling.webp,false,systems/iron-hills-system/icons/items/attachments/bow_sling.webp,"Concept ""Перевязь (лук)"", belt-mounted frog strap buckle swivel clips hanger bracket fantasy utility; weapon accessory silhouette readable silhouette empty slots implied; modest worn traveler gear, single isolated fantasy RPG inventory icon, centered, transparent or plain dark background, square composition, sharp focus, painterly detailed illustration. --ar 1:1","text, watermark, logo, signature, blurry, low quality, cluttered warehouse wide shot, multiple objects collage, human face full portrait, holding hands visible, nsfw"
attachments,chest_pocket,Нагрудный карман,1,attachment,1,1,1:1,icons/items/attachments/chest_pocket.webp,systems/iron-hills-system/icons/items/attachments/chest_pocket.webp,false,systems/iron-hills-system/icons/items/attachments/chest_pocket.webp,"Concept ""Нагрудный карман"", torso harness modular straps threaded clips climbing buckle tactical vest snippet; weapon accessory silhouette readable silhouette empty slots implied; modest worn traveler gear, single isolated fantasy RPG inventory icon, centered, transparent or plain dark background, square composition, sharp focus, painterly detailed illustration. --ar 1:1","text, watermark, logo, signature, blurry, low quality, cluttered warehouse wide shot, multiple objects collage, human face full portrait, holding hands visible, nsfw"
attachments,knife_sheath,Ножны (нож),1,attachment,1,2,1:2,icons/items/attachments/knife_sheath.webp,systems/iron-hills-system/icons/items/attachments/knife_sheath.webp,false,systems/iron-hills-system/icons/items/attachments/knife_sheath.webp,"Concept ""Ножны (нож)"", belt-mounted frog strap buckle swivel clips hanger bracket fantasy utility; weapon accessory silhouette readable silhouette empty slots implied; modest worn traveler gear, single isolated fantasy RPG inventory icon, centered, transparent or plain dark background, square composition, sharp focus, painterly detailed illustration. --ar 1:1","text, watermark, logo, signature, blurry, low quality, cluttered warehouse wide shot, multiple objects collage, human face full portrait, holding hands visible, nsfw"
attachments,potion_bandolier,Бандольер (зелья),1,attachment,1,3,1:3,icons/items/attachments/potion_bandolier.webp,systems/iron-hills-system/icons/items/attachments/potion_bandolier.webp,false,systems/iron-hills-system/icons/items/attachments/potion_bandolier.webp,"Concept ""Бандольер (зелья)"", belt-mounted frog strap buckle swivel clips hanger bracket fantasy utility; weapon accessory silhouette readable silhouette empty slots implied; modest worn traveler gear, single isolated fantasy RPG inventory icon, centered, transparent or plain dark background, square composition, sharp focus, painterly detailed illustration. --ar 1:1","text, watermark, logo, signature, blurry, low quality, cluttered warehouse wide shot, multiple objects collage, human face full portrait, holding hands visible, nsfw"
attachments,side_pouch,Боковой подсумок,1,attachment,1,2,1:2,icons/items/attachments/side_pouch.webp,systems/iron-hills-system/icons/items/attachments/side_pouch.webp,false,systems/iron-hills-system/icons/items/attachments/side_pouch.webp,"Concept ""Боковой подсумок"", mount bracket modular pouch snaps clips backpack accessory riveted straps; weapon accessory silhouette readable silhouette empty slots implied; modest worn traveler gear, single isolated fantasy RPG inventory icon, centered, transparent or plain dark background, square composition, sharp focus, painterly detailed illustration. --ar 1:1","text, watermark, logo, signature, blurry, low quality, cluttered warehouse wide shot, multiple objects collage, human face full portrait, holding hands visible, nsfw"
attachments,sword_scabbard,Ножны (меч),1,attachment,1,4,1:4,icons/items/attachments/sword_scabbard.webp,systems/iron-hills-system/icons/items/attachments/sword_scabbard.webp,false,systems/iron-hills-system/icons/items/attachments/sword_scabbard.webp,"Concept ""Ножны (меч)"", belt-mounted frog strap buckle swivel clips hanger bracket fantasy utility; weapon accessory silhouette readable silhouette empty slots implied; modest worn traveler gear, single isolated fantasy RPG inventory icon, centered, transparent or plain dark background, square composition, sharp focus, painterly detailed illustration. --ar 1:1","text, watermark, logo, signature, blurry, low quality, cluttered warehouse wide shot, multiple objects collage, human face full portrait, holding hands visible, nsfw"
attachments,crossbow_hook,Крюк (арбалет),2,attachment,1,2,1:2,icons/items/attachments/crossbow_hook.webp,systems/iron-hills-system/icons/items/attachments/crossbow_hook.webp,false,systems/iron-hills-system/icons/items/attachments/crossbow_hook.webp,"Concept ""Крюк (арбалет)"", belt-mounted frog strap buckle swivel clips hanger bracket fantasy utility; weapon accessory silhouette readable silhouette empty slots implied; reliable soldier surplus quality, single isolated fantasy RPG inventory icon, centered, transparent or plain dark background, square composition, sharp focus, painterly detailed illustration. --ar 1:1","text, watermark, logo, signature, blurry, low quality, cluttered warehouse wide shot, multiple objects collage, human face full portrait, holding hands visible, nsfw"
attachments,greatsword_scabbard,Ножны (двуруч.),2,attachment,1,5,1:4,icons/items/attachments/greatsword_scabbard.webp,systems/iron-hills-system/icons/items/attachments/greatsword_scabbard.webp,false,systems/iron-hills-system/icons/items/attachments/greatsword_scabbard.webp,"Concept ""Ножны (двуруч.)"", belt-mounted frog strap buckle swivel clips hanger bracket fantasy utility; weapon accessory silhouette readable silhouette empty slots implied; reliable soldier surplus quality, single isolated fantasy RPG inventory icon, centered, transparent or plain dark background, square composition, sharp focus, painterly detailed illustration. --ar 1:1","text, watermark, logo, signature, blurry, low quality, cluttered warehouse wide shot, multiple objects collage, human face full portrait, holding hands visible, nsfw"
attachments,large_bandolier,Бандольер большой,2,attachment,1,3,1:3,icons/items/attachments/large_bandolier.webp,systems/iron-hills-system/icons/items/attachments/large_bandolier.webp,false,systems/iron-hills-system/icons/items/attachments/large_bandolier.webp,"Concept ""Бандольер большой"", belt-mounted frog strap buckle swivel clips hanger bracket fantasy utility; weapon accessory silhouette readable silhouette empty slots implied; reliable soldier surplus quality, single isolated fantasy RPG inventory icon, centered, transparent or plain dark background, square composition, sharp focus, painterly detailed illustration. --ar 1:1","text, watermark, logo, signature, blurry, low quality, cluttered warehouse wide shot, multiple objects collage, human face full portrait, holding hands visible, nsfw"
attachments,shield_hook,Крюк для щита,2,attachment,1,3,1:3,icons/items/attachments/shield_hook.webp,systems/iron-hills-system/icons/items/attachments/shield_hook.webp,false,systems/iron-hills-system/icons/items/attachments/shield_hook.webp,"Concept ""Крюк для щита"", belt-mounted frog strap buckle swivel clips hanger bracket fantasy utility; weapon accessory silhouette readable silhouette empty slots implied; reliable soldier surplus quality, single isolated fantasy RPG inventory icon, centered, transparent or plain dark background, square composition, sharp focus, painterly detailed illustration. --ar 1:1","text, watermark, logo, signature, blurry, low quality, cluttered warehouse wide shot, multiple objects collage, human face full portrait, holding hands visible, nsfw"
attachments,spear_frog,Чехол для копья,2,attachment,1,4,1:4,icons/items/attachments/spear_frog.webp,systems/iron-hills-system/icons/items/attachments/spear_frog.webp,false,systems/iron-hills-system/icons/items/attachments/spear_frog.webp,"Concept ""Чехол для копья"", belt-mounted frog strap buckle swivel clips hanger bracket fantasy utility; weapon accessory silhouette readable silhouette empty slots implied; reliable soldier surplus quality, single isolated fantasy RPG inventory icon, centered, transparent or plain dark background, square composition, sharp focus, painterly detailed illustration. --ar 1:1","text, watermark, logo, signature, blurry, low quality, cluttered warehouse wide shot, multiple objects collage, human face full portrait, holding hands visible, nsfw"
attachments,utility_strap,Разгрузочная стропа,2,attachment,2,1,1:1,icons/items/attachments/utility_strap.webp,systems/iron-hills-system/icons/items/attachments/utility_strap.webp,false,systems/iron-hills-system/icons/items/attachments/utility_strap.webp,"Concept ""Разгрузочная стропа"", torso harness modular straps threaded clips climbing buckle tactical vest snippet; weapon accessory silhouette readable silhouette empty slots implied; reliable soldier surplus quality, single isolated fantasy RPG inventory icon, centered, transparent or plain dark background, square composition, sharp focus, painterly detailed illustration. --ar 1:1","text, watermark, logo, signature, blurry, low quality, cluttered warehouse wide shot, multiple objects collage, human face full portrait, holding hands visible, nsfw"
attachments,wand_loop,Петля для жезла,3,attachment,1,2,1:2,icons/items/attachments/wand_loop.webp,systems/iron-hills-system/icons/items/attachments/wand_loop.webp,false,systems/iron-hills-system/icons/items/attachments/wand_loop.webp,"Concept ""Петля для жезла"", belt-mounted frog strap buckle swivel clips hanger bracket fantasy utility; weapon accessory silhouette readable silhouette empty slots implied; guild craftsman upgraded fittings, single isolated fantasy RPG inventory icon, centered, transparent or plain dark background, square composition, sharp focus, painterly detailed illustration. --ar 1:1","text, watermark, logo, signature, blurry, low quality, cluttered warehouse wide shot, multiple objects collage, human face full portrait, holding hands visible, nsfw"
attachments,grenade_loop,Кольца под метательное,4,attachment,1,2,1:2,icons/items/attachments/grenade_loop.webp,systems/iron-hills-system/icons/items/attachments/grenade_loop.webp,false,systems/iron-hills-system/icons/items/attachments/grenade_loop.webp,"Concept ""Кольца под метательное"", belt-mounted frog strap buckle swivel clips hanger bracket fantasy utility; weapon accessory silhouette readable silhouette empty slots implied; merchant caravan rugged prestige, single isolated fantasy RPG inventory icon, centered, transparent or plain dark background, square composition, sharp focus, painterly detailed illustration. --ar 1:1","text, watermark, logo, signature, blurry, low quality, cluttered warehouse wide shot, multiple objects collage, human face full portrait, holding hands visible, nsfw"
attachments,telescoping_quiver,Телескопический колчан,4,attachment,1,3,1:3,icons/items/attachments/telescoping_quiver.webp,systems/iron-hills-system/icons/items/attachments/telescoping_quiver.webp,false,systems/iron-hills-system/icons/items/attachments/telescoping_quiver.webp,"Concept ""Телескопический колчан"", belt-mounted frog strap buckle swivel clips hanger bracket fantasy utility; weapon accessory silhouette readable silhouette empty slots implied; merchant caravan rugged prestige, single isolated fantasy RPG inventory icon, centered, transparent or plain dark background, square composition, sharp focus, painterly detailed illustration. --ar 1:1","text, watermark, logo, signature, blurry, low quality, cluttered warehouse wide shot, multiple objects collage, human face full portrait, holding hands visible, nsfw"
backpacks,hip_pouch,Поясная сумка,1,backpack,1,2,1:2,icons/items/backpacks/hip_pouch.webp,systems/iron-hills-system/icons/items/backpacks/hip_pouch.webp,false,systems/iron-hills-system/icons/items/backpacks/hip_pouch.webp,"Concept ""Поясная сумка"", fantasy backpack satchel straps buckles rolled blanket bedroll cues; arcane stitching subtle if high tier; modest worn traveler gear, single isolated fantasy RPG inventory icon, centered, transparent or plain dark background, square composition, sharp focus, painterly detailed illustration. --ar 1:1","text, watermark, logo, signature, blurry, low quality, cluttered warehouse wide shot, multiple objects collage, human face full portrait, holding hands visible, nsfw"
backpacks,leather_satchel,Кожаная сумка,1,backpack,2,2,1:1,icons/items/backpacks/leather_satchel.webp,systems/iron-hills-system/icons/items/backpacks/leather_satchel.webp,false,systems/iron-hills-system/icons/items/backpacks/leather_satchel.webp,"Concept ""Кожаная сумка"", fantasy backpack satchel straps buckles rolled blanket bedroll cues; arcane stitching subtle if high tier; modest worn traveler gear, single isolated fantasy RPG inventory icon, centered, transparent or plain dark background, square composition, sharp focus, painterly detailed illustration. --ar 1:1","text, watermark, logo, signature, blurry, low quality, cluttered warehouse wide shot, multiple objects collage, human face full portrait, holding hands visible, nsfw"
backpacks,small_sack,Небольшой мешок,1,backpack,2,2,1:1,icons/items/backpacks/small_sack.webp,systems/iron-hills-system/icons/items/backpacks/small_sack.webp,false,systems/iron-hills-system/icons/items/backpacks/small_sack.webp,"Concept ""Небольшой мешок"", fantasy backpack satchel straps buckles rolled blanket bedroll cues; arcane stitching subtle if high tier; modest worn traveler gear, single isolated fantasy RPG inventory icon, centered, transparent or plain dark background, square composition, sharp focus, painterly detailed illustration. --ar 1:1","text, watermark, logo, signature, blurry, low quality, cluttered warehouse wide shot, multiple objects collage, human face full portrait, holding hands visible, nsfw"
backpacks,hunters_bag,Охотничья сума,2,backpack,2,3,1:1,icons/items/backpacks/hunters_bag.webp,systems/iron-hills-system/icons/items/backpacks/hunters_bag.webp,false,systems/iron-hills-system/icons/items/backpacks/hunters_bag.webp,"Concept ""Охотничья сума"", fantasy backpack satchel straps buckles rolled blanket bedroll cues; arcane stitching subtle if high tier; reliable soldier surplus quality, single isolated fantasy RPG inventory icon, centered, transparent or plain dark background, square composition, sharp focus, painterly detailed illustration. --ar 1:1","text, watermark, logo, signature, blurry, low quality, cluttered warehouse wide shot, multiple objects collage, human face full portrait, holding hands visible, nsfw"
backpacks,soldier_pack,Солдатский ранец,2,backpack,2,3,1:1,icons/items/backpacks/soldier_pack.webp,systems/iron-hills-system/icons/items/backpacks/soldier_pack.webp,false,systems/iron-hills-system/icons/items/backpacks/soldier_pack.webp,"Concept ""Солдатский ранец"", fantasy backpack satchel straps buckles rolled blanket bedroll cues; arcane stitching subtle if high tier; reliable soldier surplus quality, single isolated fantasy RPG inventory icon, centered, transparent or plain dark background, square composition, sharp focus, painterly detailed illustration. --ar 1:1","text, watermark, logo, signature, blurry, low quality, cluttered warehouse wide shot, multiple objects collage, human face full portrait, holding hands visible, nsfw"
backpacks,travelers_pack,Дорожный ранец,2,backpack,2,3,1:1,icons/items/backpacks/travelers_pack.webp,systems/iron-hills-system/icons/items/backpacks/travelers_pack.webp,false,systems/iron-hills-system/icons/items/backpacks/travelers_pack.webp,"Concept ""Дорожный ранец"", fantasy backpack satchel straps buckles rolled blanket bedroll cues; arcane stitching subtle if high tier; reliable soldier surplus quality, single isolated fantasy RPG inventory icon, centered, transparent or plain dark background, square composition, sharp focus, painterly detailed illustration. --ar 1:1","text, watermark, logo, signature, blurry, low quality, cluttered warehouse wide shot, multiple objects collage, human face full portrait, holding hands visible, nsfw"
backpacks,frame_pack,Рамный рюкзак,3,backpack,2,4,1:2,icons/items/backpacks/frame_pack.webp,systems/iron-hills-system/icons/items/backpacks/frame_pack.webp,false,systems/iron-hills-system/icons/items/backpacks/frame_pack.webp,"Concept ""Рамный рюкзак"", fantasy backpack satchel straps buckles rolled blanket bedroll cues; arcane stitching subtle if high tier; guild craftsman upgraded fittings, single isolated fantasy RPG inventory icon, centered, transparent or plain dark background, square composition, sharp focus, painterly detailed illustration. --ar 1:1","text, watermark, logo, signature, blurry, low quality, cluttered warehouse wide shot, multiple objects collage, human face full portrait, holding hands visible, nsfw"
backpacks,large_backpack,Большой рюкзак,3,backpack,2,4,1:2,icons/items/backpacks/large_backpack.webp,systems/iron-hills-system/icons/items/backpacks/large_backpack.webp,false,systems/iron-hills-system/icons/items/backpacks/large_backpack.webp,"Concept ""Большой рюкзак"", fantasy backpack satchel straps buckles rolled blanket bedroll cues; arcane stitching subtle if high tier; guild craftsman upgraded fittings, single isolated fantasy RPG inventory icon, centered, transparent or plain dark background, square composition, sharp focus, painterly detailed illustration. --ar 1:1","text, watermark, logo, signature, blurry, low quality, cluttered warehouse wide shot, multiple objects collage, human face full portrait, holding hands visible, nsfw"
backpacks,alchemist_satchel,Сумка алхимика,4,backpack,2,3,1:1,icons/items/backpacks/alchemist_satchel.webp,systems/iron-hills-system/icons/items/backpacks/alchemist_satchel.webp,false,systems/iron-hills-system/icons/items/backpacks/alchemist_satchel.webp,"Concept ""Сумка алхимика"", fantasy backpack satchel straps buckles rolled blanket bedroll cues; arcane stitching subtle if high tier; merchant caravan rugged prestige, single isolated fantasy RPG inventory icon, centered, transparent or plain dark background, square composition, sharp focus, painterly detailed illustration. --ar 1:1","text, watermark, logo, signature, blurry, low quality, cluttered warehouse wide shot, multiple objects collage, human face full portrait, holding hands visible, nsfw"
backpacks,mithril_pack,Митрильный рюкзак,5,backpack,2,4,1:2,icons/items/backpacks/mithril_pack.webp,systems/iron-hills-system/icons/items/backpacks/mithril_pack.webp,false,systems/iron-hills-system/icons/items/backpacks/mithril_pack.webp,"Concept ""Митрильный рюкзак"", fantasy backpack satchel straps buckles rolled blanket bedroll cues; arcane stitching subtle if high tier; noble artisan embossed fittings, single isolated fantasy RPG inventory icon, centered, transparent or plain dark background, square composition, sharp focus, painterly detailed illustration. --ar 1:1","text, watermark, logo, signature, blurry, low quality, cluttered warehouse wide shot, multiple objects collage, human face full portrait, holding hands visible, nsfw"
backpacks,caravan_master_pack,Рюкзак караванного бариши,6,backpack,2,4,1:2,icons/items/backpacks/caravan_master_pack.webp,systems/iron-hills-system/icons/items/backpacks/caravan_master_pack.webp,false,systems/iron-hills-system/icons/items/backpacks/caravan_master_pack.webp,"Concept ""Рюкзак караванного бариши"", fantasy backpack satchel straps buckles rolled blanket bedroll cues; arcane stitching subtle if high tier; elite siege train officer workshop, single isolated fantasy RPG inventory icon, centered, transparent or plain dark background, square composition, sharp focus, painterly detailed illustration. --ar 1:1","text, watermark, logo, signature, blurry, low quality, cluttered warehouse wide shot, multiple objects collage, human face full portrait, holding hands visible, nsfw"
backpacks,beast_load_frame,Вьючная рама для зверя,7,backpack,2,4,1:2,icons/items/backpacks/beast_load_frame.webp,systems/iron-hills-system/icons/items/backpacks/beast_load_frame.webp,false,systems/iron-hills-system/icons/items/backpacks/beast_load_frame.webp,"Concept ""Вьючная рама для зверя"", emphasis saddle straps beast harness mount frames oversized haul bag meant for draft animal NOT worn by human silhouette alonefantasy backpack satchel straps buckles rolled blanket bedroll cues; arcane stitching subtle if high tier; rare siege caravan engineered spectacle, single isolated fantasy RPG inventory icon, centered, transparent or plain dark background, square composition, sharp focus, painterly detailed illustration. --ar 1:1","text, watermark, logo, signature, blurry, low quality, cluttered warehouse wide shot, multiple objects collage, human face full portrait, holding hands visible, nsfw"
backpacks,void_satchel,Сумка Пустоты,8,backpack,2,3,1:1,icons/items/backpacks/void_satchel.webp,systems/iron-hills-system/icons/items/backpacks/void_satchel.webp,false,systems/iron-hills-system/icons/items/backpacks/void_satchel.webp,"Concept ""Сумка Пустоты"", fantasy backpack satchel straps buckles rolled blanket bedroll cues; arcane stitching subtle if high tier; starmetal accents artifact hints, single isolated fantasy RPG inventory icon, centered, transparent or plain dark background, square composition, sharp focus, painterly detailed illustration. --ar 1:1","text, watermark, logo, signature, blurry, low quality, cluttered warehouse wide shot, multiple objects collage, human face full portrait, holding hands visible, nsfw"
backpacks,planar_satchel,Планарная сумка,9,backpack,2,4,1:2,icons/items/backpacks/planar_satchel.webp,systems/iron-hills-system/icons/items/backpacks/planar_satchel.webp,false,systems/iron-hills-system/icons/items/backpacks/planar_satchel.webp,"Concept ""Планарная сумка"", fantasy backpack satchel straps buckles rolled blanket bedroll cues; arcane stitching subtle if high tier; legendary planar shimmer restrained, single isolated fantasy RPG inventory icon, centered, transparent or plain dark background, square composition, sharp focus, painterly detailed illustration. --ar 1:1","text, watermark, logo, signature, blurry, low quality, cluttered warehouse wide shot, multiple objects collage, human face full portrait, holding hands visible, nsfw"
backpacks,demiplane_pack,Рюкзак малой демиплоскости,10,backpack,2,4,1:2,icons/items/backpacks/demiplane_pack.webp,systems/iron-hills-system/icons/items/backpacks/demiplane_pack.webp,false,systems/iron-hills-system/icons/items/backpacks/demiplane_pack.webp,"Concept ""Рюкзак малой демиплоскости"", a single fantasy backpack or pouch, mythic godsteel, adamant core, reality-bending magical highlights, vertical item orientation, single isolated fantasy RPG inventory icon, centered, full object visible, plain dark or transparent background, sharp painterly detail, 768x1536 --ar 1:2","text, watermark, logo, signature, blurry, low quality, cluttered background, multiple unrelated objects, human hands, human face, nsfw"
belts,leather_belt,Кожаный пояс,1,belt,2,1,1:1,icons/items/belts/leather_belt.webp,systems/iron-hills-system/icons/items/belts/leather_belt.webp,false,systems/iron-hills-system/icons/items/belts/leather_belt.webp,"Concept ""Кожаный пояс"", fantasy waist belt pouches straps buckle studs utility loops; roughly 3 pouch slots narrative hint and 1 side mounts for weapon frogs quivers holsters; leather textile mixed metals; modest worn traveler gear, single isolated fantasy RPG inventory icon, centered, transparent or plain dark background, square composition, sharp focus, painterly detailed illustration. --ar 1:1","text, watermark, logo, signature, blurry, low quality, cluttered warehouse wide shot, multiple objects collage, human face full portrait, holding hands visible, nsfw"
belts,rope_belt,Верёвочный пояс,1,belt,2,1,1:1,icons/items/belts/rope_belt.webp,systems/iron-hills-system/icons/items/belts/rope_belt.webp,false,systems/iron-hills-system/icons/items/belts/rope_belt.webp,"Concept ""Верёвочный пояс"", fantasy waist belt pouches straps buckle studs utility loops; roughly 2 pouch slots narrative hint and 0 side mounts for weapon frogs quivers holsters; leather textile mixed metals; modest worn traveler gear, single isolated fantasy RPG inventory icon, centered, transparent or plain dark background, square composition, sharp focus, painterly detailed illustration. --ar 1:1","text, watermark, logo, signature, blurry, low quality, cluttered warehouse wide shot, multiple objects collage, human face full portrait, holding hands visible, nsfw"
belts,soldier_belt,Солдатский пояс,2,belt,2,1,1:1,icons/items/belts/soldier_belt.webp,systems/iron-hills-system/icons/items/belts/soldier_belt.webp,false,systems/iron-hills-system/icons/items/belts/soldier_belt.webp,"Concept ""Солдатский пояс"", fantasy waist belt pouches straps buckle studs utility loops; roughly 4 pouch slots narrative hint and 2 side mounts for weapon frogs quivers holsters; leather textile mixed metals; reliable soldier surplus quality, single isolated fantasy RPG inventory icon, centered, transparent or plain dark background, square composition, sharp focus, painterly detailed illustration. --ar 1:1","text, watermark, logo, signature, blurry, low quality, cluttered warehouse wide shot, multiple objects collage, human face full portrait, holding hands visible, nsfw"
belts,tactical_belt,Тактический пояс,3,belt,2,1,1:1,icons/items/belts/tactical_belt.webp,systems/iron-hills-system/icons/items/belts/tactical_belt.webp,false,systems/iron-hills-system/icons/items/belts/tactical_belt.webp,"Concept ""Тактический пояс"", fantasy waist belt pouches straps buckle studs utility loops; roughly 10 pouch slots narrative hint and 3 side mounts for weapon frogs quivers holsters; leather textile mixed metals; guild craftsman upgraded fittings, single isolated fantasy RPG inventory icon, centered, transparent or plain dark background, square composition, sharp focus, painterly detailed illustration. --ar 1:1","text, watermark, logo, signature, blurry, low quality, cluttered warehouse wide shot, multiple objects collage, human face full portrait, holding hands visible, nsfw"
belts,explorer_girdle,Пояс следопыта,4,belt,2,1,1:1,icons/items/belts/explorer_girdle.webp,systems/iron-hills-system/icons/items/belts/explorer_girdle.webp,false,systems/iron-hills-system/icons/items/belts/explorer_girdle.webp,"Concept ""Пояс следопыта"", fantasy waist belt pouches straps buckle studs utility loops; roughly 10 pouch slots narrative hint and 4 side mounts for weapon frogs quivers holsters; leather textile mixed metals; merchant caravan rugged prestige, single isolated fantasy RPG inventory icon, centered, transparent or plain dark background, square composition, sharp focus, painterly detailed illustration. --ar 1:1","text, watermark, logo, signature, blurry, low quality, cluttered warehouse wide shot, multiple objects collage, human face full portrait, holding hands visible, nsfw"
belts,mithril_belt,Митрильный пояс,5,belt,2,1,1:1,icons/items/belts/mithril_belt.webp,systems/iron-hills-system/icons/items/belts/mithril_belt.webp,false,systems/iron-hills-system/icons/items/belts/mithril_belt.webp,"Concept ""Митрильный пояс"", fantasy waist belt pouches straps buckle studs utility loops; roughly 12 pouch slots narrative hint and 4 side mounts for weapon frogs quivers holsters; leather textile mixed metals; noble artisan embossed fittings, single isolated fantasy RPG inventory icon, centered, transparent or plain dark background, square composition, sharp focus, painterly detailed illustration. --ar 1:1","text, watermark, logo, signature, blurry, low quality, cluttered warehouse wide shot, multiple objects collage, human face full portrait, holding hands visible, nsfw"
belts,siege_belt,Осадный пояс,6,belt,2,1,1:1,icons/items/belts/siege_belt.webp,systems/iron-hills-system/icons/items/belts/siege_belt.webp,false,systems/iron-hills-system/icons/items/belts/siege_belt.webp,"Concept ""Осадный пояс"", fantasy waist belt pouches straps buckle studs utility loops; roughly 12 pouch slots narrative hint and 5 side mounts for weapon frogs quivers holsters; leather textile mixed metals; elite siege train officer workshop, single isolated fantasy RPG inventory icon, centered, transparent or plain dark background, square composition, sharp focus, painterly detailed illustration. --ar 1:1","text, watermark, logo, signature, blurry, low quality, cluttered warehouse wide shot, multiple objects collage, human face full portrait, holding hands visible, nsfw"
belts,runners_light_harness,Облегчённая портупея бегуна,7,belt,2,1,1:1,icons/items/belts/runners_light_harness.webp,systems/iron-hills-system/icons/items/belts/runners_light_harness.webp,false,systems/iron-hills-system/icons/items/belts/runners_light_harness.webp,"Concept ""Облегчённая портупея бегуна"", fantasy waist belt pouches straps buckle studs utility loops; roughly 15 pouch slots narrative hint and 4 side mounts for weapon frogs quivers holsters; leather textile mixed metals; rare siege caravan engineered spectacle, single isolated fantasy RPG inventory icon, centered, transparent or plain dark background, square composition, sharp focus, painterly detailed illustration. --ar 1:1","text, watermark, logo, signature, blurry, low quality, cluttered warehouse wide shot, multiple objects collage, human face full portrait, holding hands visible, nsfw"
belts,darkiron_chain_belt,Цепной пояс из тёмного железа,8,belt,2,1,1:1,icons/items/belts/darkiron_chain_belt.webp,systems/iron-hills-system/icons/items/belts/darkiron_chain_belt.webp,false,systems/iron-hills-system/icons/items/belts/darkiron_chain_belt.webp,"Concept ""Цепной пояс из тёмного железа"", fantasy waist belt pouches straps buckle studs utility loops; roughly 14 pouch slots narrative hint and 6 side mounts for weapon frogs quivers holsters; leather textile mixed metals; starmetal accents artifact hints, single isolated fantasy RPG inventory icon, centered, transparent or plain dark background, square composition, sharp focus, painterly detailed illustration. --ar 1:1","text, watermark, logo, signature, blurry, low quality, cluttered warehouse wide shot, multiple objects collage, human face full portrait, holding hands visible, nsfw"
belts,orichalcum_girdle,Пояс Орихалка,9,belt,2,1,1:1,icons/items/belts/orichalcum_girdle.webp,systems/iron-hills-system/icons/items/belts/orichalcum_girdle.webp,false,systems/iron-hills-system/icons/items/belts/orichalcum_girdle.webp,"Concept ""Пояс Орихалка"", fantasy waist belt pouches straps buckle studs utility loops; roughly 16 pouch slots narrative hint and 7 side mounts for weapon frogs quivers holsters; leather textile mixed metals; legendary planar shimmer restrained, single isolated fantasy RPG inventory icon, centered, transparent or plain dark background, square composition, sharp focus, painterly detailed illustration. --ar 1:1","text, watermark, logo, signature, blurry, low quality, cluttered warehouse wide shot, multiple objects collage, human face full portrait, holding hands visible, nsfw"
belts,astral_command_girdle,Астральная портупея командора,10,belt,2,1,1:1,icons/items/belts/astral_command_girdle.webp,systems/iron-hills-system/icons/items/belts/astral_command_girdle.webp,false,systems/iron-hills-system/icons/items/belts/astral_command_girdle.webp,"Concept ""Астральная портупея командора"", a single fantasy utility belt, mythic godsteel, adamant core, reality-bending magical highlights, centered square inventory composition, single isolated fantasy RPG inventory icon, centered, full object visible, plain dark or transparent background, sharp painterly detail, 1024x1024 --ar 1:1","text, watermark, logo, signature, blurry, low quality, cluttered background, multiple unrelated objects, human hands, human face, nsfw"
consumables,antiseptic_wash,Антисептический раствор,1,consumable,1,1,1:1,icons/items/consumables/antiseptic_wash.webp,systems/iron-hills-system/icons/items/consumables/antiseptic_wash.webp,true,systems/iron-hills-system/icons/items/consumables/antiseptic_wash.webp,"Concept ""Антисептический раствор"", antiseptic wash bottle, blue glass, waxed label blank, herbal sediment and clean cloth wrap, infection cleansing, antiseptic blue clarity, herbal purity, humble frontier craft, worn cloth, dull leather, simple clay or iron fittings, balanced square inventory composition, 1024x1024, single isolated fantasy RPG inventory icon, centered, full object visible, transparent or plain dark background, sharp focus, painterly detailed illustration, readable at small Tarkov-style inventory cell size --ar 1:1","text, watermark, logo, signature, blurry, low quality, multiple unrelated objects, cluttered background, human hands, human face, character portrait, modern plastic, hospital equipment, sci-fi device, nsfw"
consumables,clean_dressing,Чистая повязка,1,consumable,1,1,1:1,icons/items/consumables/clean_dressing.webp,systems/iron-hills-system/icons/items/consumables/clean_dressing.webp,true,systems/iron-hills-system/icons/items/consumables/clean_dressing.webp,"Concept ""Чистая повязка"", rolled field bandage and folded dressing bundle, red wax seal, clean linen texture, blood control, clean pressure dressing, practical battlefield first aid, humble frontier craft, worn cloth, dull leather, simple clay or iron fittings, balanced square inventory composition, 1024x1024, single isolated fantasy RPG inventory icon, centered, full object visible, transparent or plain dark background, sharp focus, painterly detailed illustration, readable at small Tarkov-style inventory cell size --ar 1:1","text, watermark, logo, signature, blurry, low quality, multiple unrelated objects, cluttered background, human hands, human face, character portrait, modern plastic, hospital equipment, sci-fi device, nsfw"
consumables,field_bandage,Полевой бинт,1,consumable,1,1,1:1,icons/items/consumables/field_bandage.webp,systems/iron-hills-system/icons/items/consumables/field_bandage.webp,true,systems/iron-hills-system/icons/items/consumables/field_bandage.webp,"Concept ""Полевой бинт"", rolled field bandage and folded dressing bundle, red wax seal, clean linen texture, blood control, clean pressure dressing, practical battlefield first aid, humble frontier craft, worn cloth, dull leather, simple clay or iron fittings, balanced square inventory composition, 1024x1024, single isolated fantasy RPG inventory icon, centered, full object visible, transparent or plain dark background, sharp focus, painterly detailed illustration, readable at small Tarkov-style inventory cell size --ar 1:1","text, watermark, logo, signature, blurry, low quality, multiple unrelated objects, cluttered background, human hands, human face, character portrait, modern plastic, hospital equipment, sci-fi device, nsfw"
consumables,leather_waterskin,Кожаная фляга,1,consumable,1,2,1:2,icons/items/consumables/leather_waterskin.webp,systems/iron-hills-system/icons/items/consumables/leather_waterskin.webp,false,systems/iron-hills-system/icons/items/consumables/leather_waterskin.webp,"Concept ""Кожаная фляга"", leather waterskin with cork stopper, stitched seams, small water bead highlights, survival utility, practical fantasy expedition medicine, humble frontier craft, worn cloth, dull leather, simple clay or iron fittings, balanced square inventory composition, 1024x1024, single isolated fantasy RPG inventory icon, centered, full object visible, transparent or plain dark background, sharp focus, painterly detailed illustration, readable at small Tarkov-style inventory cell size --ar 1:1","text, watermark, logo, signature, blurry, low quality, multiple unrelated objects, cluttered background, human hands, human face, character portrait, modern plastic, hospital equipment, sci-fi device, nsfw"
consumables,splint,Шина,1,consumable,1,2,1:2,icons/items/consumables/splint.webp,systems/iron-hills-system/icons/items/consumables/splint.webp,true,systems/iron-hills-system/icons/items/consumables/splint.webp,"Concept ""Шина"", wooden splint pair tied with linen straps, bone pins and soft padding visible, fracture stabilization, rigid supports, recovery after crushing hit, humble frontier craft, worn cloth, dull leather, simple clay or iron fittings, vertical compact object framing, 768x1536, single isolated fantasy RPG inventory icon, centered, full object visible, transparent or plain dark background, sharp focus, painterly detailed illustration, readable at small Tarkov-style inventory cell size --ar 1:2","text, watermark, logo, signature, blurry, low quality, multiple unrelated objects, cluttered background, human hands, human face, character portrait, modern plastic, hospital equipment, sci-fi device, nsfw"
consumables,tourniquet,Жгут,1,consumable,1,1,1:1,icons/items/consumables/tourniquet.webp,systems/iron-hills-system/icons/items/consumables/tourniquet.webp,true,systems/iron-hills-system/icons/items/consumables/tourniquet.webp,"Concept ""Жгут"", compact leather tourniquet strap with brass windlass and buckle, coiled readable silhouette, major bleeding control, urgent limb stabilization, rugged and reliable, humble frontier craft, worn cloth, dull leather, simple clay or iron fittings, balanced square inventory composition, 1024x1024, single isolated fantasy RPG inventory icon, centered, full object visible, transparent or plain dark background, sharp focus, painterly detailed illustration, readable at small Tarkov-style inventory cell size --ar 1:1","text, watermark, logo, signature, blurry, low quality, multiple unrelated objects, cluttered background, human hands, human face, character portrait, modern plastic, hospital equipment, sci-fi device, nsfw"
consumables,clotting_powder,Свёртывающий порошок,2,consumable,1,1,1:1,icons/items/consumables/clotting_powder.webp,systems/iron-hills-system/icons/items/consumables/clotting_powder.webp,true,systems/iron-hills-system/icons/items/consumables/clotting_powder.webp,"Concept ""Свёртывающий порошок"", hemostatic cloth packet and clotting powder sachet, sealed field-medic pouch, instant clotting, powder dust, alchemical seal against bleeding, reliable guild-apprentice craft, clean seams, bronze pins, functional finish, balanced square inventory composition, 1024x1024, single isolated fantasy RPG inventory icon, centered, full object visible, transparent or plain dark background, sharp focus, painterly detailed illustration, readable at small Tarkov-style inventory cell size --ar 1:1","text, watermark, logo, signature, blurry, low quality, multiple unrelated objects, cluttered background, human hands, human face, character portrait, modern plastic, hospital equipment, sci-fi device, nsfw"
consumables,field_suture_roll,Полевая шовная скрутка,2,consumable,1,1,1:1,icons/items/consumables/field_suture_roll.webp,systems/iron-hills-system/icons/items/consumables/field_suture_roll.webp,true,systems/iron-hills-system/icons/items/consumables/field_suture_roll.webp,"Concept ""Полевая шовная скрутка"", suture roll with curved needle, clean thread spool, tiny brass needle case, precise stitching and wound closure, calm professional treatment, reliable guild-apprentice craft, clean seams, bronze pins, functional finish, balanced square inventory composition, 1024x1024, single isolated fantasy RPG inventory icon, centered, full object visible, transparent or plain dark background, sharp focus, painterly detailed illustration, readable at small Tarkov-style inventory cell size --ar 1:1","text, watermark, logo, signature, blurry, low quality, multiple unrelated objects, cluttered background, human hands, human face, character portrait, modern plastic, hospital equipment, sci-fi device, nsfw"
consumables,hemostatic_pack,Кровоостанавливающий пакет,2,consumable,1,1,1:1,icons/items/consumables/hemostatic_pack.webp,systems/iron-hills-system/icons/items/consumables/hemostatic_pack.webp,true,systems/iron-hills-system/icons/items/consumables/hemostatic_pack.webp,"Concept ""Кровоостанавливающий пакет"", hemostatic cloth packet and clotting powder sachet, sealed field-medic pouch, instant clotting, powder dust, alchemical seal against bleeding, reliable guild-apprentice craft, clean seams, bronze pins, functional finish, balanced square inventory composition, 1024x1024, single isolated fantasy RPG inventory icon, centered, full object visible, transparent or plain dark background, sharp focus, painterly detailed illustration, readable at small Tarkov-style inventory cell size --ar 1:1","text, watermark, logo, signature, blurry, low quality, multiple unrelated objects, cluttered background, human hands, human face, character portrait, modern plastic, hospital equipment, sci-fi device, nsfw"
consumables,iron_canteen,Железная фляга,2,consumable,1,2,1:2,icons/items/consumables/iron_canteen.webp,systems/iron-hills-system/icons/items/consumables/iron_canteen.webp,false,systems/iron-hills-system/icons/items/consumables/iron_canteen.webp,"Concept ""Железная фляга"", iron canteen with leather strap, dented field metal, screw cap, survival utility, practical fantasy expedition medicine, reliable guild-apprentice craft, clean seams, bronze pins, functional finish, balanced square inventory composition, 1024x1024, single isolated fantasy RPG inventory icon, centered, full object visible, transparent or plain dark background, sharp focus, painterly detailed illustration, readable at small Tarkov-style inventory cell size --ar 1:1","text, watermark, logo, signature, blurry, low quality, multiple unrelated objects, cluttered background, human hands, human face, character portrait, modern plastic, hospital equipment, sci-fi device, nsfw"
consumables,bone_pin_splint,Шина с костяными фиксаторами,3,consumable,1,2,1:2,icons/items/consumables/bone_pin_splint.webp,systems/iron-hills-system/icons/items/consumables/bone_pin_splint.webp,true,systems/iron-hills-system/icons/items/consumables/bone_pin_splint.webp,"Concept ""Шина с костяными фиксаторами"", wooden splint pair tied with linen straps, bone pins and soft padding visible, fracture stabilization, rigid supports, recovery after crushing hit, field-proven adventurer gear, reinforced details, readable silhouette, vertical compact object framing, 768x1536, single isolated fantasy RPG inventory icon, centered, full object visible, transparent or plain dark background, sharp focus, painterly detailed illustration, readable at small Tarkov-style inventory cell size --ar 1:2","text, watermark, logo, signature, blurry, low quality, multiple unrelated objects, cluttered background, human hands, human face, character portrait, modern plastic, hospital equipment, sci-fi device, nsfw"
consumables,painkiller_draught,Обезболивающий глоток,3,consumable,1,1,1:1,icons/items/consumables/painkiller_draught.webp,systems/iron-hills-system/icons/items/consumables/painkiller_draught.webp,true,systems/iron-hills-system/icons/items/consumables/painkiller_draught.webp,"Concept ""Обезболивающий глоток"", small battle stimulant ampoule in leather injector sleeve, amber liquid, caution cord, short combat surge, bitter stimulant, controlled urgency, field-proven adventurer gear, reinforced details, readable silhouette, balanced square inventory composition, 1024x1024, single isolated fantasy RPG inventory icon, centered, full object visible, transparent or plain dark background, sharp focus, painterly detailed illustration, readable at small Tarkov-style inventory cell size --ar 1:1","text, watermark, logo, signature, blurry, low quality, multiple unrelated objects, cluttered background, human hands, human face, character portrait, modern plastic, hospital equipment, sci-fi device, nsfw"
consumables,ranger_gourd,Бурдюк следопыта,3,consumable,1,2,1:2,icons/items/consumables/ranger_gourd.webp,systems/iron-hills-system/icons/items/consumables/ranger_gourd.webp,false,systems/iron-hills-system/icons/items/consumables/ranger_gourd.webp,"Concept ""Бурдюк следопыта"", traveler gourd canteen with ranger cord wrap, carved wooden stopper, survival utility, practical fantasy expedition medicine, field-proven adventurer gear, reinforced details, readable silhouette, balanced square inventory composition, 1024x1024, single isolated fantasy RPG inventory icon, centered, full object visible, transparent or plain dark background, sharp focus, painterly detailed illustration, readable at small Tarkov-style inventory cell size --ar 1:1","text, watermark, logo, signature, blurry, low quality, multiple unrelated objects, cluttered background, human hands, human face, character portrait, modern plastic, hospital equipment, sci-fi device, nsfw"
consumables,trauma_kit,Травматологический набор,3,consumable,2,2,1:1,icons/items/consumables/trauma_kit.webp,systems/iron-hills-system/icons/items/consumables/trauma_kit.webp,true,systems/iron-hills-system/icons/items/consumables/trauma_kit.webp,"Concept ""Травматологический набор"", compact trauma kit pouch opened just enough to show bandage roll, splint slats, tonic vial, body stabilization after multiple wounds, organized emergency kit, field-proven adventurer gear, reinforced details, readable silhouette, balanced square inventory composition, 1024x1024, single isolated fantasy RPG inventory icon, centered, full object visible, transparent or plain dark background, sharp focus, painterly detailed illustration, readable at small Tarkov-style inventory cell size --ar 1:1","text, watermark, logo, signature, blurry, low quality, multiple unrelated objects, cluttered background, human hands, human face, character portrait, modern plastic, hospital equipment, sci-fi device, nsfw"
consumables,battle_stimulant,Боевой стимулятор,4,consumable,1,1,1:1,icons/items/consumables/battle_stimulant.webp,systems/iron-hills-system/icons/items/consumables/battle_stimulant.webp,true,systems/iron-hills-system/icons/items/consumables/battle_stimulant.webp,"Concept ""Боевой стимулятор"", small battle stimulant ampoule in leather injector sleeve, amber liquid, caution cord, short combat surge, bitter stimulant, controlled urgency, professional mercenary quality, polished steel fittings, careful packing, balanced square inventory composition, 1024x1024, single isolated fantasy RPG inventory icon, centered, full object visible, transparent or plain dark background, sharp focus, painterly detailed illustration, readable at small Tarkov-style inventory cell size --ar 1:1","text, watermark, logo, signature, blurry, low quality, multiple unrelated objects, cluttered background, human hands, human face, character portrait, modern plastic, hospital equipment, sci-fi device, nsfw"
consumables,field_trauma_pack,Полевой травмпакет,4,consumable,2,2,1:1,icons/items/consumables/field_trauma_pack.webp,systems/iron-hills-system/icons/items/consumables/field_trauma_pack.webp,true,systems/iron-hills-system/icons/items/consumables/field_trauma_pack.webp,"Concept ""Полевой травмпакет"", compact trauma kit pouch opened just enough to show bandage roll, splint slats, tonic vial, body stabilization after multiple wounds, organized emergency kit, professional mercenary quality, polished steel fittings, careful packing, balanced square inventory composition, 1024x1024, single isolated fantasy RPG inventory icon, centered, full object visible, transparent or plain dark background, sharp focus, painterly detailed illustration, readable at small Tarkov-style inventory cell size --ar 1:1","text, watermark, logo, signature, blurry, low quality, multiple unrelated objects, cluttered background, human hands, human face, character portrait, modern plastic, hospital equipment, sci-fi device, nsfw"
consumables,surgical_kit,Хирургический набор,4,consumable,2,2,1:1,icons/items/consumables/surgical_kit.webp,systems/iron-hills-system/icons/items/consumables/surgical_kit.webp,true,systems/iron-hills-system/icons/items/consumables/surgical_kit.webp,"Concept ""Хирургический набор"", fantasy surgical field kit, folded leather case with bone saw, sutures, forceps, antiseptic vial, serious wound treatment, surgical precision, recovery of damaged body zones, professional mercenary quality, polished steel fittings, careful packing, balanced square inventory composition, 1024x1024, single isolated fantasy RPG inventory icon, centered, full object visible, transparent or plain dark background, sharp focus, painterly detailed illustration, readable at small Tarkov-style inventory cell size --ar 1:1","text, watermark, logo, signature, blurry, low quality, multiple unrelated objects, cluttered background, human hands, human face, character portrait, modern plastic, hospital equipment, sci-fi device, nsfw"
consumables,restoration_ampoule,Восстановительная ампула,5,consumable,1,1,1:1,icons/items/consumables/restoration_ampoule.webp,systems/iron-hills-system/icons/items/consumables/restoration_ampoule.webp,true,systems/iron-hills-system/icons/items/consumables/restoration_ampoule.webp,"Concept ""Восстановительная ампула"", restorative green ampoule with silver cap, clean healing glow, tiny bandage tie, restorative healing warmth, wound closing magic, safe green glow, masterwork guild finish, subtle runes, clean alchemical glass and fine leather, balanced square inventory composition, 1024x1024, single isolated fantasy RPG inventory icon, centered, full object visible, transparent or plain dark background, sharp focus, painterly detailed illustration, readable at small Tarkov-style inventory cell size --ar 1:1","text, watermark, logo, signature, blurry, low quality, multiple unrelated objects, cluttered background, human hands, human face, character portrait, modern plastic, hospital equipment, sci-fi device, nsfw"
consumables,master_surgery_pack,Мастерский хирургический комплект,6,consumable,2,2,1:1,icons/items/consumables/master_surgery_pack.webp,systems/iron-hills-system/icons/items/consumables/master_surgery_pack.webp,true,systems/iron-hills-system/icons/items/consumables/master_surgery_pack.webp,"Concept ""Мастерский хирургический комплект"", fantasy surgical field kit, folded leather case with bone saw, sutures, forceps, antiseptic vial, serious wound treatment, surgical precision, recovery of damaged body zones, elite expedition quality, mithril or silver accents, faint magical residue, balanced square inventory composition, 1024x1024, single isolated fantasy RPG inventory icon, centered, full object visible, transparent or plain dark background, sharp focus, painterly detailed illustration, readable at small Tarkov-style inventory cell size --ar 1:1","text, watermark, logo, signature, blurry, low quality, multiple unrelated objects, cluttered background, human hands, human face, character portrait, modern plastic, hospital equipment, sci-fi device, nsfw"
food,boiled_roots,Отвар корней,1,food,1,1,1:1,icons/items/food/boiled_roots.webp,systems/iron-hills-system/icons/items/food/boiled_roots.webp,true,systems/iron-hills-system/icons/items/food/boiled_roots.webp,"Concept ""Отвар корней"", fantasy edible dish photograph — balanced solids and hydration cues, wooden trencher, coarse linen napkin, tavern staples, hearth smoke, single isolated fantasy RPG food shot, centered, transparent or plain dark background, square composition for inventory icon, no hands holding food in frame, sharp focus, painterly style, 1024x1024 inventory sprite framing warm amber candlelight. --ar 1:1","text, watermark, logo, signature, blurry, low quality, cluttered banquet hall wide shot, multiple unrelated plates, eating utensils alone without food, human face, nsfw"
food,bread,Хлеб,1,food,1,1,1:1,icons/items/food/bread.webp,systems/iron-hills-system/icons/items/food/bread.webp,true,systems/iron-hills-system/icons/items/food/bread.webp,"Concept ""Хлеб"", fantasy edible dish photograph — emphasis on hearty solids roast carved portions, wooden trencher, coarse linen napkin, tavern staples, hearth smoke, single isolated fantasy RPG food shot, centered, transparent or plain dark background, square composition for inventory icon, no hands holding food in frame, sharp focus, painterly style, 1024x1024 inventory sprite framing warm amber candlelight. --ar 1:1","text, watermark, logo, signature, blurry, low quality, cluttered banquet hall wide shot, multiple unrelated plates, eating utensils alone without food, human face, nsfw"
food,cheese,Сыр,1,food,1,1,1:1,icons/items/food/cheese.webp,systems/iron-hills-system/icons/items/food/cheese.webp,true,systems/iron-hills-system/icons/items/food/cheese.webp,"Concept ""Сыр"", fantasy edible dish photograph — emphasis on hearty solids roast carved portions, wooden trencher, coarse linen napkin, tavern staples, hearth smoke, single isolated fantasy RPG food shot, centered, transparent or plain dark background, square composition for inventory icon, no hands holding food in frame, sharp focus, painterly style, 1024x1024 inventory sprite framing warm amber candlelight. --ar 1:1","text, watermark, logo, signature, blurry, low quality, cluttered banquet hall wide shot, multiple unrelated plates, eating utensils alone without food, human face, nsfw"
food,cooked_stew,Тушёное мясо,1,food,1,1,1:1,icons/items/food/cooked_stew.webp,systems/iron-hills-system/icons/items/food/cooked_stew.webp,true,systems/iron-hills-system/icons/items/food/cooked_stew.webp,"Concept ""Тушёное мясо"", fantasy edible dish photograph — emphasis on hearty solids roast carved portions, wooden trencher, coarse linen napkin, tavern staples, hearth smoke, single isolated fantasy RPG food shot, centered, transparent or plain dark background, square composition for inventory icon, no hands holding food in frame, sharp focus, painterly style, 1024x1024 inventory sprite framing warm amber candlelight. --ar 1:1","text, watermark, logo, signature, blurry, low quality, cluttered banquet hall wide shot, multiple unrelated plates, eating utensils alone without food, human face, nsfw"
food,dried_meat,Вяленое мясо,1,food,1,1,1:1,icons/items/food/dried_meat.webp,systems/iron-hills-system/icons/items/food/dried_meat.webp,true,systems/iron-hills-system/icons/items/food/dried_meat.webp,"Concept ""Вяленое мясо"", fantasy edible dish photograph — emphasis on hearty solids roast carved portions, wooden trencher, coarse linen napkin, tavern staples, hearth smoke, single isolated fantasy RPG food shot, centered, transparent or plain dark background, square composition for inventory icon, no hands holding food in frame, sharp focus, painterly style, 1024x1024 inventory sprite framing warm amber candlelight. --ar 1:1","text, watermark, logo, signature, blurry, low quality, cluttered banquet hall wide shot, multiple unrelated plates, eating utensils alone without food, human face, nsfw"
food,dwarf_brew,Гномье пиво,1,food,1,1,1:1,icons/items/food/dwarf_brew.webp,systems/iron-hills-system/icons/items/food/dwarf_brew.webp,true,systems/iron-hills-system/icons/items/food/dwarf_brew.webp,"Concept ""Гномье пиво"", fantasy edible dish photograph — emphasis on steam mug / jug / soup moisture shimmer, wooden trencher, coarse linen napkin, tavern staples, hearth smoke, single isolated fantasy RPG food shot, centered, transparent or plain dark background, square composition for inventory icon, no hands holding food in frame, sharp focus, painterly style, 1024x1024 inventory sprite framing warm amber candlelight. --ar 1:1","text, watermark, logo, signature, blurry, low quality, cluttered banquet hall wide shot, multiple unrelated plates, eating utensils alone without food, human face, nsfw"
food,field_stew,Полевое жаркое,1,food,1,1,1:1,icons/items/food/field_stew.webp,systems/iron-hills-system/icons/items/food/field_stew.webp,true,systems/iron-hills-system/icons/items/food/field_stew.webp,"Concept ""Полевое жаркое"", fantasy edible dish photograph — emphasis on hearty solids roast carved portions, wooden trencher, coarse linen napkin, tavern staples, hearth smoke, single isolated fantasy RPG food shot, centered, transparent or plain dark background, square composition for inventory icon, no hands holding food in frame, sharp focus, painterly style, 1024x1024 inventory sprite framing warm amber candlelight. --ar 1:1","text, watermark, logo, signature, blurry, low quality, cluttered banquet hall wide shot, multiple unrelated plates, eating utensils alone without food, human face, nsfw"
food,fresh_meat,Свежее мясо,1,food,1,1,1:1,icons/items/food/fresh_meat.webp,systems/iron-hills-system/icons/items/food/fresh_meat.webp,true,systems/iron-hills-system/icons/items/food/fresh_meat.webp,"Concept ""Свежее мясо"", fantasy edible dish photograph — emphasis on hearty solids roast carved portions, wooden trencher, coarse linen napkin, tavern staples, hearth smoke, single isolated fantasy RPG food shot, centered, transparent or plain dark background, square composition for inventory icon, no hands holding food in frame, sharp focus, painterly style, 1024x1024 inventory sprite framing warm amber candlelight. --ar 1:1","text, watermark, logo, signature, blurry, low quality, cluttered banquet hall wide shot, multiple unrelated plates, eating utensils alone without food, human face, nsfw"
food,game_meat_raw,Сырая дичь,1,food,1,1,1:1,icons/items/food/game_meat_raw.webp,systems/iron-hills-system/icons/items/food/game_meat_raw.webp,true,systems/iron-hills-system/icons/items/food/game_meat_raw.webp,"Concept ""Сырая дичь"", fantasy edible dish photograph — emphasis on hearty solids roast carved portions, wooden trencher, coarse linen napkin, tavern staples, hearth smoke, single isolated fantasy RPG food shot, centered, transparent or plain dark background, square composition for inventory icon, no hands holding food in frame, sharp focus, painterly style, 1024x1024 inventory sprite framing warm amber candlelight. --ar 1:1","text, watermark, logo, signature, blurry, low quality, cluttered banquet hall wide shot, multiple unrelated plates, eating utensils alone without food, human face, nsfw"
food,mushroom_soup,Грибной суп,1,food,1,1,1:1,icons/items/food/mushroom_soup.webp,systems/iron-hills-system/icons/items/food/mushroom_soup.webp,true,systems/iron-hills-system/icons/items/food/mushroom_soup.webp,"Concept ""Грибной суп"", fantasy edible dish photograph — balanced solids and hydration cues, wooden trencher, coarse linen napkin, tavern staples, hearth smoke, single isolated fantasy RPG food shot, centered, transparent or plain dark background, square composition for inventory icon, no hands holding food in frame, sharp focus, painterly style, 1024x1024 inventory sprite framing warm amber candlelight. --ar 1:1","text, watermark, logo, signature, blurry, low quality, cluttered banquet hall wide shot, multiple unrelated plates, eating utensils alone without food, human face, nsfw"
food,oat_kiss_kissel,Овсяный поцелуй,1,food,1,1,1:1,icons/items/food/oat_kiss_kissel.webp,systems/iron-hills-system/icons/items/food/oat_kiss_kissel.webp,true,systems/iron-hills-system/icons/items/food/oat_kiss_kissel.webp,"Concept ""Овсяный поцелуй"", fantasy edible dish photograph — balanced solids and hydration cues, wooden trencher, coarse linen napkin, tavern staples, hearth smoke, single isolated fantasy RPG food shot, centered, transparent or plain dark background, square composition for inventory icon, no hands holding food in frame, sharp focus, painterly style, 1024x1024 inventory sprite framing warm amber candlelight. --ar 1:1","text, watermark, logo, signature, blurry, low quality, cluttered banquet hall wide shot, multiple unrelated plates, eating utensils alone without food, human face, nsfw"
food,pickled_veggies_jar,Банка маринованных овощей,1,food,1,1,1:1,icons/items/food/pickled_veggies_jar.webp,systems/iron-hills-system/icons/items/food/pickled_veggies_jar.webp,true,systems/iron-hills-system/icons/items/food/pickled_veggies_jar.webp,"Concept ""Банка маринованных овощей"", fantasy edible dish photograph — balanced solids and hydration cues, wooden trencher, coarse linen napkin, tavern staples, hearth smoke, single isolated fantasy RPG food shot, centered, transparent or plain dark background, square composition for inventory icon, no hands holding food in frame, sharp focus, painterly style, 1024x1024 inventory sprite framing warm amber candlelight. --ar 1:1","text, watermark, logo, signature, blurry, low quality, cluttered banquet hall wide shot, multiple unrelated plates, eating utensils alone without food, human face, nsfw"
food,trail_rations,Походный паёк,1,food,1,1,1:1,icons/items/food/trail_rations.webp,systems/iron-hills-system/icons/items/food/trail_rations.webp,true,systems/iron-hills-system/icons/items/food/trail_rations.webp,"Concept ""Походный паёк"", fantasy edible dish photograph — emphasis on hearty solids roast carved portions, wooden trencher, coarse linen napkin, tavern staples, hearth smoke, single isolated fantasy RPG food shot, centered, transparent or plain dark background, square composition for inventory icon, no hands holding food in frame, sharp focus, painterly style, 1024x1024 inventory sprite framing warm amber candlelight. --ar 1:1","text, watermark, logo, signature, blurry, low quality, cluttered banquet hall wide shot, multiple unrelated plates, eating utensils alone without food, human face, nsfw"
food,well_water_skin,Родниковая вода (меха),1,food,1,1,1:1,icons/items/food/well_water_skin.webp,systems/iron-hills-system/icons/items/food/well_water_skin.webp,true,systems/iron-hills-system/icons/items/food/well_water_skin.webp,"Concept ""Родниковая вода (меха)"", fantasy edible dish photograph — emphasis on steam mug / jug / soup moisture shimmer, wooden trencher, coarse linen napkin, tavern staples, hearth smoke, single isolated fantasy RPG food shot, centered, transparent or plain dark background, square composition for inventory icon, no hands holding food in frame, sharp focus, painterly style, 1024x1024 inventory sprite framing warm amber candlelight. --ar 1:1","text, watermark, logo, signature, blurry, low quality, cluttered banquet hall wide shot, multiple unrelated plates, eating utensils alone without food, human face, nsfw"
food,berry_kvass_jug,Кувшин ягодного кваса,2,food,1,1,1:1,icons/items/food/berry_kvass_jug.webp,systems/iron-hills-system/icons/items/food/berry_kvass_jug.webp,true,systems/iron-hills-system/icons/items/food/berry_kvass_jug.webp,"Concept ""Кувшин ягодного кваса"", fantasy edible dish photograph — emphasis on steam mug / jug / soup moisture shimmer, simple glazed ceramic plate, respectable inn fare, single isolated fantasy RPG food shot, centered, transparent or plain dark background, square composition for inventory icon, no hands holding food in frame, sharp focus, painterly style, 1024x1024 inventory sprite framing cozy lantern glow. --ar 1:1","text, watermark, logo, signature, blurry, low quality, cluttered banquet hall wide shot, multiple unrelated plates, eating utensils alone without food, human face, nsfw"
food,fine_meal,Изысканное блюдо,2,food,1,1,1:1,icons/items/food/fine_meal.webp,systems/iron-hills-system/icons/items/food/fine_meal.webp,true,systems/iron-hills-system/icons/items/food/fine_meal.webp,"Concept ""Изысканное блюдо"", fantasy edible dish photograph — emphasis on hearty solids roast carved portions, simple glazed ceramic plate, respectable inn fare, single isolated fantasy RPG food shot, centered, transparent or plain dark background, square composition for inventory icon, no hands holding food in frame, sharp focus, painterly style, 1024x1024 inventory sprite framing cozy lantern glow. --ar 1:1","text, watermark, logo, signature, blurry, low quality, cluttered banquet hall wide shot, multiple unrelated plates, eating utensils alone without food, human face, nsfw"
food,game_meat_rich,Плотная дичь,2,food,1,1,1:1,icons/items/food/game_meat_rich.webp,systems/iron-hills-system/icons/items/food/game_meat_rich.webp,true,systems/iron-hills-system/icons/items/food/game_meat_rich.webp,"Concept ""Плотная дичь"", fantasy edible dish photograph — emphasis on hearty solids roast carved portions, simple glazed ceramic plate, respectable inn fare, single isolated fantasy RPG food shot, centered, transparent or plain dark background, square composition for inventory icon, no hands holding food in frame, sharp focus, painterly style, 1024x1024 inventory sprite framing cozy lantern glow. --ar 1:1","text, watermark, logo, signature, blurry, low quality, cluttered banquet hall wide shot, multiple unrelated plates, eating utensils alone without food, human face, nsfw"
food,meadow_honeycomb,Луговые медовые соты,2,food,1,1,1:1,icons/items/food/meadow_honeycomb.webp,systems/iron-hills-system/icons/items/food/meadow_honeycomb.webp,true,systems/iron-hills-system/icons/items/food/meadow_honeycomb.webp,"Concept ""Луговые медовые соты"", fantasy edible dish photograph — emphasis on hearty solids roast carved portions, simple glazed ceramic plate, respectable inn fare, single isolated fantasy RPG food shot, centered, transparent or plain dark background, square composition for inventory icon, no hands holding food in frame, sharp focus, painterly style, 1024x1024 inventory sprite framing cozy lantern glow. --ar 1:1","text, watermark, logo, signature, blurry, low quality, cluttered banquet hall wide shot, multiple unrelated plates, eating utensils alone without food, human face, nsfw"
food,salted_fish_board,Дощечка солёной рыбы,2,food,1,1,1:1,icons/items/food/salted_fish_board.webp,systems/iron-hills-system/icons/items/food/salted_fish_board.webp,true,systems/iron-hills-system/icons/items/food/salted_fish_board.webp,"Concept ""Дощечка солёной рыбы"", fantasy edible dish photograph — emphasis on hearty solids roast carved portions, simple glazed ceramic plate, respectable inn fare, single isolated fantasy RPG food shot, centered, transparent or plain dark background, square composition for inventory icon, no hands holding food in frame, sharp focus, painterly style, 1024x1024 inventory sprite framing cozy lantern glow. --ar 1:1","text, watermark, logo, signature, blurry, low quality, cluttered banquet hall wide shot, multiple unrelated plates, eating utensils alone without food, human face, nsfw"
food,serpent_fillet_raw,Сырое филе змея,2,food,1,1,1:1,icons/items/food/serpent_fillet_raw.webp,systems/iron-hills-system/icons/items/food/serpent_fillet_raw.webp,true,systems/iron-hills-system/icons/items/food/serpent_fillet_raw.webp,"Concept ""Сырое филе змея"", fantasy edible dish photograph — emphasis on hearty solids roast carved portions, simple glazed ceramic plate, respectable inn fare, single isolated fantasy RPG food shot, centered, transparent or plain dark background, square composition for inventory icon, no hands holding food in frame, sharp focus, painterly style, 1024x1024 inventory sprite framing cozy lantern glow. --ar 1:1","text, watermark, logo, signature, blurry, low quality, cluttered banquet hall wide shot, multiple unrelated plates, eating utensils alone without food, human face, nsfw"
food,travelers_hardtack,Сухари странника,2,food,1,1,1:1,icons/items/food/travelers_hardtack.webp,systems/iron-hills-system/icons/items/food/travelers_hardtack.webp,true,systems/iron-hills-system/icons/items/food/travelers_hardtack.webp,"Concept ""Сухари странника"", fantasy edible dish photograph — emphasis on hearty solids roast carved portions, simple glazed ceramic plate, respectable inn fare, single isolated fantasy RPG food shot, centered, transparent or plain dark background, square composition for inventory icon, no hands holding food in frame, sharp focus, painterly style, 1024x1024 inventory sprite framing cozy lantern glow. --ar 1:1","text, watermark, logo, signature, blurry, low quality, cluttered banquet hall wide shot, multiple unrelated plates, eating utensils alone without food, human face, nsfw"
food,cherry_brandy_snifter,Бренди из вишни,3,food,1,1,1:1,icons/items/food/cherry_brandy_snifter.webp,systems/iron-hills-system/icons/items/food/cherry_brandy_snifter.webp,true,systems/iron-hills-system/icons/items/food/cherry_brandy_snifter.webp,"Concept ""Бренди из вишни"", fantasy edible dish photograph — balanced solids and hydration cues, white pottery dish with herb garnish, guild-town merchant lunch, single isolated fantasy RPG food shot, centered, transparent or plain dark background, square composition for inventory icon, no hands holding food in frame, sharp focus, painterly style, 1024x1024 inventory sprite framing neutral daylight window. --ar 1:1","text, watermark, logo, signature, blurry, low quality, cluttered banquet hall wide shot, multiple unrelated plates, eating utensils alone without food, human face, nsfw"
food,highland_grub_haunch,Окорок горного трутня,3,food,1,1,1:1,icons/items/food/highland_grub_haunch.webp,systems/iron-hills-system/icons/items/food/highland_grub_haunch.webp,true,systems/iron-hills-system/icons/items/food/highland_grub_haunch.webp,"Concept ""Окорок горного трутня"", fantasy edible dish photograph — emphasis on hearty solids roast carved portions, white pottery dish with herb garnish, guild-town merchant lunch, single isolated fantasy RPG food shot, centered, transparent or plain dark background, square composition for inventory icon, no hands holding food in frame, sharp focus, painterly style, 1024x1024 inventory sprite framing neutral daylight window. --ar 1:1","text, watermark, logo, signature, blurry, low quality, cluttered banquet hall wide shot, multiple unrelated plates, eating utensils alone without food, human face, nsfw"
food,miners_breakfast,Завтрак шахтёра,3,food,1,1,1:1,icons/items/food/miners_breakfast.webp,systems/iron-hills-system/icons/items/food/miners_breakfast.webp,true,systems/iron-hills-system/icons/items/food/miners_breakfast.webp,"Concept ""Завтрак шахтёра"", fantasy edible dish photograph — emphasis on hearty solids roast carved portions, white pottery dish with herb garnish, guild-town merchant lunch, single isolated fantasy RPG food shot, centered, transparent or plain dark background, square composition for inventory icon, no hands holding food in frame, sharp focus, painterly style, 1024x1024 inventory sprite framing neutral daylight window. --ar 1:1","text, watermark, logo, signature, blurry, low quality, cluttered banquet hall wide shot, multiple unrelated plates, eating utensils alone without food, human face, nsfw"
food,mint_leaf_tea_pot,Чайник мятного чая,3,food,1,1,1:1,icons/items/food/mint_leaf_tea_pot.webp,systems/iron-hills-system/icons/items/food/mint_leaf_tea_pot.webp,true,systems/iron-hills-system/icons/items/food/mint_leaf_tea_pot.webp,"Concept ""Чайник мятного чая"", fantasy edible dish photograph — balanced solids and hydration cues, white pottery dish with herb garnish, guild-town merchant lunch, single isolated fantasy RPG food shot, centered, transparent or plain dark background, square composition for inventory icon, no hands holding food in frame, sharp focus, painterly style, 1024x1024 inventory sprite framing neutral daylight window. --ar 1:1","text, watermark, logo, signature, blurry, low quality, cluttered banquet hall wide shot, multiple unrelated plates, eating utensils alone without food, human face, nsfw"
food,orchard_cider_jug,Кувшин яблочного сидра,3,food,1,1,1:1,icons/items/food/orchard_cider_jug.webp,systems/iron-hills-system/icons/items/food/orchard_cider_jug.webp,true,systems/iron-hills-system/icons/items/food/orchard_cider_jug.webp,"Concept ""Кувшин яблочного сидра"", fantasy edible dish photograph — emphasis on steam mug / jug / soup moisture shimmer, white pottery dish with herb garnish, guild-town merchant lunch, single isolated fantasy RPG food shot, centered, transparent or plain dark background, square composition for inventory icon, no hands holding food in frame, sharp focus, painterly style, 1024x1024 inventory sprite framing neutral daylight window. --ar 1:1","text, watermark, logo, signature, blurry, low quality, cluttered banquet hall wide shot, multiple unrelated plates, eating utensils alone without food, human face, nsfw"
food,caravan_roast,Ужин караванщика,4,food,1,1,1:1,icons/items/food/caravan_roast.webp,systems/iron-hills-system/icons/items/food/caravan_roast.webp,true,systems/iron-hills-system/icons/items/food/caravan_roast.webp,"Concept ""Ужин караванщика"", fantasy edible dish photograph — emphasis on hearty solids roast carved portions, bronze charger plate with carved rim, caravan feast seasoned by road spice, single isolated fantasy RPG food shot, centered, transparent or plain dark background, square composition for inventory icon, no hands holding food in frame, sharp focus, painterly style, 1024x1024 inventory sprite framing clean side light. --ar 1:1","text, watermark, logo, signature, blurry, low quality, cluttered banquet hall wide shot, multiple unrelated plates, eating utensils alone without food, human face, nsfw"
food,smoked_trout_board,Копчёная форель,4,food,1,1,1:1,icons/items/food/smoked_trout_board.webp,systems/iron-hills-system/icons/items/food/smoked_trout_board.webp,true,systems/iron-hills-system/icons/items/food/smoked_trout_board.webp,"Concept ""Копчёная форель"", fantasy edible dish photograph — emphasis on hearty solids roast carved portions, bronze charger plate with carved rim, caravan feast seasoned by road spice, single isolated fantasy RPG food shot, centered, transparent or plain dark background, square composition for inventory icon, no hands holding food in frame, sharp focus, painterly style, 1024x1024 inventory sprite framing clean side light. --ar 1:1","text, watermark, logo, signature, blurry, low quality, cluttered banquet hall wide shot, multiple unrelated plates, eating utensils alone without food, human face, nsfw"
food,spiced_route_wine,Приправленное дорожное вино,4,food,1,1,1:1,icons/items/food/spiced_route_wine.webp,systems/iron-hills-system/icons/items/food/spiced_route_wine.webp,true,systems/iron-hills-system/icons/items/food/spiced_route_wine.webp,"Concept ""Приправленное дорожное вино"", fantasy edible dish photograph — balanced solids and hydration cues, bronze charger plate with carved rim, caravan feast seasoned by road spice, single isolated fantasy RPG food shot, centered, transparent or plain dark background, square composition for inventory icon, no hands holding food in frame, sharp focus, painterly style, 1024x1024 inventory sprite framing clean side light. --ar 1:1","text, watermark, logo, signature, blurry, low quality, cluttered banquet hall wide shot, multiple unrelated plates, eating utensils alone without food, human face, nsfw"
food,wyvern_stringy_cut,Нарезка с виверны,4,food,1,1,1:1,icons/items/food/wyvern_stringy_cut.webp,systems/iron-hills-system/icons/items/food/wyvern_stringy_cut.webp,true,systems/iron-hills-system/icons/items/food/wyvern_stringy_cut.webp,"Concept ""Нарезка с виверны"", fantasy edible dish photograph — emphasis on hearty solids roast carved portions, bronze charger plate with carved rim, caravan feast seasoned by road spice, single isolated fantasy RPG food shot, centered, transparent or plain dark background, square composition for inventory icon, no hands holding food in frame, sharp focus, painterly style, 1024x1024 inventory sprite framing clean side light. --ar 1:1","text, watermark, logo, signature, blurry, low quality, cluttered banquet hall wide shot, multiple unrelated plates, eating utensils alone without food, human face, nsfw"
food,amber_mead_horn,Янтарный мёд в роге,5,food,1,1,1:1,icons/items/food/amber_mead_horn.webp,systems/iron-hills-system/icons/items/food/amber_mead_horn.webp,true,systems/iron-hills-system/icons/items/food/amber_mead_horn.webp,"Concept ""Янтарный мёд в роге"", fantasy edible dish photograph — balanced solids and hydration cues, silver-plated platter, manor hall banquet snippet, single isolated fantasy RPG food shot, centered, transparent or plain dark background, square composition for inventory icon, no hands holding food in frame, sharp focus, painterly style, 1024x1024 inventory sprite framing soft rim highlights. --ar 1:1","text, watermark, logo, signature, blurry, low quality, cluttered banquet hall wide shot, multiple unrelated plates, eating utensils alone without food, human face, nsfw"
food,lordly_vegetable_pie,Пирог с овощами и ягодами,5,food,1,1,1:1,icons/items/food/lordly_vegetable_pie.webp,systems/iron-hills-system/icons/items/food/lordly_vegetable_pie.webp,true,systems/iron-hills-system/icons/items/food/lordly_vegetable_pie.webp,"Concept ""Пирог с овощами и ягодами"", fantasy edible dish photograph — emphasis on hearty solids roast carved portions, silver-plated platter, manor hall banquet snippet, single isolated fantasy RPG food shot, centered, transparent or plain dark background, square composition for inventory icon, no hands holding food in frame, sharp focus, painterly style, 1024x1024 inventory sprite framing soft rim highlights. --ar 1:1","text, watermark, logo, signature, blurry, low quality, cluttered banquet hall wide shot, multiple unrelated plates, eating utensils alone without food, human face, nsfw"
food,firebrand_brandy_snifter,Бренди «Огненная метка»,6,food,1,1,1:1,icons/items/food/firebrand_brandy_snifter.webp,systems/iron-hills-system/icons/items/food/firebrand_brandy_snifter.webp,true,systems/iron-hills-system/icons/items/food/firebrand_brandy_snifter.webp,"Concept ""Бренди «Огненная метка»"", fantasy edible dish photograph — balanced solids and hydration cues, cast iron skillet presentation still steaming, noble hunter lodge luxury, single isolated fantasy RPG food shot, centered, transparent or plain dark background, square composition for inventory icon, no hands holding food in frame, sharp focus, painterly style, 1024x1024 inventory sprite framing fire-kissed glow. --ar 1:1","text, watermark, logo, signature, blurry, low quality, cluttered banquet hall wide shot, multiple unrelated plates, eating utensils alone without food, human face, nsfw"
food,volcanic_skillet,Жаровня «Вулкан»,6,food,1,1,1:1,icons/items/food/volcanic_skillet.webp,systems/iron-hills-system/icons/items/food/volcanic_skillet.webp,true,systems/iron-hills-system/icons/items/food/volcanic_skillet.webp,"Concept ""Жаровня «Вулкан»"", fantasy edible dish photograph — emphasis on hearty solids roast carved portions, cast iron skillet presentation still steaming, noble hunter lodge luxury, single isolated fantasy RPG food shot, centered, transparent or plain dark background, square composition for inventory icon, no hands holding food in frame, sharp focus, painterly style, 1024x1024 inventory sprite framing fire-kissed glow. --ar 1:1","text, watermark, logo, signature, blurry, low quality, cluttered banquet hall wide shot, multiple unrelated plates, eating utensils alone without food, human face, nsfw"
food,glacier_melt_skin,Талая ледниковая вода,7,food,1,1,1:1,icons/items/food/glacier_melt_skin.webp,systems/iron-hills-system/icons/items/food/glacier_melt_skin.webp,true,systems/iron-hills-system/icons/items/food/glacier_melt_skin.webp,"Concept ""Талая ледниковая вода"", fantasy edible dish photograph — emphasis on steam mug / jug / soup moisture shimmer, dark slate plate bioluminescent garnish accents, exotic imported rarity, single isolated fantasy RPG food shot, centered, transparent or plain dark background, square composition for inventory icon, no hands holding food in frame, sharp focus, painterly style, 1024x1024 inventory sprite framing cool moonlit shimmer. --ar 1:1","text, watermark, logo, signature, blurry, low quality, cluttered banquet hall wide shot, multiple unrelated plates, eating utensils alone without food, human face, nsfw"
food,moonfruit_tart,Тарт из лунного фрукта,7,food,1,1,1:1,icons/items/food/moonfruit_tart.webp,systems/iron-hills-system/icons/items/food/moonfruit_tart.webp,true,systems/iron-hills-system/icons/items/food/moonfruit_tart.webp,"Concept ""Тарт из лунного фрукта"", fantasy edible dish photograph — emphasis on hearty solids roast carved portions, dark slate plate bioluminescent garnish accents, exotic imported rarity, single isolated fantasy RPG food shot, centered, transparent or plain dark background, square composition for inventory icon, no hands holding food in frame, sharp focus, painterly style, 1024x1024 inventory sprite framing cool moonlit shimmer. --ar 1:1","text, watermark, logo, signature, blurry, low quality, cluttered banquet hall wide shot, multiple unrelated plates, eating utensils alone without food, human face, nsfw"
food,aurora_glazed_roast,Жаркое с глазурью Авроры,8,food,1,1,1:1,icons/items/food/aurora_glazed_roast.webp,systems/iron-hills-system/icons/items/food/aurora_glazed_roast.webp,true,systems/iron-hills-system/icons/items/food/aurora_glazed_roast.webp,"Concept ""Жаркое с глазурью Авроры"", fantasy edible dish photograph — emphasis on hearty solids roast carved portions, pearlescent porcelain, master-chef artistry visible saucing, single isolated fantasy RPG food shot, centered, transparent or plain dark background, square composition for inventory icon, no hands holding food in frame, sharp focus, painterly style, 1024x1024 inventory sprite framing studio highlight gradient. --ar 1:1","text, watermark, logo, signature, blurry, low quality, cluttered banquet hall wide shot, multiple unrelated plates, eating utensils alone without food, human face, nsfw"
food,aurora_sparkling_juice,Игристый сок Авроры,8,food,1,1,1:1,icons/items/food/aurora_sparkling_juice.webp,systems/iron-hills-system/icons/items/food/aurora_sparkling_juice.webp,true,systems/iron-hills-system/icons/items/food/aurora_sparkling_juice.webp,"Concept ""Игристый сок Авроры"", fantasy edible dish photograph — balanced solids and hydration cues, pearlescent porcelain, master-chef artistry visible saucing, single isolated fantasy RPG food shot, centered, transparent or plain dark background, square composition for inventory icon, no hands holding food in frame, sharp focus, painterly style, 1024x1024 inventory sprite framing studio highlight gradient. --ar 1:1","text, watermark, logo, signature, blurry, low quality, cluttered banquet hall wide shot, multiple unrelated plates, eating utensils alone without food, human face, nsfw"
food,solar_buffet_course,Блюдо солнечного буфета,9,food,1,1,1:1,icons/items/food/solar_buffet_course.webp,systems/iron-hills-system/icons/items/food/solar_buffet_course.webp,true,systems/iron-hills-system/icons/items/food/solar_buffet_course.webp,"Concept ""Блюдо солнечного буфета"", fantasy edible dish photograph — emphasis on hearty solids roast carved portions, gold-leaf trimmed platter, legendary banquet centerpiece miniature, single isolated fantasy RPG food shot, centered, transparent or plain dark background, square composition for inventory icon, no hands holding food in frame, sharp focus, painterly style, 1024x1024 inventory sprite framing golden divine backlight. --ar 1:1","text, watermark, logo, signature, blurry, low quality, cluttered banquet hall wide shot, multiple unrelated plates, eating utensils alone without food, human face, nsfw"
food,solar_champagne_flute,Солнечное шампанское,9,food,1,1,1:1,icons/items/food/solar_champagne_flute.webp,systems/iron-hills-system/icons/items/food/solar_champagne_flute.webp,true,systems/iron-hills-system/icons/items/food/solar_champagne_flute.webp,"Concept ""Солнечное шампанское"", fantasy edible dish photograph — balanced solids and hydration cues, gold-leaf trimmed platter, legendary banquet centerpiece miniature, single isolated fantasy RPG food shot, centered, transparent or plain dark background, square composition for inventory icon, no hands holding food in frame, sharp focus, painterly style, 1024x1024 inventory sprite framing golden divine backlight. --ar 1:1","text, watermark, logo, signature, blurry, low quality, cluttered banquet hall wide shot, multiple unrelated plates, eating utensils alone without food, human face, nsfw"
food,celestial_dew_flask,Фляга небесной росы,10,food,1,1,1:1,icons/items/food/celestial_dew_flask.webp,systems/iron-hills-system/icons/items/food/celestial_dew_flask.webp,true,systems/iron-hills-system/icons/items/food/celestial_dew_flask.webp,"Concept ""Фляга небесной росы"", fantasy edible dish photograph — balanced solids and hydration cues, floating crystalline dish barely touching surface, mythical feast worthy of gods, single isolated fantasy RPG food shot, centered, transparent or plain dark background, square composition for inventory icon, no hands holding food in frame, sharp focus, painterly style, 1024x1024 inventory sprite framing spark halo lens flare subtle aura distortion. --ar 1:1","text, watermark, logo, signature, blurry, low quality, cluttered banquet hall wide shot, multiple unrelated plates, eating utensils alone without food, human face, nsfw"
food,genesis_supper,Ужин генезиса,10,food,1,1,1:1,icons/items/food/genesis_supper.webp,systems/iron-hills-system/icons/items/food/genesis_supper.webp,true,systems/iron-hills-system/icons/items/food/genesis_supper.webp,"Concept ""Ужин генезиса"", fantasy edible dish photograph — emphasis on hearty solids roast carved portions, floating crystalline dish barely touching surface, mythical feast worthy of gods, single isolated fantasy RPG food shot, centered, transparent or plain dark background, square composition for inventory icon, no hands holding food in frame, sharp focus, painterly style, 1024x1024 inventory sprite framing spark halo lens flare subtle aura distortion. --ar 1:1","text, watermark, logo, signature, blurry, low quality, cluttered banquet hall wide shot, multiple unrelated plates, eating utensils alone without food, human face, nsfw"
materials,animal_hide,Шкура зверя,1,material,1,1,1:1,icons/items/materials/animal_hide.webp,systems/iron-hills-system/icons/items/materials/animal_hide.webp,false,systems/iron-hills-system/icons/items/materials/animal_hide.webp,"Concept ""Шкура зверя"", a single fantasy crafting material, rough low-tier materials, worn edges, practical peasant craft, centered square inventory composition, single isolated fantasy RPG inventory icon, centered, full object visible, plain dark or transparent background, sharp painterly detail, 1024x1024 --ar 1:1","text, watermark, logo, signature, blurry, low quality, cluttered background, multiple unrelated objects, human hands, human face, nsfw"
materials,beast_sinew_spool,Жильё зверя,1,material,1,1,1:1,icons/items/materials/beast_sinew_spool.webp,systems/iron-hills-system/icons/items/materials/beast_sinew_spool.webp,false,systems/iron-hills-system/icons/items/materials/beast_sinew_spool.webp,"Concept ""Жильё зверя"", a single fantasy crafting material, rough low-tier materials, worn edges, practical peasant craft, centered square inventory composition, single isolated fantasy RPG inventory icon, centered, full object visible, plain dark or transparent background, sharp painterly detail, 1024x1024 --ar 1:1","text, watermark, logo, signature, blurry, low quality, cluttered background, multiple unrelated objects, human hands, human face, nsfw"
materials,cloth,Ткань,1,material,1,1,1:1,icons/items/materials/cloth.webp,systems/iron-hills-system/icons/items/materials/cloth.webp,false,systems/iron-hills-system/icons/items/materials/cloth.webp,"Concept ""Ткань"", a single fantasy crafting material, rough low-tier materials, worn edges, practical peasant craft, centered square inventory composition, single isolated fantasy RPG inventory icon, centered, full object visible, plain dark or transparent background, sharp painterly detail, 1024x1024 --ar 1:1","text, watermark, logo, signature, blurry, low quality, cluttered background, multiple unrelated objects, human hands, human face, nsfw"
materials,coal,Уголь,1,material,1,1,1:1,icons/items/materials/coal.webp,systems/iron-hills-system/icons/items/materials/coal.webp,false,systems/iron-hills-system/icons/items/materials/coal.webp,"Concept ""Уголь"", a single fantasy crafting material, rough low-tier materials, worn edges, practical peasant craft, centered square inventory composition, single isolated fantasy RPG inventory icon, centered, full object visible, plain dark or transparent background, sharp painterly detail, 1024x1024 --ar 1:1","text, watermark, logo, signature, blurry, low quality, cluttered background, multiple unrelated objects, human hands, human face, nsfw"
materials,copper_ingot,Медный слиток,1,material,1,1,1:1,icons/items/materials/copper_ingot.webp,systems/iron-hills-system/icons/items/materials/copper_ingot.webp,false,systems/iron-hills-system/icons/items/materials/copper_ingot.webp,"Concept ""Медный слиток"", a single fantasy crafting material, rough low-tier materials, worn edges, practical peasant craft, centered square inventory composition, single isolated fantasy RPG inventory icon, centered, full object visible, plain dark or transparent background, sharp painterly detail, 1024x1024 --ar 1:1","text, watermark, logo, signature, blurry, low quality, cluttered background, multiple unrelated objects, human hands, human face, nsfw"
materials,copper_ore,Медная руда,1,material,1,1,1:1,icons/items/materials/copper_ore.webp,systems/iron-hills-system/icons/items/materials/copper_ore.webp,false,systems/iron-hills-system/icons/items/materials/copper_ore.webp,"Concept ""Медная руда"", a single fantasy crafting material, rough low-tier materials, worn edges, practical peasant craft, centered square inventory composition, single isolated fantasy RPG inventory icon, centered, full object visible, plain dark or transparent background, sharp painterly detail, 1024x1024 --ar 1:1","text, watermark, logo, signature, blurry, low quality, cluttered background, multiple unrelated objects, human hands, human face, nsfw"
materials,fang_shard,Осколок клыка,1,material,1,1,1:1,icons/items/materials/fang_shard.webp,systems/iron-hills-system/icons/items/materials/fang_shard.webp,false,systems/iron-hills-system/icons/items/materials/fang_shard.webp,"Concept ""Осколок клыка"", a single fantasy crafting material, rough low-tier materials, worn edges, practical peasant craft, centered square inventory composition, single isolated fantasy RPG inventory icon, centered, full object visible, plain dark or transparent background, sharp painterly detail, 1024x1024 --ar 1:1","text, watermark, logo, signature, blurry, low quality, cluttered background, multiple unrelated objects, human hands, human face, nsfw"
materials,flint,Кремень,1,material,1,1,1:1,icons/items/materials/flint.webp,systems/iron-hills-system/icons/items/materials/flint.webp,false,systems/iron-hills-system/icons/items/materials/flint.webp,"Concept ""Кремень"", a single fantasy crafting material, rough low-tier materials, worn edges, practical peasant craft, centered square inventory composition, single isolated fantasy RPG inventory icon, centered, full object visible, plain dark or transparent background, sharp painterly detail, 1024x1024 --ar 1:1","text, watermark, logo, signature, blurry, low quality, cluttered background, multiple unrelated objects, human hands, human face, nsfw"
materials,herb_common,Обычная трава,1,material,1,1,1:1,icons/items/materials/herb_common.webp,systems/iron-hills-system/icons/items/materials/herb_common.webp,false,systems/iron-hills-system/icons/items/materials/herb_common.webp,"Concept ""Обычная трава"", a single fantasy crafting material, rough low-tier materials, worn edges, practical peasant craft, centered square inventory composition, single isolated fantasy RPG inventory icon, centered, full object visible, plain dark or transparent background, sharp painterly detail, 1024x1024 --ar 1:1","text, watermark, logo, signature, blurry, low quality, cluttered background, multiple unrelated objects, human hands, human face, nsfw"
materials,herb_healing,Целебный лист,1,material,1,1,1:1,icons/items/materials/herb_healing.webp,systems/iron-hills-system/icons/items/materials/herb_healing.webp,false,systems/iron-hills-system/icons/items/materials/herb_healing.webp,"Concept ""Целебный лист"", a single fantasy crafting material, rough low-tier materials, worn edges, practical peasant craft, centered square inventory composition, single isolated fantasy RPG inventory icon, centered, full object visible, plain dark or transparent background, sharp painterly detail, 1024x1024 --ar 1:1","text, watermark, logo, signature, blurry, low quality, cluttered background, multiple unrelated objects, human hands, human face, nsfw"
materials,mushroom_bog,Болотный гриб,1,material,1,1,1:1,icons/items/materials/mushroom_bog.webp,systems/iron-hills-system/icons/items/materials/mushroom_bog.webp,false,systems/iron-hills-system/icons/items/materials/mushroom_bog.webp,"Concept ""Болотный гриб"", a single fantasy crafting material, rough low-tier materials, worn edges, practical peasant craft, centered square inventory composition, single isolated fantasy RPG inventory icon, centered, full object visible, plain dark or transparent background, sharp painterly detail, 1024x1024 --ar 1:1","text, watermark, logo, signature, blurry, low quality, cluttered background, multiple unrelated objects, human hands, human face, nsfw"
materials,oil_flask,Масло (фляга),1,material,1,1,1:1,icons/items/materials/oil_flask.webp,systems/iron-hills-system/icons/items/materials/oil_flask.webp,false,systems/iron-hills-system/icons/items/materials/oil_flask.webp,"Concept ""Масло (фляга)"", a single fantasy crafting material, rough low-tier materials, worn edges, practical peasant craft, centered square inventory composition, single isolated fantasy RPG inventory icon, centered, full object visible, plain dark or transparent background, sharp painterly detail, 1024x1024 --ar 1:1","text, watermark, logo, signature, blurry, low quality, cluttered background, multiple unrelated objects, human hands, human face, nsfw"
materials,pine_wood,Сосновая доска,1,material,1,1,1:1,icons/items/materials/pine_wood.webp,systems/iron-hills-system/icons/items/materials/pine_wood.webp,false,systems/iron-hills-system/icons/items/materials/pine_wood.webp,"Concept ""Сосновая доска"", a single fantasy crafting material, rough low-tier materials, worn edges, practical peasant craft, centered square inventory composition, single isolated fantasy RPG inventory icon, centered, full object visible, plain dark or transparent background, sharp painterly detail, 1024x1024 --ar 1:1","text, watermark, logo, signature, blurry, low quality, cluttered background, multiple unrelated objects, human hands, human face, nsfw"
materials,raw_fiber,Сырое волокно,1,material,1,1,1:1,icons/items/materials/raw_fiber.webp,systems/iron-hills-system/icons/items/materials/raw_fiber.webp,false,systems/iron-hills-system/icons/items/materials/raw_fiber.webp,"Concept ""Сырое волокно"", a single fantasy crafting material, rough low-tier materials, worn edges, practical peasant craft, centered square inventory composition, single isolated fantasy RPG inventory icon, centered, full object visible, plain dark or transparent background, sharp painterly detail, 1024x1024 --ar 1:1","text, watermark, logo, signature, blurry, low quality, cluttered background, multiple unrelated objects, human hands, human face, nsfw"
materials,rope,Верёвка,1,material,1,1,1:1,icons/items/materials/rope.webp,systems/iron-hills-system/icons/items/materials/rope.webp,false,systems/iron-hills-system/icons/items/materials/rope.webp,"Concept ""Верёвка"", a single fantasy crafting material, rough low-tier materials, worn edges, practical peasant craft, centered square inventory composition, single isolated fantasy RPG inventory icon, centered, full object visible, plain dark or transparent background, sharp painterly detail, 1024x1024 --ar 1:1","text, watermark, logo, signature, blurry, low quality, cluttered background, multiple unrelated objects, human hands, human face, nsfw"
materials,small_pelt_uncured,Небольшая шкура (сырая),1,material,1,1,1:1,icons/items/materials/small_pelt_uncured.webp,systems/iron-hills-system/icons/items/materials/small_pelt_uncured.webp,false,systems/iron-hills-system/icons/items/materials/small_pelt_uncured.webp,"Concept ""Небольшая шкура (сырая)"", a single fantasy crafting material, rough low-tier materials, worn edges, practical peasant craft, centered square inventory composition, single isolated fantasy RPG inventory icon, centered, full object visible, plain dark or transparent background, sharp painterly detail, 1024x1024 --ar 1:1","text, watermark, logo, signature, blurry, low quality, cluttered background, multiple unrelated objects, human hands, human face, nsfw"
materials,stone,Камень,1,material,1,1,1:1,icons/items/materials/stone.webp,systems/iron-hills-system/icons/items/materials/stone.webp,false,systems/iron-hills-system/icons/items/materials/stone.webp,"Concept ""Камень"", a single fantasy crafting material, rough low-tier materials, worn edges, practical peasant craft, centered square inventory composition, single isolated fantasy RPG inventory icon, centered, full object visible, plain dark or transparent background, sharp painterly detail, 1024x1024 --ar 1:1","text, watermark, logo, signature, blurry, low quality, cluttered background, multiple unrelated objects, human hands, human face, nsfw"
materials,tanned_leather,Выделанная кожа,1,material,1,1,1:1,icons/items/materials/tanned_leather.webp,systems/iron-hills-system/icons/items/materials/tanned_leather.webp,false,systems/iron-hills-system/icons/items/materials/tanned_leather.webp,"Concept ""Выделанная кожа"", a single fantasy crafting material, rough low-tier materials, worn edges, practical peasant craft, centered square inventory composition, single isolated fantasy RPG inventory icon, centered, full object visible, plain dark or transparent background, sharp painterly detail, 1024x1024 --ar 1:1","text, watermark, logo, signature, blurry, low quality, cluttered background, multiple unrelated objects, human hands, human face, nsfw"
materials,wisp_moth_powder,Пыльца ночных мотыльков,1,material,1,1,1:1,icons/items/materials/wisp_moth_powder.webp,systems/iron-hills-system/icons/items/materials/wisp_moth_powder.webp,false,systems/iron-hills-system/icons/items/materials/wisp_moth_powder.webp,"Concept ""Пыльца ночных мотыльков"", a single fantasy crafting material, rough low-tier materials, worn edges, practical peasant craft, centered square inventory composition, single isolated fantasy RPG inventory icon, centered, full object visible, plain dark or transparent background, sharp painterly detail, 1024x1024 --ar 1:1","text, watermark, logo, signature, blurry, low quality, cluttered background, multiple unrelated objects, human hands, human face, nsfw"
materials,avian_keel_bone,Киль птицеящера,2,material,1,1,1:1,icons/items/materials/avian_keel_bone.webp,systems/iron-hills-system/icons/items/materials/avian_keel_bone.webp,false,systems/iron-hills-system/icons/items/materials/avian_keel_bone.webp,"Concept ""Киль птицеящера"", a single fantasy crafting material, iron, bronze, seasoned leather and utilitarian workshop finish, centered square inventory composition, single isolated fantasy RPG inventory icon, centered, full object visible, plain dark or transparent background, sharp painterly detail, 1024x1024 --ar 1:1","text, watermark, logo, signature, blurry, low quality, cluttered background, multiple unrelated objects, human hands, human face, nsfw"
materials,bristle_keg_rings,Кольца из щетины кабана,2,material,1,1,1:1,icons/items/materials/bristle_keg_rings.webp,systems/iron-hills-system/icons/items/materials/bristle_keg_rings.webp,false,systems/iron-hills-system/icons/items/materials/bristle_keg_rings.webp,"Concept ""Кольца из щетины кабана"", a single fantasy crafting material, iron, bronze, seasoned leather and utilitarian workshop finish, centered square inventory composition, single isolated fantasy RPG inventory icon, centered, full object visible, plain dark or transparent background, sharp painterly detail, 1024x1024 --ar 1:1","text, watermark, logo, signature, blurry, low quality, cluttered background, multiple unrelated objects, human hands, human face, nsfw"
materials,bronze_ingot,Бронзовый слиток,2,material,1,1,1:1,icons/items/materials/bronze_ingot.webp,systems/iron-hills-system/icons/items/materials/bronze_ingot.webp,false,systems/iron-hills-system/icons/items/materials/bronze_ingot.webp,"Concept ""Бронзовый слиток"", a single fantasy crafting material, iron, bronze, seasoned leather and utilitarian workshop finish, centered square inventory composition, single isolated fantasy RPG inventory icon, centered, full object visible, plain dark or transparent background, sharp painterly detail, 1024x1024 --ar 1:1","text, watermark, logo, signature, blurry, low quality, cluttered background, multiple unrelated objects, human hands, human face, nsfw"
materials,fine_cloth,Тонкая ткань,2,material,1,1,1:1,icons/items/materials/fine_cloth.webp,systems/iron-hills-system/icons/items/materials/fine_cloth.webp,false,systems/iron-hills-system/icons/items/materials/fine_cloth.webp,"Concept ""Тонкая ткань"", a single fantasy crafting material, iron, bronze, seasoned leather and utilitarian workshop finish, centered square inventory composition, single isolated fantasy RPG inventory icon, centered, full object visible, plain dark or transparent background, sharp painterly detail, 1024x1024 --ar 1:1","text, watermark, logo, signature, blurry, low quality, cluttered background, multiple unrelated objects, human hands, human face, nsfw"
materials,forge_coal,Кузнечный кокс,2,material,1,1,1:1,icons/items/materials/forge_coal.webp,systems/iron-hills-system/icons/items/materials/forge_coal.webp,false,systems/iron-hills-system/icons/items/materials/forge_coal.webp,"Concept ""Кузнечный кокс"", a single fantasy crafting material, iron, bronze, seasoned leather and utilitarian workshop finish, centered square inventory composition, single isolated fantasy RPG inventory icon, centered, full object visible, plain dark or transparent background, sharp painterly detail, 1024x1024 --ar 1:1","text, watermark, logo, signature, blurry, low quality, cluttered background, multiple unrelated objects, human hands, human face, nsfw"
materials,glass,Стекло,2,material,1,1,1:1,icons/items/materials/glass.webp,systems/iron-hills-system/icons/items/materials/glass.webp,false,systems/iron-hills-system/icons/items/materials/glass.webp,"Concept ""Стекло"", a single fantasy crafting material, iron, bronze, seasoned leather and utilitarian workshop finish, centered square inventory composition, single isolated fantasy RPG inventory icon, centered, full object visible, plain dark or transparent background, sharp painterly detail, 1024x1024 --ar 1:1","text, watermark, logo, signature, blurry, low quality, cluttered background, multiple unrelated objects, human hands, human face, nsfw"
materials,granite,Гранит,2,material,1,1,1:1,icons/items/materials/granite.webp,systems/iron-hills-system/icons/items/materials/granite.webp,false,systems/iron-hills-system/icons/items/materials/granite.webp,"Concept ""Гранит"", a single fantasy crafting material, iron, bronze, seasoned leather and utilitarian workshop finish, centered square inventory composition, single isolated fantasy RPG inventory icon, centered, full object visible, plain dark or transparent background, sharp painterly detail, 1024x1024 --ar 1:1","text, watermark, logo, signature, blurry, low quality, cluttered background, multiple unrelated objects, human hands, human face, nsfw"
materials,oak_wood,Дубовая доска,2,material,1,1,1:1,icons/items/materials/oak_wood.webp,systems/iron-hills-system/icons/items/materials/oak_wood.webp,false,systems/iron-hills-system/icons/items/materials/oak_wood.webp,"Concept ""Дубовая доска"", a single fantasy crafting material, iron, bronze, seasoned leather and utilitarian workshop finish, centered square inventory composition, single isolated fantasy RPG inventory icon, centered, full object visible, plain dark or transparent background, sharp painterly detail, 1024x1024 --ar 1:1","text, watermark, logo, signature, blurry, low quality, cluttered background, multiple unrelated objects, human hands, human face, nsfw"
materials,poison_fang,Ядовитый клык,2,material,1,1,1:1,icons/items/materials/poison_fang.webp,systems/iron-hills-system/icons/items/materials/poison_fang.webp,false,systems/iron-hills-system/icons/items/materials/poison_fang.webp,"Concept ""Ядовитый клык"", a single fantasy crafting material, iron, bronze, seasoned leather and utilitarian workshop finish, centered square inventory composition, single isolated fantasy RPG inventory icon, centered, full object visible, plain dark or transparent background, sharp painterly detail, 1024x1024 --ar 1:1","text, watermark, logo, signature, blurry, low quality, cluttered background, multiple unrelated objects, human hands, human face, nsfw"
materials,quartz,Кварц,2,material,1,1,1:1,icons/items/materials/quartz.webp,systems/iron-hills-system/icons/items/materials/quartz.webp,false,systems/iron-hills-system/icons/items/materials/quartz.webp,"Concept ""Кварц"", a single fantasy crafting material, iron, bronze, seasoned leather and utilitarian workshop finish, centered square inventory composition, single isolated fantasy RPG inventory icon, centered, full object visible, plain dark or transparent background, sharp painterly detail, 1024x1024 --ar 1:1","text, watermark, logo, signature, blurry, low quality, cluttered background, multiple unrelated objects, human hands, human face, nsfw"
materials,root_bitter,Горький корень,2,material,1,1,1:1,icons/items/materials/root_bitter.webp,systems/iron-hills-system/icons/items/materials/root_bitter.webp,false,systems/iron-hills-system/icons/items/materials/root_bitter.webp,"Concept ""Горький корень"", a single fantasy crafting material, iron, bronze, seasoned leather and utilitarian workshop finish, centered square inventory composition, single isolated fantasy RPG inventory icon, centered, full object visible, plain dark or transparent background, sharp painterly detail, 1024x1024 --ar 1:1","text, watermark, logo, signature, blurry, low quality, cluttered background, multiple unrelated objects, human hands, human face, nsfw"
materials,serpent_sac_mild,Слабая змеиная желчь,2,material,1,1,1:1,icons/items/materials/serpent_sac_mild.webp,systems/iron-hills-system/icons/items/materials/serpent_sac_mild.webp,false,systems/iron-hills-system/icons/items/materials/serpent_sac_mild.webp,"Concept ""Слабая змеиная желчь"", a single fantasy crafting material, iron, bronze, seasoned leather and utilitarian workshop finish, centered square inventory composition, single isolated fantasy RPG inventory icon, centered, full object visible, plain dark or transparent background, sharp painterly detail, 1024x1024 --ar 1:1","text, watermark, logo, signature, blurry, low quality, cluttered background, multiple unrelated objects, human hands, human face, nsfw"
materials,thick_hide,Толстая шкура,2,material,1,1,1:1,icons/items/materials/thick_hide.webp,systems/iron-hills-system/icons/items/materials/thick_hide.webp,false,systems/iron-hills-system/icons/items/materials/thick_hide.webp,"Concept ""Толстая шкура"", a single fantasy crafting material, iron, bronze, seasoned leather and utilitarian workshop finish, centered square inventory composition, single isolated fantasy RPG inventory icon, centered, full object visible, plain dark or transparent background, sharp painterly detail, 1024x1024 --ar 1:1","text, watermark, logo, signature, blurry, low quality, cluttered background, multiple unrelated objects, human hands, human face, nsfw"
materials,tin_ore,Оловянная руда,2,material,1,1,1:1,icons/items/materials/tin_ore.webp,systems/iron-hills-system/icons/items/materials/tin_ore.webp,false,systems/iron-hills-system/icons/items/materials/tin_ore.webp,"Concept ""Оловянная руда"", a single fantasy crafting material, iron, bronze, seasoned leather and utilitarian workshop finish, centered square inventory composition, single isolated fantasy RPG inventory icon, centered, full object visible, plain dark or transparent background, sharp painterly detail, 1024x1024 --ar 1:1","text, watermark, logo, signature, blurry, low quality, cluttered background, multiple unrelated objects, human hands, human face, nsfw"
materials,alpha_musk_gland,Железа вожака,3,material,1,1,1:1,icons/items/materials/alpha_musk_gland.webp,systems/iron-hills-system/icons/items/materials/alpha_musk_gland.webp,false,systems/iron-hills-system/icons/items/materials/alpha_musk_gland.webp,"Concept ""Железа вожака"", a single fantasy crafting material, iron, bronze, seasoned leather and utilitarian workshop finish, centered square inventory composition, single isolated fantasy RPG inventory icon, centered, full object visible, plain dark or transparent background, sharp painterly detail, 1024x1024 --ar 1:1","text, watermark, logo, signature, blurry, low quality, cluttered background, multiple unrelated objects, human hands, human face, nsfw"
materials,flower_moon,Лунный цветок,3,material,1,1,1:1,icons/items/materials/flower_moon.webp,systems/iron-hills-system/icons/items/materials/flower_moon.webp,false,systems/iron-hills-system/icons/items/materials/flower_moon.webp,"Concept ""Лунный цветок"", a single fantasy crafting material, iron, bronze, seasoned leather and utilitarian workshop finish, centered square inventory composition, single isolated fantasy RPG inventory icon, centered, full object visible, plain dark or transparent background, sharp painterly detail, 1024x1024 --ar 1:1","text, watermark, logo, signature, blurry, low quality, cluttered background, multiple unrelated objects, human hands, human face, nsfw"
materials,hardwood,Твёрдая древесина,3,material,1,1,1:1,icons/items/materials/hardwood.webp,systems/iron-hills-system/icons/items/materials/hardwood.webp,false,systems/iron-hills-system/icons/items/materials/hardwood.webp,"Concept ""Твёрдая древесина"", a single fantasy crafting material, iron, bronze, seasoned leather and utilitarian workshop finish, centered square inventory composition, single isolated fantasy RPG inventory icon, centered, full object visible, plain dark or transparent background, sharp painterly detail, 1024x1024 --ar 1:1","text, watermark, logo, signature, blurry, low quality, cluttered background, multiple unrelated objects, human hands, human face, nsfw"
materials,iron_ingot,Железный слиток,3,material,1,1,1:1,icons/items/materials/iron_ingot.webp,systems/iron-hills-system/icons/items/materials/iron_ingot.webp,false,systems/iron-hills-system/icons/items/materials/iron_ingot.webp,"Concept ""Железный слиток"", a single fantasy crafting material, iron, bronze, seasoned leather and utilitarian workshop finish, centered square inventory composition, single isolated fantasy RPG inventory icon, centered, full object visible, plain dark or transparent background, sharp painterly detail, 1024x1024 --ar 1:1","text, watermark, logo, signature, blurry, low quality, cluttered background, multiple unrelated objects, human hands, human face, nsfw"
materials,iron_ore,Железная руда,3,material,1,1,1:1,icons/items/materials/iron_ore.webp,systems/iron-hills-system/icons/items/materials/iron_ore.webp,false,systems/iron-hills-system/icons/items/materials/iron_ore.webp,"Concept ""Железная руда"", a single fantasy crafting material, iron, bronze, seasoned leather and utilitarian workshop finish, centered square inventory composition, single isolated fantasy RPG inventory icon, centered, full object visible, plain dark or transparent background, sharp painterly detail, 1024x1024 --ar 1:1","text, watermark, logo, signature, blurry, low quality, cluttered background, multiple unrelated objects, human hands, human face, nsfw"
materials,mana_stone,Мана-камень,3,material,1,1,1:1,icons/items/materials/mana_stone.webp,systems/iron-hills-system/icons/items/materials/mana_stone.webp,false,systems/iron-hills-system/icons/items/materials/mana_stone.webp,"Concept ""Мана-камень"", a single fantasy crafting material, iron, bronze, seasoned leather and utilitarian workshop finish, centered square inventory composition, single isolated fantasy RPG inventory icon, centered, full object visible, plain dark or transparent background, sharp painterly detail, 1024x1024 --ar 1:1","text, watermark, logo, signature, blurry, low quality, cluttered background, multiple unrelated objects, human hands, human face, nsfw"
materials,monster_gland,Железа монстра,3,material,1,1,1:1,icons/items/materials/monster_gland.webp,systems/iron-hills-system/icons/items/materials/monster_gland.webp,false,systems/iron-hills-system/icons/items/materials/monster_gland.webp,"Concept ""Железа монстра"", a single fantasy crafting material, iron, bronze, seasoned leather and utilitarian workshop finish, centered square inventory composition, single isolated fantasy RPG inventory icon, centered, full object visible, plain dark or transparent background, sharp painterly detail, 1024x1024 --ar 1:1","text, watermark, logo, signature, blurry, low quality, cluttered background, multiple unrelated objects, human hands, human face, nsfw"
materials,obsidian,Обсидиан,3,material,1,1,1:1,icons/items/materials/obsidian.webp,systems/iron-hills-system/icons/items/materials/obsidian.webp,false,systems/iron-hills-system/icons/items/materials/obsidian.webp,"Concept ""Обсидиан"", a single fantasy crafting material, iron, bronze, seasoned leather and utilitarian workshop finish, centered square inventory composition, single isolated fantasy RPG inventory icon, centered, full object visible, plain dark or transparent background, sharp painterly detail, 1024x1024 --ar 1:1","text, watermark, logo, signature, blurry, low quality, cluttered background, multiple unrelated objects, human hands, human face, nsfw"
materials,scale_hide,Чешуйчатая шкура,3,material,1,1,1:1,icons/items/materials/scale_hide.webp,systems/iron-hills-system/icons/items/materials/scale_hide.webp,false,systems/iron-hills-system/icons/items/materials/scale_hide.webp,"Concept ""Чешуйчатая шкура"", a single fantasy crafting material, iron, bronze, seasoned leather and utilitarian workshop finish, centered square inventory composition, single isolated fantasy RPG inventory icon, centered, full object visible, plain dark or transparent background, sharp painterly detail, 1024x1024 --ar 1:1","text, watermark, logo, signature, blurry, low quality, cluttered background, multiple unrelated objects, human hands, human face, nsfw"
materials,silk,Шёлк,3,material,1,1,1:1,icons/items/materials/silk.webp,systems/iron-hills-system/icons/items/materials/silk.webp,false,systems/iron-hills-system/icons/items/materials/silk.webp,"Concept ""Шёлк"", a single fantasy crafting material, iron, bronze, seasoned leather and utilitarian workshop finish, centered square inventory composition, single isolated fantasy RPG inventory icon, centered, full object visible, plain dark or transparent background, sharp painterly detail, 1024x1024 --ar 1:1","text, watermark, logo, signature, blurry, low quality, cluttered background, multiple unrelated objects, human hands, human face, nsfw"
materials,drake_scale,Чешуя дрейка,4,material,1,1,1:1,icons/items/materials/drake_scale.webp,systems/iron-hills-system/icons/items/materials/drake_scale.webp,false,systems/iron-hills-system/icons/items/materials/drake_scale.webp,"Concept ""Чешуя дрейка"", a single fantasy crafting material, tempered steel, polished fittings, subtle guild-quality decoration, centered square inventory composition, single isolated fantasy RPG inventory icon, centered, full object visible, plain dark or transparent background, sharp painterly detail, 1024x1024 --ar 1:1","text, watermark, logo, signature, blurry, low quality, cluttered background, multiple unrelated objects, human hands, human face, nsfw"
materials,enchant_dust,Пыль зачарования,4,material,1,1,1:1,icons/items/materials/enchant_dust.webp,systems/iron-hills-system/icons/items/materials/enchant_dust.webp,false,systems/iron-hills-system/icons/items/materials/enchant_dust.webp,"Concept ""Пыль зачарования"", a single fantasy crafting material, tempered steel, polished fittings, subtle guild-quality decoration, centered square inventory composition, single isolated fantasy RPG inventory icon, centered, full object visible, plain dark or transparent background, sharp painterly detail, 1024x1024 --ar 1:1","text, watermark, logo, signature, blurry, low quality, cluttered background, multiple unrelated objects, human hands, human face, nsfw"
materials,ironwood,Железное дерево,4,material,1,1,1:1,icons/items/materials/ironwood.webp,systems/iron-hills-system/icons/items/materials/ironwood.webp,false,systems/iron-hills-system/icons/items/materials/ironwood.webp,"Concept ""Железное дерево"", a single fantasy crafting material, tempered steel, polished fittings, subtle guild-quality decoration, centered square inventory composition, single isolated fantasy RPG inventory icon, centered, full object visible, plain dark or transparent background, sharp painterly detail, 1024x1024 --ar 1:1","text, watermark, logo, signature, blurry, low quality, cluttered background, multiple unrelated objects, human hands, human face, nsfw"
materials,predator_resin_mass,Смоляная пробка хищника,4,material,1,1,1:1,icons/items/materials/predator_resin_mass.webp,systems/iron-hills-system/icons/items/materials/predator_resin_mass.webp,false,systems/iron-hills-system/icons/items/materials/predator_resin_mass.webp,"Concept ""Смоляная пробка хищника"", a single fantasy crafting material, tempered steel, polished fittings, subtle guild-quality decoration, centered square inventory composition, single isolated fantasy RPG inventory icon, centered, full object visible, plain dark or transparent background, sharp painterly detail, 1024x1024 --ar 1:1","text, watermark, logo, signature, blurry, low quality, cluttered background, multiple unrelated objects, human hands, human face, nsfw"
materials,ruby,Рубин,4,material,1,1,1:1,icons/items/materials/ruby.webp,systems/iron-hills-system/icons/items/materials/ruby.webp,false,systems/iron-hills-system/icons/items/materials/ruby.webp,"Concept ""Рубин"", a single fantasy crafting material, tempered steel, polished fittings, subtle guild-quality decoration, centered square inventory composition, single isolated fantasy RPG inventory icon, centered, full object visible, plain dark or transparent background, sharp painterly detail, 1024x1024 --ar 1:1","text, watermark, logo, signature, blurry, low quality, cluttered background, multiple unrelated objects, human hands, human face, nsfw"
materials,spider_silk,Паучий шёлк,4,material,1,1,1:1,icons/items/materials/spider_silk.webp,systems/iron-hills-system/icons/items/materials/spider_silk.webp,false,systems/iron-hills-system/icons/items/materials/spider_silk.webp,"Concept ""Паучий шёлк"", a single fantasy crafting material, tempered steel, polished fittings, subtle guild-quality decoration, centered square inventory composition, single isolated fantasy RPG inventory icon, centered, full object visible, plain dark or transparent background, sharp painterly detail, 1024x1024 --ar 1:1","text, watermark, logo, signature, blurry, low quality, cluttered background, multiple unrelated objects, human hands, human face, nsfw"
materials,steel_ingot,Стальной слиток,4,material,1,1,1:1,icons/items/materials/steel_ingot.webp,systems/iron-hills-system/icons/items/materials/steel_ingot.webp,false,systems/iron-hills-system/icons/items/materials/steel_ingot.webp,"Concept ""Стальной слиток"", a single fantasy crafting material, tempered steel, polished fittings, subtle guild-quality decoration, centered square inventory composition, single isolated fantasy RPG inventory icon, centered, full object visible, plain dark or transparent background, sharp painterly detail, 1024x1024 --ar 1:1","text, watermark, logo, signature, blurry, low quality, cluttered background, multiple unrelated objects, human hands, human face, nsfw"
materials,venom_sac,Мешок с ядом,4,material,1,1,1:1,icons/items/materials/venom_sac.webp,systems/iron-hills-system/icons/items/materials/venom_sac.webp,false,systems/iron-hills-system/icons/items/materials/venom_sac.webp,"Concept ""Мешок с ядом"", a single fantasy crafting material, tempered steel, polished fittings, subtle guild-quality decoration, centered square inventory composition, single isolated fantasy RPG inventory icon, centered, full object visible, plain dark or transparent background, sharp painterly detail, 1024x1024 --ar 1:1","text, watermark, logo, signature, blurry, low quality, cluttered background, multiple unrelated objects, human hands, human face, nsfw"
materials,wyvern_sinew_filament,Жилье виверны,4,material,1,1,1:1,icons/items/materials/wyvern_sinew_filament.webp,systems/iron-hills-system/icons/items/materials/wyvern_sinew_filament.webp,false,systems/iron-hills-system/icons/items/materials/wyvern_sinew_filament.webp,"Concept ""Жилье виверны"", a single fantasy crafting material, tempered steel, polished fittings, subtle guild-quality decoration, centered square inventory composition, single isolated fantasy RPG inventory icon, centered, full object visible, plain dark or transparent background, sharp painterly detail, 1024x1024 --ar 1:1","text, watermark, logo, signature, blurry, low quality, cluttered background, multiple unrelated objects, human hands, human face, nsfw"
materials,artisans_resin,Мастерская смола,5,material,1,1,1:1,icons/items/materials/artisans_resin.webp,systems/iron-hills-system/icons/items/materials/artisans_resin.webp,false,systems/iron-hills-system/icons/items/materials/artisans_resin.webp,"Concept ""Мастерская смола"", a single fantasy crafting material, tempered steel, polished fittings, subtle guild-quality decoration, centered square inventory composition, single isolated fantasy RPG inventory icon, centered, full object visible, plain dark or transparent background, sharp painterly detail, 1024x1024 --ar 1:1","text, watermark, logo, signature, blurry, low quality, cluttered background, multiple unrelated objects, human hands, human face, nsfw"
materials,drake_hide,Кожа дрейка,5,material,1,1,1:1,icons/items/materials/drake_hide.webp,systems/iron-hills-system/icons/items/materials/drake_hide.webp,false,systems/iron-hills-system/icons/items/materials/drake_hide.webp,"Concept ""Кожа дрейка"", a single fantasy crafting material, tempered steel, polished fittings, subtle guild-quality decoration, centered square inventory composition, single isolated fantasy RPG inventory icon, centered, full object visible, plain dark or transparent background, sharp painterly detail, 1024x1024 --ar 1:1","text, watermark, logo, signature, blurry, low quality, cluttered background, multiple unrelated objects, human hands, human face, nsfw"
materials,hardened_steel,Закалённая сталь,5,material,1,1,1:1,icons/items/materials/hardened_steel.webp,systems/iron-hills-system/icons/items/materials/hardened_steel.webp,false,systems/iron-hills-system/icons/items/materials/hardened_steel.webp,"Concept ""Закалённая сталь"", a single fantasy crafting material, tempered steel, polished fittings, subtle guild-quality decoration, centered square inventory composition, single isolated fantasy RPG inventory icon, centered, full object visible, plain dark or transparent background, sharp painterly detail, 1024x1024 --ar 1:1","text, watermark, logo, signature, blurry, low quality, cluttered background, multiple unrelated objects, human hands, human face, nsfw"
materials,mana_crystal,Мана-кристалл,5,material,1,1,1:1,icons/items/materials/mana_crystal.webp,systems/iron-hills-system/icons/items/materials/mana_crystal.webp,false,systems/iron-hills-system/icons/items/materials/mana_crystal.webp,"Concept ""Мана-кристалл"", a single fantasy crafting material, tempered steel, polished fittings, subtle guild-quality decoration, centered square inventory composition, single isolated fantasy RPG inventory icon, centered, full object visible, plain dark or transparent background, sharp painterly detail, 1024x1024 --ar 1:1","text, watermark, logo, signature, blurry, low quality, cluttered background, multiple unrelated objects, human hands, human face, nsfw"
materials,moonweave,Лунное волокно,5,material,1,1,1:1,icons/items/materials/moonweave.webp,systems/iron-hills-system/icons/items/materials/moonweave.webp,false,systems/iron-hills-system/icons/items/materials/moonweave.webp,"Concept ""Лунное волокно"", a single fantasy crafting material, tempered steel, polished fittings, subtle guild-quality decoration, centered square inventory composition, single isolated fantasy RPG inventory icon, centered, full object visible, plain dark or transparent background, sharp painterly detail, 1024x1024 --ar 1:1","text, watermark, logo, signature, blurry, low quality, cluttered background, multiple unrelated objects, human hands, human face, nsfw"
materials,sapphire,Сапфир,5,material,1,1,1:1,icons/items/materials/sapphire.webp,systems/iron-hills-system/icons/items/materials/sapphire.webp,false,systems/iron-hills-system/icons/items/materials/sapphire.webp,"Concept ""Сапфир"", a single fantasy crafting material, tempered steel, polished fittings, subtle guild-quality decoration, centered square inventory composition, single isolated fantasy RPG inventory icon, centered, full object visible, plain dark or transparent background, sharp painterly detail, 1024x1024 --ar 1:1","text, watermark, logo, signature, blurry, low quality, cluttered background, multiple unrelated objects, human hands, human face, nsfw"
materials,spirit_bloom,Цветок духов,5,material,1,1,1:1,icons/items/materials/spirit_bloom.webp,systems/iron-hills-system/icons/items/materials/spirit_bloom.webp,false,systems/iron-hills-system/icons/items/materials/spirit_bloom.webp,"Concept ""Цветок духов"", a single fantasy crafting material, tempered steel, polished fittings, subtle guild-quality decoration, centered square inventory composition, single isolated fantasy RPG inventory icon, centered, full object visible, plain dark or transparent background, sharp painterly detail, 1024x1024 --ar 1:1","text, watermark, logo, signature, blurry, low quality, cluttered background, multiple unrelated objects, human hands, human face, nsfw"
materials,spirit_wood,Древесина духов,5,material,1,1,1:1,icons/items/materials/spirit_wood.webp,systems/iron-hills-system/icons/items/materials/spirit_wood.webp,false,systems/iron-hills-system/icons/items/materials/spirit_wood.webp,"Concept ""Древесина духов"", a single fantasy crafting material, tempered steel, polished fittings, subtle guild-quality decoration, centered square inventory composition, single isolated fantasy RPG inventory icon, centered, full object visible, plain dark or transparent background, sharp painterly detail, 1024x1024 --ar 1:1","text, watermark, logo, signature, blurry, low quality, cluttered background, multiple unrelated objects, human hands, human face, nsfw"
materials,diamond,Алмаз,6,material,1,1,1:1,icons/items/materials/diamond.webp,systems/iron-hills-system/icons/items/materials/diamond.webp,false,systems/iron-hills-system/icons/items/materials/diamond.webp,"Concept ""Алмаз"", a single fantasy crafting material, mithril, dark iron, rare crystal accents and restrained magical glow, centered square inventory composition, single isolated fantasy RPG inventory icon, centered, full object visible, plain dark or transparent background, sharp painterly detail, 1024x1024 --ar 1:1","text, watermark, logo, signature, blurry, low quality, cluttered background, multiple unrelated objects, human hands, human face, nsfw"
materials,ebony,Чёрное дерево,6,material,1,1,1:1,icons/items/materials/ebony.webp,systems/iron-hills-system/icons/items/materials/ebony.webp,false,systems/iron-hills-system/icons/items/materials/ebony.webp,"Concept ""Чёрное дерево"", a single fantasy crafting material, mithril, dark iron, rare crystal accents and restrained magical glow, centered square inventory composition, single isolated fantasy RPG inventory icon, centered, full object visible, plain dark or transparent background, sharp painterly detail, 1024x1024 --ar 1:1","text, watermark, logo, signature, blurry, low quality, cluttered background, multiple unrelated objects, human hands, human face, nsfw"
materials,mithril_ingot,Митрильный слиток,6,material,1,1,1:1,icons/items/materials/mithril_ingot.webp,systems/iron-hills-system/icons/items/materials/mithril_ingot.webp,false,systems/iron-hills-system/icons/items/materials/mithril_ingot.webp,"Concept ""Митрильный слиток"", a single fantasy crafting material, mithril, dark iron, rare crystal accents and restrained magical glow, centered square inventory composition, single isolated fantasy RPG inventory icon, centered, full object visible, plain dark or transparent background, sharp painterly detail, 1024x1024 --ar 1:1","text, watermark, logo, signature, blurry, low quality, cluttered background, multiple unrelated objects, human hands, human face, nsfw"
materials,mithril_ore,Митрильная руда,6,material,1,1,1:1,icons/items/materials/mithril_ore.webp,systems/iron-hills-system/icons/items/materials/mithril_ore.webp,false,systems/iron-hills-system/icons/items/materials/mithril_ore.webp,"Concept ""Митрильная руда"", a single fantasy crafting material, mithril, dark iron, rare crystal accents and restrained magical glow, centered square inventory composition, single isolated fantasy RPG inventory icon, centered, full object visible, plain dark or transparent background, sharp painterly detail, 1024x1024 --ar 1:1","text, watermark, logo, signature, blurry, low quality, cluttered background, multiple unrelated objects, human hands, human face, nsfw"
materials,phoenix_feather,Перо феникса,6,material,1,1,1:1,icons/items/materials/phoenix_feather.webp,systems/iron-hills-system/icons/items/materials/phoenix_feather.webp,false,systems/iron-hills-system/icons/items/materials/phoenix_feather.webp,"Concept ""Перо феникса"", a single fantasy crafting material, mithril, dark iron, rare crystal accents and restrained magical glow, centered square inventory composition, single isolated fantasy RPG inventory icon, centered, full object visible, plain dark or transparent background, sharp painterly detail, 1024x1024 --ar 1:1","text, watermark, logo, signature, blurry, low quality, cluttered background, multiple unrelated objects, human hands, human face, nsfw"
materials,shadowweave,Теневое волокно,6,material,1,1,1:1,icons/items/materials/shadowweave.webp,systems/iron-hills-system/icons/items/materials/shadowweave.webp,false,systems/iron-hills-system/icons/items/materials/shadowweave.webp,"Concept ""Теневое волокно"", a single fantasy crafting material, mithril, dark iron, rare crystal accents and restrained magical glow, centered square inventory composition, single isolated fantasy RPG inventory icon, centered, full object visible, plain dark or transparent background, sharp painterly detail, 1024x1024 --ar 1:1","text, watermark, logo, signature, blurry, low quality, cluttered background, multiple unrelated objects, human hands, human face, nsfw"
materials,soul_essence,Эссенция души,6,material,1,1,1:1,icons/items/materials/soul_essence.webp,systems/iron-hills-system/icons/items/materials/soul_essence.webp,false,systems/iron-hills-system/icons/items/materials/soul_essence.webp,"Concept ""Эссенция души"", a single fantasy crafting material, mithril, dark iron, rare crystal accents and restrained magical glow, centered square inventory composition, single isolated fantasy RPG inventory icon, centered, full object visible, plain dark or transparent background, sharp painterly detail, 1024x1024 --ar 1:1","text, watermark, logo, signature, blurry, low quality, cluttered background, multiple unrelated objects, human hands, human face, nsfw"
materials,warg_pelt,Шкура варга,6,material,1,1,1:1,icons/items/materials/warg_pelt.webp,systems/iron-hills-system/icons/items/materials/warg_pelt.webp,false,systems/iron-hills-system/icons/items/materials/warg_pelt.webp,"Concept ""Шкура варга"", a single fantasy crafting material, mithril, dark iron, rare crystal accents and restrained magical glow, centered square inventory composition, single isolated fantasy RPG inventory icon, centered, full object visible, plain dark or transparent background, sharp painterly detail, 1024x1024 --ar 1:1","text, watermark, logo, signature, blurry, low quality, cluttered background, multiple unrelated objects, human hands, human face, nsfw"
materials,dark_iron,Тёмное железо,7,material,1,1,1:1,icons/items/materials/dark_iron.webp,systems/iron-hills-system/icons/items/materials/dark_iron.webp,false,systems/iron-hills-system/icons/items/materials/dark_iron.webp,"Concept ""Тёмное железо"", a single fantasy crafting material, mithril, dark iron, rare crystal accents and restrained magical glow, centered square inventory composition, single isolated fantasy RPG inventory icon, centered, full object visible, plain dark or transparent background, sharp painterly detail, 1024x1024 --ar 1:1","text, watermark, logo, signature, blurry, low quality, cluttered background, multiple unrelated objects, human hands, human face, nsfw"
materials,dark_iron_ore,Тёмная руда,7,material,1,1,1:1,icons/items/materials/dark_iron_ore.webp,systems/iron-hills-system/icons/items/materials/dark_iron_ore.webp,false,systems/iron-hills-system/icons/items/materials/dark_iron_ore.webp,"Concept ""Тёмная руда"", a single fantasy crafting material, mithril, dark iron, rare crystal accents and restrained magical glow, centered square inventory composition, single isolated fantasy RPG inventory icon, centered, full object visible, plain dark or transparent background, sharp painterly detail, 1024x1024 --ar 1:1","text, watermark, logo, signature, blurry, low quality, cluttered background, multiple unrelated objects, human hands, human face, nsfw"
materials,eternal_wood,Вечное дерево,7,material,1,1,1:1,icons/items/materials/eternal_wood.webp,systems/iron-hills-system/icons/items/materials/eternal_wood.webp,false,systems/iron-hills-system/icons/items/materials/eternal_wood.webp,"Concept ""Вечное дерево"", a single fantasy crafting material, mithril, dark iron, rare crystal accents and restrained magical glow, centered square inventory composition, single isolated fantasy RPG inventory icon, centered, full object visible, plain dark or transparent background, sharp painterly detail, 1024x1024 --ar 1:1","text, watermark, logo, signature, blurry, low quality, cluttered background, multiple unrelated objects, human hands, human face, nsfw"
materials,giant_heart,Сердце великана,7,material,1,1,1:1,icons/items/materials/giant_heart.webp,systems/iron-hills-system/icons/items/materials/giant_heart.webp,false,systems/iron-hills-system/icons/items/materials/giant_heart.webp,"Concept ""Сердце великана"", a single fantasy crafting material, mithril, dark iron, rare crystal accents and restrained magical glow, centered square inventory composition, single isolated fantasy RPG inventory icon, centered, full object visible, plain dark or transparent background, sharp painterly detail, 1024x1024 --ar 1:1","text, watermark, logo, signature, blurry, low quality, cluttered background, multiple unrelated objects, human hands, human face, nsfw"
materials,planar_clip,Планарная скоба,7,material,1,1,1:1,icons/items/materials/planar_clip.webp,systems/iron-hills-system/icons/items/materials/planar_clip.webp,false,systems/iron-hills-system/icons/items/materials/planar_clip.webp,"Concept ""Планарная скоба"", a single fantasy crafting material, mithril, dark iron, rare crystal accents and restrained magical glow, centered square inventory composition, single isolated fantasy RPG inventory icon, centered, full object visible, plain dark or transparent background, sharp painterly detail, 1024x1024 --ar 1:1","text, watermark, logo, signature, blurry, low quality, cluttered background, multiple unrelated objects, human hands, human face, nsfw"
materials,starthread,Звёздная нить,7,material,1,1,1:1,icons/items/materials/starthread.webp,systems/iron-hills-system/icons/items/materials/starthread.webp,false,systems/iron-hills-system/icons/items/materials/starthread.webp,"Concept ""Звёздная нить"", a single fantasy crafting material, mithril, dark iron, rare crystal accents and restrained magical glow, centered square inventory composition, single isolated fantasy RPG inventory icon, centered, full object visible, plain dark or transparent background, sharp painterly detail, 1024x1024 --ar 1:1","text, watermark, logo, signature, blurry, low quality, cluttered background, multiple unrelated objects, human hands, human face, nsfw"
materials,void_crystal,Кристалл Пустоты,7,material,1,1,1:1,icons/items/materials/void_crystal.webp,systems/iron-hills-system/icons/items/materials/void_crystal.webp,false,systems/iron-hills-system/icons/items/materials/void_crystal.webp,"Concept ""Кристалл Пустоты"", a single fantasy crafting material, mithril, dark iron, rare crystal accents and restrained magical glow, centered square inventory composition, single isolated fantasy RPG inventory icon, centered, full object visible, plain dark or transparent background, sharp painterly detail, 1024x1024 --ar 1:1","text, watermark, logo, signature, blurry, low quality, cluttered background, multiple unrelated objects, human hands, human face, nsfw"
materials,wyvern_hide,Шкура виверны,7,material,1,1,1:1,icons/items/materials/wyvern_hide.webp,systems/iron-hills-system/icons/items/materials/wyvern_hide.webp,false,systems/iron-hills-system/icons/items/materials/wyvern_hide.webp,"Concept ""Шкура виверны"", a single fantasy crafting material, mithril, dark iron, rare crystal accents and restrained magical glow, centered square inventory composition, single isolated fantasy RPG inventory icon, centered, full object visible, plain dark or transparent background, sharp painterly detail, 1024x1024 --ar 1:1","text, watermark, logo, signature, blurry, low quality, cluttered background, multiple unrelated objects, human hands, human face, nsfw"
materials,aeon_geode,Жеода эона,8,material,1,1,1:1,icons/items/materials/aeon_geode.webp,systems/iron-hills-system/icons/items/materials/aeon_geode.webp,false,systems/iron-hills-system/icons/items/materials/aeon_geode.webp,"Concept ""Жеода эона"", a single fantasy crafting material, orichalcum, starmetal, ornate heroic craftsmanship and luminous accents, centered square inventory composition, single isolated fantasy RPG inventory icon, centered, full object visible, plain dark or transparent background, sharp painterly detail, 1024x1024 --ar 1:1","text, watermark, logo, signature, blurry, low quality, cluttered background, multiple unrelated objects, human hands, human face, nsfw"
materials,arcane_mesh,Моток арканной проволоки,8,material,1,1,1:1,icons/items/materials/arcane_mesh.webp,systems/iron-hills-system/icons/items/materials/arcane_mesh.webp,false,systems/iron-hills-system/icons/items/materials/arcane_mesh.webp,"Concept ""Моток арканной проволоки"", a single fantasy crafting material, orichalcum, starmetal, ornate heroic craftsmanship and luminous accents, centered square inventory composition, single isolated fantasy RPG inventory icon, centered, full object visible, plain dark or transparent background, sharp painterly detail, 1024x1024 --ar 1:1","text, watermark, logo, signature, blurry, low quality, cluttered background, multiple unrelated objects, human hands, human face, nsfw"
materials,dragon_blood,Кровь дракона,8,material,1,1,1:1,icons/items/materials/dragon_blood.webp,systems/iron-hills-system/icons/items/materials/dragon_blood.webp,false,systems/iron-hills-system/icons/items/materials/dragon_blood.webp,"Concept ""Кровь дракона"", a single fantasy crafting material, orichalcum, starmetal, ornate heroic craftsmanship and luminous accents, centered square inventory composition, single isolated fantasy RPG inventory icon, centered, full object visible, plain dark or transparent background, sharp painterly detail, 1024x1024 --ar 1:1","text, watermark, logo, signature, blurry, low quality, cluttered background, multiple unrelated objects, human hands, human face, nsfw"
materials,dragon_hide,Кожа дракона,8,material,1,1,1:1,icons/items/materials/dragon_hide.webp,systems/iron-hills-system/icons/items/materials/dragon_hide.webp,false,systems/iron-hills-system/icons/items/materials/dragon_hide.webp,"Concept ""Кожа дракона"", a single fantasy crafting material, orichalcum, starmetal, ornate heroic craftsmanship and luminous accents, centered square inventory composition, single isolated fantasy RPG inventory icon, centered, full object visible, plain dark or transparent background, sharp painterly detail, 1024x1024 --ar 1:1","text, watermark, logo, signature, blurry, low quality, cluttered background, multiple unrelated objects, human hands, human face, nsfw"
materials,starmetal,Звёздный металл,8,material,1,1,1:1,icons/items/materials/starmetal.webp,systems/iron-hills-system/icons/items/materials/starmetal.webp,false,systems/iron-hills-system/icons/items/materials/starmetal.webp,"Concept ""Звёздный металл"", a single fantasy crafting material, orichalcum, starmetal, ornate heroic craftsmanship and luminous accents, centered square inventory composition, single isolated fantasy RPG inventory icon, centered, full object visible, plain dark or transparent background, sharp painterly detail, 1024x1024 --ar 1:1","text, watermark, logo, signature, blurry, low quality, cluttered background, multiple unrelated objects, human hands, human face, nsfw"
materials,starmetal_ore,Звёздная руда,8,material,1,1,1:1,icons/items/materials/starmetal_ore.webp,systems/iron-hills-system/icons/items/materials/starmetal_ore.webp,false,systems/iron-hills-system/icons/items/materials/starmetal_ore.webp,"Concept ""Звёздная руда"", a single fantasy crafting material, orichalcum, starmetal, ornate heroic craftsmanship and luminous accents, centered square inventory composition, single isolated fantasy RPG inventory icon, centered, full object visible, plain dark or transparent background, sharp painterly detail, 1024x1024 --ar 1:1","text, watermark, logo, signature, blurry, low quality, cluttered background, multiple unrelated objects, human hands, human face, nsfw"
materials,void_weave,Ткань Пустоты,8,material,1,1,1:1,icons/items/materials/void_weave.webp,systems/iron-hills-system/icons/items/materials/void_weave.webp,false,systems/iron-hills-system/icons/items/materials/void_weave.webp,"Concept ""Ткань Пустоты"", a single fantasy crafting material, orichalcum, starmetal, ornate heroic craftsmanship and luminous accents, centered square inventory composition, single isolated fantasy RPG inventory icon, centered, full object visible, plain dark or transparent background, sharp painterly detail, 1024x1024 --ar 1:1","text, watermark, logo, signature, blurry, low quality, cluttered background, multiple unrelated objects, human hands, human face, nsfw"
materials,world_tree,Мировое дерево,8,material,1,1,1:1,icons/items/materials/world_tree.webp,systems/iron-hills-system/icons/items/materials/world_tree.webp,false,systems/iron-hills-system/icons/items/materials/world_tree.webp,"Concept ""Мировое дерево"", a single fantasy crafting material, orichalcum, starmetal, ornate heroic craftsmanship and luminous accents, centered square inventory composition, single isolated fantasy RPG inventory icon, centered, full object visible, plain dark or transparent background, sharp painterly detail, 1024x1024 --ar 1:1","text, watermark, logo, signature, blurry, low quality, cluttered background, multiple unrelated objects, human hands, human face, nsfw"
materials,abyss_lichen,Лишайник Бездны,9,material,1,1,1:1,icons/items/materials/abyss_lichen.webp,systems/iron-hills-system/icons/items/materials/abyss_lichen.webp,false,systems/iron-hills-system/icons/items/materials/abyss_lichen.webp,"Concept ""Лишайник Бездны"", a single fantasy crafting material, orichalcum, starmetal, ornate heroic craftsmanship and luminous accents, centered square inventory composition, single isolated fantasy RPG inventory icon, centered, full object visible, plain dark or transparent background, sharp painterly detail, 1024x1024 --ar 1:1","text, watermark, logo, signature, blurry, low quality, cluttered background, multiple unrelated objects, human hands, human face, nsfw"
materials,aurora_thread,Нить Авроры,9,material,1,1,1:1,icons/items/materials/aurora_thread.webp,systems/iron-hills-system/icons/items/materials/aurora_thread.webp,false,systems/iron-hills-system/icons/items/materials/aurora_thread.webp,"Concept ""Нить Авроры"", a single fantasy crafting material, orichalcum, starmetal, ornate heroic craftsmanship and luminous accents, centered square inventory composition, single isolated fantasy RPG inventory icon, centered, full object visible, plain dark or transparent background, sharp painterly detail, 1024x1024 --ar 1:1","text, watermark, logo, signature, blurry, low quality, cluttered background, multiple unrelated objects, human hands, human face, nsfw"
materials,hydra_hide,Шкура гидры,9,material,1,1,1:1,icons/items/materials/hydra_hide.webp,systems/iron-hills-system/icons/items/materials/hydra_hide.webp,false,systems/iron-hills-system/icons/items/materials/hydra_hide.webp,"Concept ""Шкура гидры"", a single fantasy crafting material, orichalcum, starmetal, ornate heroic craftsmanship and luminous accents, centered square inventory composition, single isolated fantasy RPG inventory icon, centered, full object visible, plain dark or transparent background, sharp painterly detail, 1024x1024 --ar 1:1","text, watermark, logo, signature, blurry, low quality, cluttered background, multiple unrelated objects, human hands, human face, nsfw"
materials,orichalcum,Орихалк,9,material,1,1,1:1,icons/items/materials/orichalcum.webp,systems/iron-hills-system/icons/items/materials/orichalcum.webp,false,systems/iron-hills-system/icons/items/materials/orichalcum.webp,"Concept ""Орихалк"", a single fantasy crafting material, orichalcum, starmetal, ornate heroic craftsmanship and luminous accents, centered square inventory composition, single isolated fantasy RPG inventory icon, centered, full object visible, plain dark or transparent background, sharp painterly detail, 1024x1024 --ar 1:1","text, watermark, logo, signature, blurry, low quality, cluttered background, multiple unrelated objects, human hands, human face, nsfw"
materials,relic_shard,Осколок реликта,9,material,1,1,1:1,icons/items/materials/relic_shard.webp,systems/iron-hills-system/icons/items/materials/relic_shard.webp,false,systems/iron-hills-system/icons/items/materials/relic_shard.webp,"Concept ""Осколок реликта"", a single fantasy crafting material, orichalcum, starmetal, ornate heroic craftsmanship and luminous accents, centered square inventory composition, single isolated fantasy RPG inventory icon, centered, full object visible, plain dark or transparent background, sharp painterly detail, 1024x1024 --ar 1:1","text, watermark, logo, signature, blurry, low quality, cluttered background, multiple unrelated objects, human hands, human face, nsfw"
materials,star_shard,Осколок звезды,9,material,1,1,1:1,icons/items/materials/star_shard.webp,systems/iron-hills-system/icons/items/materials/star_shard.webp,false,systems/iron-hills-system/icons/items/materials/star_shard.webp,"Concept ""Осколок звезды"", a single fantasy crafting material, orichalcum, starmetal, ornate heroic craftsmanship and luminous accents, centered square inventory composition, single isolated fantasy RPG inventory icon, centered, full object visible, plain dark or transparent background, sharp painterly detail, 1024x1024 --ar 1:1","text, watermark, logo, signature, blurry, low quality, cluttered background, multiple unrelated objects, human hands, human face, nsfw"
materials,sun_oak_board,Доска солнечного дуба,9,material,1,1,1:1,icons/items/materials/sun_oak_board.webp,systems/iron-hills-system/icons/items/materials/sun_oak_board.webp,false,systems/iron-hills-system/icons/items/materials/sun_oak_board.webp,"Concept ""Доска солнечного дуба"", a single fantasy crafting material, orichalcum, starmetal, ornate heroic craftsmanship and luminous accents, centered square inventory composition, single isolated fantasy RPG inventory icon, centered, full object visible, plain dark or transparent background, sharp painterly detail, 1024x1024 --ar 1:1","text, watermark, logo, signature, blurry, low quality, cluttered background, multiple unrelated objects, human hands, human face, nsfw"
materials,adamantium,Адамантий,10,material,1,1,1:1,icons/items/materials/adamantium.webp,systems/iron-hills-system/icons/items/materials/adamantium.webp,false,systems/iron-hills-system/icons/items/materials/adamantium.webp,"Concept ""Адамантий"", a single fantasy crafting material, mythic godsteel, adamant core, reality-bending magical highlights, centered square inventory composition, single isolated fantasy RPG inventory icon, centered, full object visible, plain dark or transparent background, sharp painterly detail, 1024x1024 --ar 1:1","text, watermark, logo, signature, blurry, low quality, cluttered background, multiple unrelated objects, human hands, human face, nsfw"
materials,epoch_seed,Семя эпохи,10,material,1,1,1:1,icons/items/materials/epoch_seed.webp,systems/iron-hills-system/icons/items/materials/epoch_seed.webp,false,systems/iron-hills-system/icons/items/materials/epoch_seed.webp,"Concept ""Семя эпохи"", a single fantasy crafting material, mythic godsteel, adamant core, reality-bending magical highlights, centered square inventory composition, single isolated fantasy RPG inventory icon, centered, full object visible, plain dark or transparent background, sharp painterly detail, 1024x1024 --ar 1:1","text, watermark, logo, signature, blurry, low quality, cluttered background, multiple unrelated objects, human hands, human face, nsfw"
materials,genesis_timber,Брус генезиса,10,material,1,1,1:1,icons/items/materials/genesis_timber.webp,systems/iron-hills-system/icons/items/materials/genesis_timber.webp,false,systems/iron-hills-system/icons/items/materials/genesis_timber.webp,"Concept ""Брус генезиса"", a single fantasy crafting material, mythic godsteel, adamant core, reality-bending magical highlights, centered square inventory composition, single isolated fantasy RPG inventory icon, centered, full object visible, plain dark or transparent background, sharp painterly detail, 1024x1024 --ar 1:1","text, watermark, logo, signature, blurry, low quality, cluttered background, multiple unrelated objects, human hands, human face, nsfw"
materials,genesis_weave,Полотно генезиса,10,material,1,1,1:1,icons/items/materials/genesis_weave.webp,systems/iron-hills-system/icons/items/materials/genesis_weave.webp,false,systems/iron-hills-system/icons/items/materials/genesis_weave.webp,"Concept ""Полотно генезиса"", a single fantasy crafting material, mythic godsteel, adamant core, reality-bending magical highlights, centered square inventory composition, single isolated fantasy RPG inventory icon, centered, full object visible, plain dark or transparent background, sharp painterly detail, 1024x1024 --ar 1:1","text, watermark, logo, signature, blurry, low quality, cluttered background, multiple unrelated objects, human hands, human face, nsfw"
materials,god_tears,Слёзы богов,10,material,1,1,1:1,icons/items/materials/god_tears.webp,systems/iron-hills-system/icons/items/materials/god_tears.webp,false,systems/iron-hills-system/icons/items/materials/god_tears.webp,"Concept ""Слёзы богов"", a single fantasy crafting material, mythic godsteel, adamant core, reality-bending magical highlights, centered square inventory composition, single isolated fantasy RPG inventory icon, centered, full object visible, plain dark or transparent background, sharp painterly detail, 1024x1024 --ar 1:1","text, watermark, logo, signature, blurry, low quality, cluttered background, multiple unrelated objects, human hands, human face, nsfw"
materials,leviathan_hide,Шкура Левиафана,10,material,1,1,1:1,icons/items/materials/leviathan_hide.webp,systems/iron-hills-system/icons/items/materials/leviathan_hide.webp,false,systems/iron-hills-system/icons/items/materials/leviathan_hide.webp,"Concept ""Шкура Левиафана"", a single fantasy crafting material, mythic godsteel, adamant core, reality-bending magical highlights, centered square inventory composition, single isolated fantasy RPG inventory icon, centered, full object visible, plain dark or transparent background, sharp painterly detail, 1024x1024 --ar 1:1","text, watermark, logo, signature, blurry, low quality, cluttered background, multiple unrelated objects, human hands, human face, nsfw"
materials,star_heart,Сердце звезды,10,material,1,1,1:1,icons/items/materials/star_heart.webp,systems/iron-hills-system/icons/items/materials/star_heart.webp,false,systems/iron-hills-system/icons/items/materials/star_heart.webp,"Concept ""Сердце звезды"", a single fantasy crafting material, mythic godsteel, adamant core, reality-bending magical highlights, centered square inventory composition, single isolated fantasy RPG inventory icon, centered, full object visible, plain dark or transparent background, sharp painterly detail, 1024x1024 --ar 1:1","text, watermark, logo, signature, blurry, low quality, cluttered background, multiple unrelated objects, human hands, human face, nsfw"
potions,antidote_weak,Слабое противоядие,1,potion,1,1,1:1,icons/items/potions/antidote_weak.webp,systems/iron-hills-system/icons/items/potions/antidote_weak.webp,true,systems/iron-hills-system/icons/items/potions/antidote_weak.webp,"Concept ""Слабое противоядие"", a single fantasy consumable potion bottle / sealed alchemical flask, concept: cleansing green shimmer neutralizing toxins, liquid appearance: murky russet suspension, sediment at bottom, vessel: cheap blown glass, none, single isolated fantasy potion bottle or small flask, centered, transparent or plain dark background, vertical orientation, icon clarity, no human hands, sharp focus, painterly RPG inventory sprite, 1024x1024 composition suitable for square inventory slot --ar 1:1","text, watermark, logo, signature, blurry, low quality, cluttered shelf of bottles, laboratory clutter, multiple unrelated potions, human face, nsfw"
potions,minor_energy,Малое зелье бодрости,1,potion,1,1,1:1,icons/items/potions/minor_energy.webp,systems/iron-hills-system/icons/items/potions/minor_energy.webp,true,systems/iron-hills-system/icons/items/potions/minor_energy.webp,"Concept ""Малое зелье бодрости"", a single fantasy consumable potion bottle / sealed alchemical flask, concept: lightning stamina surge, brisk vitality, liquid appearance: murky russet suspension, sediment at bottom, vessel: cheap blown glass, none, single isolated fantasy potion bottle or small flask, centered, transparent or plain dark background, vertical orientation, icon clarity, no human hands, sharp focus, painterly RPG inventory sprite, 1024x1024 composition suitable for square inventory slot --ar 1:1","text, watermark, logo, signature, blurry, low quality, cluttered shelf of bottles, laboratory clutter, multiple unrelated potions, human face, nsfw"
potions,minor_energy_max,Малый тоник бодрости,1,potion,1,1,1:1,icons/items/potions/minor_energy_max.webp,systems/iron-hills-system/icons/items/potions/minor_energy_max.webp,true,systems/iron-hills-system/icons/items/potions/minor_energy_max.webp,"Concept ""Малый тоник бодрости"", a single fantasy consumable potion bottle / sealed alchemical flask, concept: expanded lung-heart endurance reservoir, liquid appearance: murky russet suspension, sediment at bottom, vessel: cheap blown glass, none, single isolated fantasy potion bottle or small flask, centered, transparent or plain dark background, vertical orientation, icon clarity, no human hands, sharp focus, painterly RPG inventory sprite, 1024x1024 composition suitable for square inventory slot --ar 1:1","text, watermark, logo, signature, blurry, low quality, cluttered shelf of bottles, laboratory clutter, multiple unrelated potions, human face, nsfw"
potions,minor_heal,Малое зелье лечения,1,potion,1,1,1:1,icons/items/potions/minor_heal.webp,systems/iron-hills-system/icons/items/potions/minor_heal.webp,true,systems/iron-hills-system/icons/items/potions/minor_heal.webp,"Concept ""Малое зелье лечения"", a single fantasy consumable potion bottle / sealed alchemical flask, concept: wounds knitting shut, restorative warmth, liquid appearance: murky russet suspension, sediment at bottom, vessel: cheap blown glass, none, single isolated fantasy potion bottle or small flask, centered, transparent or plain dark background, vertical orientation, icon clarity, no human hands, sharp focus, painterly RPG inventory sprite, 1024x1024 composition suitable for square inventory slot --ar 1:1","text, watermark, logo, signature, blurry, low quality, cluttered shelf of bottles, laboratory clutter, multiple unrelated potions, human face, nsfw"
potions,water_flask,Фляга чистой воды,1,potion,1,1,1:1,icons/items/potions/water_flask.webp,systems/iron-hills-system/icons/items/potions/water_flask.webp,true,systems/iron-hills-system/icons/items/potions/water_flask.webp,"Concept ""Фляга чистой воды"", a single fantasy consumable potion bottle / sealed alchemical flask, concept: crisp mountain spring clarity, liquid appearance: murky russet suspension, sediment at bottom, vessel: cheap blown glass, none, single isolated fantasy potion bottle or small flask, centered, transparent or plain dark background, vertical orientation, icon clarity, no human hands, sharp focus, painterly RPG inventory sprite, 1024x1024 composition suitable for square inventory slot --ar 1:1","text, watermark, logo, signature, blurry, low quality, cluttered shelf of bottles, laboratory clutter, multiple unrelated potions, human face, nsfw"
potions,energy_potion,Зелье бодрости,2,potion,1,1,1:1,icons/items/potions/energy_potion.webp,systems/iron-hills-system/icons/items/potions/energy_potion.webp,true,systems/iron-hills-system/icons/items/potions/energy_potion.webp,"Concept ""Зелье бодрости"", a single fantasy consumable potion bottle / sealed alchemical flask, concept: lightning stamina surge, brisk vitality, liquid appearance: clear amber serum, vessel: simple flask with cork, very faint inner shimmer, single isolated fantasy potion bottle or small flask, centered, transparent or plain dark background, vertical orientation, icon clarity, no human hands, sharp focus, painterly RPG inventory sprite, 1024x1024 composition suitable for square inventory slot --ar 1:1","text, watermark, logo, signature, blurry, low quality, cluttered shelf of bottles, laboratory clutter, multiple unrelated potions, human face, nsfw"
potions,energy_potion_max,Тоник выносливости,2,potion,1,1,1:1,icons/items/potions/energy_potion_max.webp,systems/iron-hills-system/icons/items/potions/energy_potion_max.webp,true,systems/iron-hills-system/icons/items/potions/energy_potion_max.webp,"Concept ""Тоник выносливости"", a single fantasy consumable potion bottle / sealed alchemical flask, concept: expanded lung-heart endurance reservoir, liquid appearance: clear amber serum, vessel: simple flask with cork, very faint inner shimmer, single isolated fantasy potion bottle or small flask, centered, transparent or plain dark background, vertical orientation, icon clarity, no human hands, sharp focus, painterly RPG inventory sprite, 1024x1024 composition suitable for square inventory slot --ar 1:1","text, watermark, logo, signature, blurry, low quality, cluttered shelf of bottles, laboratory clutter, multiple unrelated potions, human face, nsfw"
potions,heal_potion,Зелье лечения,2,potion,1,1,1:1,icons/items/potions/heal_potion.webp,systems/iron-hills-system/icons/items/potions/heal_potion.webp,true,systems/iron-hills-system/icons/items/potions/heal_potion.webp,"Concept ""Зелье лечения"", a single fantasy consumable potion bottle / sealed alchemical flask, concept: wounds knitting shut, restorative warmth, liquid appearance: clear amber serum, vessel: simple flask with cork, very faint inner shimmer, single isolated fantasy potion bottle or small flask, centered, transparent or plain dark background, vertical orientation, icon clarity, no human hands, sharp focus, painterly RPG inventory sprite, 1024x1024 composition suitable for square inventory slot --ar 1:1","text, watermark, logo, signature, blurry, low quality, cluttered shelf of bottles, laboratory clutter, multiple unrelated potions, human face, nsfw"
potions,mana_potion,Зелье маны,2,potion,1,1,1:1,icons/items/potions/mana_potion.webp,systems/iron-hills-system/icons/items/potions/mana_potion.webp,true,systems/iron-hills-system/icons/items/potions/mana_potion.webp,"Concept ""Зелье маны"", a single fantasy consumable potion bottle / sealed alchemical flask, concept: arcane reservoir refill, whispering sparks, liquid appearance: clear amber serum, vessel: simple flask with cork, very faint inner shimmer, single isolated fantasy potion bottle or small flask, centered, transparent or plain dark background, vertical orientation, icon clarity, no human hands, sharp focus, painterly RPG inventory sprite, 1024x1024 composition suitable for square inventory slot --ar 1:1","text, watermark, logo, signature, blurry, low quality, cluttered shelf of bottles, laboratory clutter, multiple unrelated potions, human face, nsfw"
potions,speed_potion,Зелье скорости,2,potion,1,1,1:1,icons/items/potions/speed_potion.webp,systems/iron-hills-system/icons/items/potions/speed_potion.webp,true,systems/iron-hills-system/icons/items/potions/speed_potion.webp,"Concept ""Зелье скорости"", a single fantasy consumable potion bottle / sealed alchemical flask, concept: wind-cut streak motes, kinetic hurry readiness, liquid appearance: clear amber serum, vessel: simple flask with cork, very faint inner shimmer, single isolated fantasy potion bottle or small flask, centered, transparent or plain dark background, vertical orientation, icon clarity, no human hands, sharp focus, painterly RPG inventory sprite, 1024x1024 composition suitable for square inventory slot --ar 1:1","text, watermark, logo, signature, blurry, low quality, cluttered shelf of bottles, laboratory clutter, multiple unrelated potions, human face, nsfw"
potions,antidote,Противоядие,3,potion,1,1,1:1,icons/items/potions/antidote.webp,systems/iron-hills-system/icons/items/potions/antidote.webp,true,systems/iron-hills-system/icons/items/potions/antidote.webp,"Concept ""Противоядие"", a single fantasy consumable potion bottle / sealed alchemical flask, concept: cleansing green shimmer neutralizing toxins, liquid appearance: ruby-red translucent liquid, vessel: faceted crystal vial, soft pulse every few seconds, single isolated fantasy potion bottle or small flask, centered, transparent or plain dark background, vertical orientation, icon clarity, no human hands, sharp focus, painterly RPG inventory sprite, 1024x1024 composition suitable for square inventory slot --ar 1:1","text, watermark, logo, signature, blurry, low quality, cluttered shelf of bottles, laboratory clutter, multiple unrelated potions, human face, nsfw"
potions,elixir_endurance,Эликсир выносливости,3,potion,1,1,1:1,icons/items/potions/elixir_endurance.webp,systems/iron-hills-system/icons/items/potions/elixir_endurance.webp,true,systems/iron-hills-system/icons/items/potions/elixir_endurance.webp,"Concept ""Эликсир выносливости"", a single fantasy consumable potion bottle / sealed alchemical flask, concept: expanded lung-heart endurance reservoir, liquid appearance: ruby-red translucent liquid, vessel: faceted crystal vial, soft pulse every few seconds, single isolated fantasy potion bottle or small flask, centered, transparent or plain dark background, vertical orientation, icon clarity, no human hands, sharp focus, painterly RPG inventory sprite, 1024x1024 composition suitable for square inventory slot --ar 1:1","text, watermark, logo, signature, blurry, low quality, cluttered shelf of bottles, laboratory clutter, multiple unrelated potions, human face, nsfw"
potions,elixir_vigor,Эликсир бодрости,3,potion,1,1,1:1,icons/items/potions/elixir_vigor.webp,systems/iron-hills-system/icons/items/potions/elixir_vigor.webp,true,systems/iron-hills-system/icons/items/potions/elixir_vigor.webp,"Concept ""Эликсир бодрости"", a single fantasy consumable potion bottle / sealed alchemical flask, concept: lightning stamina surge, brisk vitality, liquid appearance: ruby-red translucent liquid, vessel: faceted crystal vial, soft pulse every few seconds, single isolated fantasy potion bottle or small flask, centered, transparent or plain dark background, vertical orientation, icon clarity, no human hands, sharp focus, painterly RPG inventory sprite, 1024x1024 composition suitable for square inventory slot --ar 1:1","text, watermark, logo, signature, blurry, low quality, cluttered shelf of bottles, laboratory clutter, multiple unrelated potions, human face, nsfw"
potions,greater_heal,Большое зелье лечения,3,potion,1,1,1:1,icons/items/potions/greater_heal.webp,systems/iron-hills-system/icons/items/potions/greater_heal.webp,true,systems/iron-hills-system/icons/items/potions/greater_heal.webp,"Concept ""Большое зелье лечения"", a single fantasy consumable potion bottle / sealed alchemical flask, concept: wounds knitting shut, restorative warmth, liquid appearance: ruby-red translucent liquid, vessel: faceted crystal vial, soft pulse every few seconds, single isolated fantasy potion bottle or small flask, centered, transparent or plain dark background, vertical orientation, icon clarity, no human hands, sharp focus, painterly RPG inventory sprite, 1024x1024 composition suitable for square inventory slot --ar 1:1","text, watermark, logo, signature, blurry, low quality, cluttered shelf of bottles, laboratory clutter, multiple unrelated potions, human face, nsfw"
potions,adept_endurance,Тоник адепта (выносливость),4,potion,1,1,1:1,icons/items/potions/adept_endurance.webp,systems/iron-hills-system/icons/items/potions/adept_endurance.webp,true,systems/iron-hills-system/icons/items/potions/adept_endurance.webp,"Concept ""Тоник адепта (выносливость)"", a single fantasy consumable potion bottle / sealed alchemical flask, concept: expanded lung-heart endurance reservoir, liquid appearance: deep sapphire swirl with metallic flakes, vessel: steel-capped alchemical bottle, steady faint aura, single isolated fantasy potion bottle or small flask, centered, transparent or plain dark background, vertical orientation, icon clarity, no human hands, sharp focus, painterly RPG inventory sprite, 1024x1024 composition suitable for square inventory slot --ar 1:1","text, watermark, logo, signature, blurry, low quality, cluttered shelf of bottles, laboratory clutter, multiple unrelated potions, human face, nsfw"
potions,adept_energy,Зелье адепта (бодрость),4,potion,1,1,1:1,icons/items/potions/adept_energy.webp,systems/iron-hills-system/icons/items/potions/adept_energy.webp,true,systems/iron-hills-system/icons/items/potions/adept_energy.webp,"Concept ""Зелье адепта (бодрость)"", a single fantasy consumable potion bottle / sealed alchemical flask, concept: lightning stamina surge, brisk vitality, liquid appearance: deep sapphire swirl with metallic flakes, vessel: steel-capped alchemical bottle, steady faint aura, single isolated fantasy potion bottle or small flask, centered, transparent or plain dark background, vertical orientation, icon clarity, no human hands, sharp focus, painterly RPG inventory sprite, 1024x1024 composition suitable for square inventory slot --ar 1:1","text, watermark, logo, signature, blurry, low quality, cluttered shelf of bottles, laboratory clutter, multiple unrelated potions, human face, nsfw"
potions,adept_heal,Зелье адепта (лечение),4,potion,1,1,1:1,icons/items/potions/adept_heal.webp,systems/iron-hills-system/icons/items/potions/adept_heal.webp,true,systems/iron-hills-system/icons/items/potions/adept_heal.webp,"Concept ""Зелье адепта (лечение)"", a single fantasy consumable potion bottle / sealed alchemical flask, concept: wounds knitting shut, restorative warmth, liquid appearance: deep sapphire swirl with metallic flakes, vessel: steel-capped alchemical bottle, steady faint aura, single isolated fantasy potion bottle or small flask, centered, transparent or plain dark background, vertical orientation, icon clarity, no human hands, sharp focus, painterly RPG inventory sprite, 1024x1024 composition suitable for square inventory slot --ar 1:1","text, watermark, logo, signature, blurry, low quality, cluttered shelf of bottles, laboratory clutter, multiple unrelated potions, human face, nsfw"
potions,adept_mana,Зелье адепта (мана),4,potion,1,1,1:1,icons/items/potions/adept_mana.webp,systems/iron-hills-system/icons/items/potions/adept_mana.webp,true,systems/iron-hills-system/icons/items/potions/adept_mana.webp,"Concept ""Зелье адепта (мана)"", a single fantasy consumable potion bottle / sealed alchemical flask, concept: arcane reservoir refill, whispering sparks, liquid appearance: deep sapphire swirl with metallic flakes, vessel: steel-capped alchemical bottle, steady faint aura, single isolated fantasy potion bottle or small flask, centered, transparent or plain dark background, vertical orientation, icon clarity, no human hands, sharp focus, painterly RPG inventory sprite, 1024x1024 composition suitable for square inventory slot --ar 1:1","text, watermark, logo, signature, blurry, low quality, cluttered shelf of bottles, laboratory clutter, multiple unrelated potions, human face, nsfw"
potions,superior_antidote,Сильное противоядие,4,potion,1,1,1:1,icons/items/potions/superior_antidote.webp,systems/iron-hills-system/icons/items/potions/superior_antidote.webp,true,systems/iron-hills-system/icons/items/potions/superior_antidote.webp,"Concept ""Сильное противоядие"", a single fantasy consumable potion bottle / sealed alchemical flask, concept: cleansing green shimmer neutralizing toxins, liquid appearance: deep sapphire swirl with metallic flakes, vessel: steel-capped alchemical bottle, steady faint aura, single isolated fantasy potion bottle or small flask, centered, transparent or plain dark background, vertical orientation, icon clarity, no human hands, sharp focus, painterly RPG inventory sprite, 1024x1024 composition suitable for square inventory slot --ar 1:1","text, watermark, logo, signature, blurry, low quality, cluttered shelf of bottles, laboratory clutter, multiple unrelated potions, human face, nsfw"
potions,elixir_life,Эликсир жизни,5,potion,1,1,1:1,icons/items/potions/elixir_life.webp,systems/iron-hills-system/icons/items/potions/elixir_life.webp,true,systems/iron-hills-system/icons/items/potions/elixir_life.webp,"Concept ""Эликсир жизни"", a single fantasy consumable potion bottle / sealed alchemical flask, concept: total bodily renewal, cathedral purity, liquid appearance: pearlescent gradient liquid, vessel: ornate flask with seal wax, warm halo, single isolated fantasy potion bottle or small flask, centered, transparent or plain dark background, vertical orientation, icon clarity, no human hands, sharp focus, painterly RPG inventory sprite, 1024x1024 composition suitable for square inventory slot --ar 1:1","text, watermark, logo, signature, blurry, low quality, cluttered shelf of bottles, laboratory clutter, multiple unrelated potions, human face, nsfw"
potions,grand_elixir,Великий эликсир,5,potion,1,1,1:1,icons/items/potions/grand_elixir.webp,systems/iron-hills-system/icons/items/potions/grand_elixir.webp,true,systems/iron-hills-system/icons/items/potions/grand_elixir.webp,"Concept ""Великий эликсир"", a single fantasy consumable potion bottle / sealed alchemical flask, concept: expanded lung-heart endurance reservoir, liquid appearance: pearlescent gradient liquid, vessel: ornate flask with seal wax, warm halo, single isolated fantasy potion bottle or small flask, centered, transparent or plain dark background, vertical orientation, icon clarity, no human hands, sharp focus, painterly RPG inventory sprite, 1024x1024 composition suitable for square inventory slot --ar 1:1","text, watermark, logo, signature, blurry, low quality, cluttered shelf of bottles, laboratory clutter, multiple unrelated potions, human face, nsfw"
potions,saint_draught,Напиток святого,5,potion,1,1,1:1,icons/items/potions/saint_draught.webp,systems/iron-hills-system/icons/items/potions/saint_draught.webp,true,systems/iron-hills-system/icons/items/potions/saint_draught.webp,"Concept ""Напиток святого"", a single fantasy consumable potion bottle / sealed alchemical flask, concept: wounds knitting shut, restorative warmth, liquid appearance: pearlescent gradient liquid, vessel: ornate flask with seal wax, warm halo, single isolated fantasy potion bottle or small flask, centered, transparent or plain dark background, vertical orientation, icon clarity, no human hands, sharp focus, painterly RPG inventory sprite, 1024x1024 composition suitable for square inventory slot --ar 1:1","text, watermark, logo, signature, blurry, low quality, cluttered shelf of bottles, laboratory clutter, multiple unrelated potions, human face, nsfw"
potions,sixth_circle_mana,Зелье шестого круга,6,potion,1,1,1:1,icons/items/potions/sixth_circle_mana.webp,systems/iron-hills-system/icons/items/potions/sixth_circle_mana.webp,true,systems/iron-hills-system/icons/items/potions/sixth_circle_mana.webp,"Concept ""Зелье шестого круга"", a single fantasy consumable potion bottle / sealed alchemical flask, concept: arcane reservoir refill, whispering sparks, liquid appearance: silver-threaded emerald liquor, vessel: mithril-trimmed phial, cold magical steam wisps, single isolated fantasy potion bottle or small flask, centered, transparent or plain dark background, vertical orientation, icon clarity, no human hands, sharp focus, painterly RPG inventory sprite, 1024x1024 composition suitable for square inventory slot --ar 1:1","text, watermark, logo, signature, blurry, low quality, cluttered shelf of bottles, laboratory clutter, multiple unrelated potions, human face, nsfw"
potions,stormbrew_energy,Штормовое зелье бодрости,6,potion,1,1,1:1,icons/items/potions/stormbrew_energy.webp,systems/iron-hills-system/icons/items/potions/stormbrew_energy.webp,true,systems/iron-hills-system/icons/items/potions/stormbrew_energy.webp,"Concept ""Штормовое зелье бодрости"", a single fantasy consumable potion bottle / sealed alchemical flask, concept: lightning stamina surge, brisk vitality, liquid appearance: silver-threaded emerald liquor, vessel: mithril-trimmed phial, cold magical steam wisps, single isolated fantasy potion bottle or small flask, centered, transparent or plain dark background, vertical orientation, icon clarity, no human hands, sharp focus, painterly RPG inventory sprite, 1024x1024 composition suitable for square inventory slot --ar 1:1","text, watermark, logo, signature, blurry, low quality, cluttered shelf of bottles, laboratory clutter, multiple unrelated potions, human face, nsfw"
potions,wyrmsblood_elixir,Эликсир змеиной крови,6,potion,1,1,1:1,icons/items/potions/wyrmsblood_elixir.webp,systems/iron-hills-system/icons/items/potions/wyrmsblood_elixir.webp,true,systems/iron-hills-system/icons/items/potions/wyrmsblood_elixir.webp,"Concept ""Эликсир змеиной крови"", a single fantasy consumable potion bottle / sealed alchemical flask, concept: wounds knitting shut, restorative warmth, liquid appearance: silver-threaded emerald liquor, vessel: mithril-trimmed phial, cold magical steam wisps, single isolated fantasy potion bottle or small flask, centered, transparent or plain dark background, vertical orientation, icon clarity, no human hands, sharp focus, painterly RPG inventory sprite, 1024x1024 composition suitable for square inventory slot --ar 1:1","text, watermark, logo, signature, blurry, low quality, cluttered shelf of bottles, laboratory clutter, multiple unrelated potions, human face, nsfw"
potions,astral_philter_heal,Фильтр звёзд (лечение),7,potion,1,1,1:1,icons/items/potions/astral_philter_heal.webp,systems/iron-hills-system/icons/items/potions/astral_philter_heal.webp,true,systems/iron-hills-system/icons/items/potions/astral_philter_heal.webp,"Concept ""Фильтр звёзд (лечение)"", a single fantasy consumable potion bottle / sealed alchemical flask, concept: wounds knitting shut, restorative warmth, liquid appearance: star-speckled violet plasma, vessel: void-glass ampoule, orbiting dust motes of light, single isolated fantasy potion bottle or small flask, centered, transparent or plain dark background, vertical orientation, icon clarity, no human hands, sharp focus, painterly RPG inventory sprite, 1024x1024 composition suitable for square inventory slot --ar 1:1","text, watermark, logo, signature, blurry, low quality, cluttered shelf of bottles, laboratory clutter, multiple unrelated potions, human face, nsfw"
potions,lunar_infusion_mana,Лунный настой маны,7,potion,1,1,1:1,icons/items/potions/lunar_infusion_mana.webp,systems/iron-hills-system/icons/items/potions/lunar_infusion_mana.webp,true,systems/iron-hills-system/icons/items/potions/lunar_infusion_mana.webp,"Concept ""Лунный настой маны"", a single fantasy consumable potion bottle / sealed alchemical flask, concept: arcane reservoir refill, whispering sparks, liquid appearance: star-speckled violet plasma, vessel: void-glass ampoule, orbiting dust motes of light, single isolated fantasy potion bottle or small flask, centered, transparent or plain dark background, vertical orientation, icon clarity, no human hands, sharp focus, painterly RPG inventory sprite, 1024x1024 composition suitable for square inventory slot --ar 1:1","text, watermark, logo, signature, blurry, low quality, cluttered shelf of bottles, laboratory clutter, multiple unrelated potions, human face, nsfw"
potions,eclipse_draught_energy,Зелье затмения (бодрость),8,potion,1,1,1:1,icons/items/potions/eclipse_draught_energy.webp,systems/iron-hills-system/icons/items/potions/eclipse_draught_energy.webp,true,systems/iron-hills-system/icons/items/potions/eclipse_draught_energy.webp,"Concept ""Зелье затмения (бодрость)"", a single fantasy consumable potion bottle / sealed alchemical flask, concept: lightning stamina surge, brisk vitality, liquid appearance: radiant golden ichor, vessel: filigree celestial flask, sunbeam god-rays through liquid, single isolated fantasy potion bottle or small flask, centered, transparent or plain dark background, vertical orientation, icon clarity, no human hands, sharp focus, painterly RPG inventory sprite, 1024x1024 composition suitable for square inventory slot --ar 1:1","text, watermark, logo, signature, blurry, low quality, cluttered shelf of bottles, laboratory clutter, multiple unrelated potions, human face, nsfw"
potions,philosophers,Философский эликсир,8,potion,1,1,1:1,icons/items/potions/philosophers.webp,systems/iron-hills-system/icons/items/potions/philosophers.webp,true,systems/iron-hills-system/icons/items/potions/philosophers.webp,"Concept ""Философский эликсир"", a single fantasy consumable potion bottle / sealed alchemical flask, concept: total bodily renewal, cathedral purity, liquid appearance: radiant golden ichor, vessel: filigree celestial flask, sunbeam god-rays through liquid, single isolated fantasy potion bottle or small flask, centered, transparent or plain dark background, vertical orientation, icon clarity, no human hands, sharp focus, painterly RPG inventory sprite, 1024x1024 composition suitable for square inventory slot --ar 1:1","text, watermark, logo, signature, blurry, low quality, cluttered shelf of bottles, laboratory clutter, multiple unrelated potions, human face, nsfw"
potions,solar_balm_heal,Солнечный бальзам,9,potion,1,1,1:1,icons/items/potions/solar_balm_heal.webp,systems/iron-hills-system/icons/items/potions/solar_balm_heal.webp,true,systems/iron-hills-system/icons/items/potions/solar_balm_heal.webp,"Concept ""Солнечный бальзам"", a single fantasy consumable potion bottle / sealed alchemical flask, concept: wounds knitting shut, restorative warmth, liquid appearance: molten sunrise-orange core fluid, vessel: orichalcum-stoppered relic bottle, voluntary sparks along rim, single isolated fantasy potion bottle or small flask, centered, transparent or plain dark background, vertical orientation, icon clarity, no human hands, sharp focus, painterly RPG inventory sprite, 1024x1024 composition suitable for square inventory slot --ar 1:1","text, watermark, logo, signature, blurry, low quality, cluttered shelf of bottles, laboratory clutter, multiple unrelated potions, human face, nsfw"
potions,solar_balm_mana,Солнечный эликсир маны,9,potion,1,1,1:1,icons/items/potions/solar_balm_mana.webp,systems/iron-hills-system/icons/items/potions/solar_balm_mana.webp,true,systems/iron-hills-system/icons/items/potions/solar_balm_mana.webp,"Concept ""Солнечный эликсир маны"", a single fantasy consumable potion bottle / sealed alchemical flask, concept: arcane reservoir refill, whispering sparks, liquid appearance: molten sunrise-orange core fluid, vessel: orichalcum-stoppered relic bottle, voluntary sparks along rim, single isolated fantasy potion bottle or small flask, centered, transparent or plain dark background, vertical orientation, icon clarity, no human hands, sharp focus, painterly RPG inventory sprite, 1024x1024 composition suitable for square inventory slot --ar 1:1","text, watermark, logo, signature, blurry, low quality, cluttered shelf of bottles, laboratory clutter, multiple unrelated potions, human face, nsfw"
potions,genesis_vitalis,Флакон генезиса,10,potion,1,1,1:1,icons/items/potions/genesis_vitalis.webp,systems/iron-hills-system/icons/items/potions/genesis_vitalis.webp,true,systems/iron-hills-system/icons/items/potions/genesis_vitalis.webp,"Concept ""Флакон генезиса"", a single fantasy consumable potion bottle / sealed alchemical flask, concept: total bodily renewal, cathedral purity, liquid appearance: prismatic abyss-black mirror fluid, vessel: adamant seal amphora-miniature, reality ripple distortion around vessel, single isolated fantasy potion bottle or small flask, centered, transparent or plain dark background, vertical orientation, icon clarity, no human hands, sharp focus, painterly RPG inventory sprite, 1024x1024 composition suitable for square inventory slot --ar 1:1","text, watermark, logo, signature, blurry, low quality, cluttered shelf of bottles, laboratory clutter, multiple unrelated potions, human face, nsfw"
spells,call_wisp,Призвать огонек,1,spell,1,1,1:1,icons/items/spells/call_wisp.webp,systems/iron-hills-system/icons/items/spells/call_wisp.webp,false,systems/iron-hills-system/icons/items/spells/summon_skeleton.webp,"Concept ""Призвать огонек"", a magic spell icon for summon magic, rough low-tier materials, worn edges, practical peasant craft, centered square inventory composition, single isolated fantasy RPG inventory icon, centered, full object visible, plain dark or transparent background, sharp painterly detail, 1024x1024 --ar 1:1","text, watermark, logo, signature, blurry, low quality, cluttered background, multiple unrelated objects, human hands, human face, nsfw"
spells,fire_bolt,Огненный Bolt,1,spell,1,1,1:1,icons/items/spells/fire_bolt.webp,systems/iron-hills-system/icons/items/spells/fire_bolt.webp,true,systems/iron-hills-system/icons/items/spells/fire_bolt.webp,"Concept ""Огненный Bolt"", spell icon for fire magic, orange-red flame, ember sparks, blackened rim, molten core, single-target magical projectile or focused spell sigil, pure spell energy, readable magical purpose, rank 1, humble frontier craft, worn cloth, dull leather, simple clay or iron fittings, 1024x1024, single isolated fantasy RPG spell icon, centered magical effect or glyph, no caster, no hands, no book page, plain dark or transparent background, sharp painterly detail, readable at small square action-bar and inventory icon size --ar 1:1","text, watermark, logo, signature, blurry, low quality, character portrait, caster silhouette, hands, book page, UI border, flat emoji, simple vector symbol, nsfw"
spells,focus_thread,Нить фокуса,1,spell,1,1,1:1,icons/items/spells/focus_thread.webp,systems/iron-hills-system/icons/items/spells/focus_thread.webp,false,systems/iron-hills-system/icons/items/spells/haste_spell.webp,"Concept ""Нить фокуса"", a magic spell icon for mind magic, rough low-tier materials, worn edges, practical peasant craft, centered square inventory composition, single isolated fantasy RPG inventory icon, centered, full object visible, plain dark or transparent background, sharp painterly detail, 1024x1024 --ar 1:1","text, watermark, logo, signature, blurry, low quality, cluttered background, multiple unrelated objects, human hands, human face, nsfw"
spells,guiding_glimmer,Путеводный отблеск,1,spell,1,1,1:1,icons/items/spells/guiding_glimmer.webp,systems/iron-hills-system/icons/items/spells/guiding_glimmer.webp,false,systems/iron-hills-system/icons/items/spells/holy_smite.webp,"Concept ""Путеводный отблеск"", a magic spell icon for light magic, rough low-tier materials, worn edges, practical peasant craft, centered square inventory composition, single isolated fantasy RPG inventory icon, centered, full object visible, plain dark or transparent background, sharp painterly detail, 1024x1024 --ar 1:1","text, watermark, logo, signature, blurry, low quality, cluttered background, multiple unrelated objects, human hands, human face, nsfw"
spells,ice_shard,Ледяной Осколок,1,spell,1,1,1:1,icons/items/spells/ice_shard.webp,systems/iron-hills-system/icons/items/spells/ice_shard.webp,true,systems/iron-hills-system/icons/items/spells/ice_shard.webp,"Concept ""Ледяной Осколок"", spell icon for ice magic, cyan frost crystals, cold mist, sharp translucent shards, single-target magical projectile or focused spell sigil, condition cue: slowed, visually embedded as small runic accent, rank 1, humble frontier craft, worn cloth, dull leather, simple clay or iron fittings, 1024x1024, single isolated fantasy RPG spell icon, centered magical effect or glyph, no caster, no hands, no book page, plain dark or transparent background, sharp painterly detail, readable at small square action-bar and inventory icon size --ar 1:1","text, watermark, logo, signature, blurry, low quality, character portrait, caster silhouette, hands, book page, UI border, flat emoji, simple vector symbol, nsfw"
spells,shadow_bolt,Тёмный Заряд,1,spell,1,1,1:1,icons/items/spells/shadow_bolt.webp,systems/iron-hills-system/icons/items/spells/shadow_bolt.webp,true,systems/iron-hills-system/icons/items/spells/shadow_bolt.webp,"Concept ""Тёмный Заряд"", spell icon for shadow magic, deep violet-black void energy, smoke wisps, cracked darkness, single-target magical projectile or focused spell sigil, condition cue: exposed, visually embedded as small runic accent, rank 1, humble frontier craft, worn cloth, dull leather, simple clay or iron fittings, 1024x1024, single isolated fantasy RPG spell icon, centered magical effect or glyph, no caster, no hands, no book page, plain dark or transparent background, sharp painterly detail, readable at small square action-bar and inventory icon size --ar 1:1","text, watermark, logo, signature, blurry, low quality, character portrait, caster silhouette, hands, book page, UI border, flat emoji, simple vector symbol, nsfw"
spells,static_spark,Статическая искра,1,spell,1,1,1:1,icons/items/spells/static_spark.webp,systems/iron-hills-system/icons/items/spells/static_spark.webp,false,systems/iron-hills-system/icons/items/spells/lightning_bolt_spell.webp,"Concept ""Статическая искра"", a magic spell icon for lightning magic, rough low-tier materials, worn edges, practical peasant craft, centered square inventory composition, single isolated fantasy RPG inventory icon, centered, full object visible, plain dark or transparent background, sharp painterly detail, 1024x1024 --ar 1:1","text, watermark, logo, signature, blurry, low quality, cluttered background, multiple unrelated objects, human hands, human face, nsfw"
spells,stone_throw,Бросок Камня,1,spell,1,1,1:1,icons/items/spells/stone_throw.webp,systems/iron-hills-system/icons/items/spells/stone_throw.webp,true,systems/iron-hills-system/icons/items/spells/stone_throw.webp,"Concept ""Бросок Камня"", spell icon for earth magic, stone, ochre dust, cracked ground glyph, heavy mineral fragments, single-target magical projectile or focused spell sigil, condition cue: stunned, visually embedded as small runic accent, rank 1, humble frontier craft, worn cloth, dull leather, simple clay or iron fittings, 1024x1024, single isolated fantasy RPG spell icon, centered magical effect or glyph, no caster, no hands, no book page, plain dark or transparent background, sharp painterly detail, readable at small square action-bar and inventory icon size --ar 1:1","text, watermark, logo, signature, blurry, low quality, character portrait, caster silhouette, hands, book page, UI border, flat emoji, simple vector symbol, nsfw"
spells,bind_familiar,Связать фамильяра,2,spell,1,1,1:1,icons/items/spells/bind_familiar.webp,systems/iron-hills-system/icons/items/spells/bind_familiar.webp,false,systems/iron-hills-system/icons/items/spells/summon_skeleton.webp,"Concept ""Связать фамильяра"", a magic spell icon for summon magic, iron, bronze, seasoned leather and utilitarian workshop finish, centered square inventory composition, single isolated fantasy RPG inventory icon, centered, full object visible, plain dark or transparent background, sharp painterly detail, 1024x1024 --ar 1:1","text, watermark, logo, signature, blurry, low quality, cluttered background, multiple unrelated objects, human hands, human face, nsfw"
spells,burning_hands,Горящие руки,2,spell,1,1,1:1,icons/items/spells/burning_hands.webp,systems/iron-hills-system/icons/items/spells/burning_hands.webp,true,systems/iron-hills-system/icons/items/spells/burning_hands.webp,"Concept ""Горящие руки"", spell icon for fire magic, orange-red flame, ember sparks, blackened rim, molten core, fan-shaped cone burst, wide front edge, clear directional sweep, condition cue: burning, visually embedded as small runic accent, rank 2, reliable guild-apprentice craft, clean seams, bronze pins, functional finish, 1024x1024, single isolated fantasy RPG spell icon, centered magical effect or glyph, no caster, no hands, no book page, plain dark or transparent background, sharp painterly detail, readable at small square action-bar and inventory icon size --ar 1:1","text, watermark, logo, signature, blurry, low quality, character portrait, caster silhouette, hands, book page, UI border, flat emoji, simple vector symbol, nsfw"
spells,dusk_needle,Сумеречная игла,2,spell,1,1,1:1,icons/items/spells/dusk_needle.webp,systems/iron-hills-system/icons/items/spells/dusk_needle.webp,false,systems/iron-hills-system/icons/items/spells/shadow_bolt.webp,"Concept ""Сумеречная игла"", a magic spell icon for shadow magic, iron, bronze, seasoned leather and utilitarian workshop finish, centered square inventory composition, single isolated fantasy RPG inventory icon, centered, full object visible, plain dark or transparent background, sharp painterly detail, 1024x1024 --ar 1:1","text, watermark, logo, signature, blurry, low quality, cluttered background, multiple unrelated objects, human hands, human face, nsfw"
spells,frostbite_touch,Касание обморожения,2,spell,1,1,1:1,icons/items/spells/frostbite_touch.webp,systems/iron-hills-system/icons/items/spells/frostbite_touch.webp,false,systems/iron-hills-system/icons/items/spells/ice_shard.webp,"Concept ""Касание обморожения"", a magic spell icon for ice magic, iron, bronze, seasoned leather and utilitarian workshop finish, centered square inventory composition, single isolated fantasy RPG inventory icon, centered, full object visible, plain dark or transparent background, sharp painterly detail, 1024x1024 --ar 1:1","text, watermark, logo, signature, blurry, low quality, cluttered background, multiple unrelated objects, human hands, human face, nsfw"
spells,holy_smite,Праведный Удар,2,spell,1,1,1:1,icons/items/spells/holy_smite.webp,systems/iron-hills-system/icons/items/spells/holy_smite.webp,true,systems/iron-hills-system/icons/items/spells/holy_smite.webp,"Concept ""Праведный Удар"", spell icon for light magic, white-gold sacred radiance, clean rays, pearl glow, single-target magical projectile or focused spell sigil, pure spell energy, readable magical purpose, rank 2, reliable guild-apprentice craft, clean seams, bronze pins, functional finish, 1024x1024, single isolated fantasy RPG spell icon, centered magical effect or glyph, no caster, no hands, no book page, plain dark or transparent background, sharp painterly detail, readable at small square action-bar and inventory icon size --ar 1:1","text, watermark, logo, signature, blurry, low quality, character portrait, caster silhouette, hands, book page, UI border, flat emoji, simple vector symbol, nsfw"
spells,lightning_bolt_spell,Молния,2,spell,1,1,1:1,icons/items/spells/lightning_bolt_spell.webp,systems/iron-hills-system/icons/items/spells/lightning_bolt_spell.webp,true,systems/iron-hills-system/icons/items/spells/lightning_bolt_spell.webp,"Concept ""Молния"", spell icon for lightning magic, blue-white lightning forks, copper-gold charge, electric halo, long narrow ray or lance of magic crossing the icon diagonally, condition cue: stunned, visually embedded as small runic accent, rank 2, reliable guild-apprentice craft, clean seams, bronze pins, functional finish, 1024x1024, single isolated fantasy RPG spell icon, centered magical effect or glyph, no caster, no hands, no book page, plain dark or transparent background, sharp painterly detail, readable at small square action-bar and inventory icon size --ar 1:1","text, watermark, logo, signature, blurry, low quality, character portrait, caster silhouette, hands, book page, UI border, flat emoji, simple vector symbol, nsfw"
spells,mud_snare,Грязевая хватка,2,spell,1,1,1:1,icons/items/spells/mud_snare.webp,systems/iron-hills-system/icons/items/spells/mud_snare.webp,false,systems/iron-hills-system/icons/items/spells/stone_throw.webp,"Concept ""Грязевая хватка"", a magic spell icon for earth magic, iron, bronze, seasoned leather and utilitarian workshop finish, centered square inventory composition, single isolated fantasy RPG inventory icon, centered, full object visible, plain dark or transparent background, sharp painterly detail, 1024x1024 --ar 1:1","text, watermark, logo, signature, blurry, low quality, cluttered background, multiple unrelated objects, human hands, human face, nsfw"
spells,slow_spell,Замедление,2,spell,1,1,1:1,icons/items/spells/slow_spell.webp,systems/iron-hills-system/icons/items/spells/slow_spell.webp,true,systems/iron-hills-system/icons/items/spells/slow_spell.webp,"Concept ""Замедление"", spell icon for mind magic, violet psychic rings, thought-wave distortion, subtle eye-like geometry, single-target magical projectile or focused spell sigil, constricting aura, downward pressure, hostile control magic, rank 2, reliable guild-apprentice craft, clean seams, bronze pins, functional finish, 1024x1024, single isolated fantasy RPG spell icon, centered magical effect or glyph, no caster, no hands, no book page, plain dark or transparent background, sharp painterly detail, readable at small square action-bar and inventory icon size --ar 1:1","text, watermark, logo, signature, blurry, low quality, character portrait, caster silhouette, hands, book page, UI border, flat emoji, simple vector symbol, nsfw"
spells,cinder_lance,Пепельное копье,3,spell,1,1,1:1,icons/items/spells/cinder_lance.webp,systems/iron-hills-system/icons/items/spells/cinder_lance.webp,false,systems/iron-hills-system/icons/items/spells/fire_bolt.webp,"Concept ""Пепельное копье"", a magic spell icon for fire magic, iron, bronze, seasoned leather and utilitarian workshop finish, centered square inventory composition, single isolated fantasy RPG inventory icon, centered, full object visible, plain dark or transparent background, sharp painterly detail, 1024x1024 --ar 1:1","text, watermark, logo, signature, blurry, low quality, cluttered background, multiple unrelated objects, human hands, human face, nsfw"
spells,haste_spell,Ускорение,3,spell,1,1,1:1,icons/items/spells/haste_spell.webp,systems/iron-hills-system/icons/items/spells/haste_spell.webp,true,systems/iron-hills-system/icons/items/spells/haste_spell.webp,"Concept ""Ускорение"", spell icon for mind magic, violet psychic rings, thought-wave distortion, subtle eye-like geometry, single-target magical projectile or focused spell sigil, empowering aura, upward motion, quickened rhythm, rank 3, field-proven adventurer gear, reinforced details, readable silhouette, 1024x1024, single isolated fantasy RPG spell icon, centered magical effect or glyph, no caster, no hands, no book page, plain dark or transparent background, sharp painterly detail, readable at small square action-bar and inventory icon size --ar 1:1","text, watermark, logo, signature, blurry, low quality, character portrait, caster silhouette, hands, book page, UI border, flat emoji, simple vector symbol, nsfw"
spells,healing_wave,Волна Исцеления,3,spell,1,1,1:1,icons/items/spells/healing_wave.webp,systems/iron-hills-system/icons/items/spells/healing_wave.webp,true,systems/iron-hills-system/icons/items/spells/healing_wave.webp,"Concept ""Волна Исцеления"", spell icon for light magic, white-gold sacred radiance, clean rays, pearl glow, radial nova ring expanding outward from a bright center, healing energy, gentle restorative pulse, no injury gore, rank 3, field-proven adventurer gear, reinforced details, readable silhouette, 1024x1024, single isolated fantasy RPG spell icon, centered magical effect or glyph, no caster, no hands, no book page, plain dark or transparent background, sharp painterly detail, readable at small square action-bar and inventory icon size --ar 1:1","text, watermark, logo, signature, blurry, low quality, character portrait, caster silhouette, hands, book page, UI border, flat emoji, simple vector symbol, nsfw"
spells,ice_shards,Ледяные Осколки,3,spell,1,1,1:1,icons/items/spells/ice_shards.webp,systems/iron-hills-system/icons/items/spells/ice_shards.webp,true,systems/iron-hills-system/icons/items/spells/ice_shards.webp,"Concept ""Ледяные Осколки"", spell icon for ice magic, cyan frost crystals, cold mist, sharp translucent shards, cluster of several magical shards flying outward, each shard distinct, condition cue: slowed, visually embedded as small runic accent, rank 3, field-proven adventurer gear, reinforced details, readable silhouette, 1024x1024, single isolated fantasy RPG spell icon, centered magical effect or glyph, no caster, no hands, no book page, plain dark or transparent background, sharp painterly detail, readable at small square action-bar and inventory icon size --ar 1:1","text, watermark, logo, signature, blurry, low quality, character portrait, caster silhouette, hands, book page, UI border, flat emoji, simple vector symbol, nsfw"
spells,rock_shards,Каменные Осколки,3,spell,1,1,1:1,icons/items/spells/rock_shards.webp,systems/iron-hills-system/icons/items/spells/rock_shards.webp,true,systems/iron-hills-system/icons/items/spells/rock_shards.webp,"Concept ""Каменные Осколки"", spell icon for earth magic, stone, ochre dust, cracked ground glyph, heavy mineral fragments, cluster of several magical shards flying outward, each shard distinct, pure spell energy, readable magical purpose, rank 3, field-proven adventurer gear, reinforced details, readable silhouette, 1024x1024, single isolated fantasy RPG spell icon, centered magical effect or glyph, no caster, no hands, no book page, plain dark or transparent background, sharp painterly detail, readable at small square action-bar and inventory icon size --ar 1:1","text, watermark, logo, signature, blurry, low quality, character portrait, caster silhouette, hands, book page, UI border, flat emoji, simple vector symbol, nsfw"
spells,summon_skeleton,Призвать Скелета,3,spell,1,1,1:1,icons/items/spells/summon_skeleton.webp,systems/iron-hills-system/icons/items/spells/summon_skeleton.webp,true,systems/iron-hills-system/icons/items/spells/summon_skeleton.webp,"Concept ""Призвать Скелета"", spell icon for summon magic, teal necromantic summoning circle, bone-white motes, binding runes, single-target magical projectile or focused spell sigil, summoning portal, skeletal hint only as tiny glyph silhouette, no full character, rank 3, field-proven adventurer gear, reinforced details, readable silhouette, 1024x1024, single isolated fantasy RPG spell icon, centered magical effect or glyph, no caster, no hands, no book page, plain dark or transparent background, sharp painterly detail, readable at small square action-bar and inventory icon size --ar 1:1","text, watermark, logo, signature, blurry, low quality, character portrait, caster silhouette, hands, book page, UI border, flat emoji, simple vector symbol, nsfw"
spells,thunder_clap,Гром,3,spell,1,1,1:1,icons/items/spells/thunder_clap.webp,systems/iron-hills-system/icons/items/spells/thunder_clap.webp,true,systems/iron-hills-system/icons/items/spells/thunder_clap.webp,"Concept ""Гром"", spell icon for lightning magic, blue-white lightning forks, copper-gold charge, electric halo, fan-shaped cone burst, wide front edge, clear directional sweep, condition cue: pushed, visually embedded as small runic accent, rank 3, field-proven adventurer gear, reinforced details, readable silhouette, 1024x1024, single isolated fantasy RPG spell icon, centered magical effect or glyph, no caster, no hands, no book page, plain dark or transparent background, sharp painterly detail, readable at small square action-bar and inventory icon size --ar 1:1","text, watermark, logo, signature, blurry, low quality, character portrait, caster silhouette, hands, book page, UI border, flat emoji, simple vector symbol, nsfw"
spells,veil_of_dread,Покров ужаса,3,spell,1,1,1:1,icons/items/spells/veil_of_dread.webp,systems/iron-hills-system/icons/items/spells/veil_of_dread.webp,false,systems/iron-hills-system/icons/items/spells/shadow_bolt.webp,"Concept ""Покров ужаса"", a magic spell icon for shadow magic, iron, bronze, seasoned leather and utilitarian workshop finish, centered square inventory composition, single isolated fantasy RPG inventory icon, centered, full object visible, plain dark or transparent background, sharp painterly detail, 1024x1024 --ar 1:1","text, watermark, logo, signature, blurry, low quality, cluttered background, multiple unrelated objects, human hands, human face, nsfw"
spells,banish,Изгнание,4,spell,1,1,1:1,icons/items/spells/banish.webp,systems/iron-hills-system/icons/items/spells/banish.webp,true,systems/iron-hills-system/icons/items/spells/banish.webp,"Concept ""Изгнание"", spell icon for summon magic, teal necromantic summoning circle, bone-white motes, binding runes, single-target magical projectile or focused spell sigil, banishment seal, dissolving hostile spirit outline abstracted, rank 4, professional mercenary quality, polished steel fittings, careful packing, 1024x1024, single isolated fantasy RPG spell icon, centered magical effect or glyph, no caster, no hands, no book page, plain dark or transparent background, sharp painterly detail, readable at small square action-bar and inventory icon size --ar 1:1","text, watermark, logo, signature, blurry, low quality, character portrait, caster silhouette, hands, book page, UI border, flat emoji, simple vector symbol, nsfw"
spells,drain_life,Высасывание Жизни,4,spell,1,1,1:1,icons/items/spells/drain_life.webp,systems/iron-hills-system/icons/items/spells/drain_life.webp,true,systems/iron-hills-system/icons/items/spells/drain_life.webp,"Concept ""Высасывание Жизни"", spell icon for shadow magic, deep violet-black void energy, smoke wisps, cracked darkness, single-target magical projectile or focused spell sigil, crimson shadow siphon, life thread pulled into dark core, rank 4, professional mercenary quality, polished steel fittings, careful packing, 1024x1024, single isolated fantasy RPG spell icon, centered magical effect or glyph, no caster, no hands, no book page, plain dark or transparent background, sharp painterly detail, readable at small square action-bar and inventory icon size --ar 1:1","text, watermark, logo, signature, blurry, low quality, character portrait, caster silhouette, hands, book page, UI border, flat emoji, simple vector symbol, nsfw"
spells,fear,Страх,4,spell,1,1,1:1,icons/items/spells/fear.webp,systems/iron-hills-system/icons/items/spells/fear.webp,true,systems/iron-hills-system/icons/items/spells/fear.webp,"Concept ""Страх"", spell icon for mind magic, violet psychic rings, thought-wave distortion, subtle eye-like geometry, single-target magical projectile or focused spell sigil, constricting aura, downward pressure, hostile control magic, rank 4, professional mercenary quality, polished steel fittings, careful packing, 1024x1024, single isolated fantasy RPG spell icon, centered magical effect or glyph, no caster, no hands, no book page, plain dark or transparent background, sharp painterly detail, readable at small square action-bar and inventory icon size --ar 1:1","text, watermark, logo, signature, blurry, low quality, character portrait, caster silhouette, hands, book page, UI border, flat emoji, simple vector symbol, nsfw"
spells,fireball,Огненный Шар,4,spell,1,1,1:1,icons/items/spells/fireball.webp,systems/iron-hills-system/icons/items/spells/fireball.webp,true,systems/iron-hills-system/icons/items/spells/fireball.webp,"Concept ""Огненный Шар"", spell icon for fire magic, orange-red flame, ember sparks, blackened rim, molten core, circular area blast glyph, ring boundary and impact center, condition cue: burning, visually embedded as small runic accent, rank 4, professional mercenary quality, polished steel fittings, careful packing, 1024x1024, single isolated fantasy RPG spell icon, centered magical effect or glyph, no caster, no hands, no book page, plain dark or transparent background, sharp painterly detail, readable at small square action-bar and inventory icon size --ar 1:1","text, watermark, logo, signature, blurry, low quality, character portrait, caster silhouette, hands, book page, UI border, flat emoji, simple vector symbol, nsfw"
spells,frost_nova,Морозная Вспышка,4,spell,1,1,1:1,icons/items/spells/frost_nova.webp,systems/iron-hills-system/icons/items/spells/frost_nova.webp,true,systems/iron-hills-system/icons/items/spells/frost_nova.webp,"Concept ""Морозная Вспышка"", spell icon for ice magic, cyan frost crystals, cold mist, sharp translucent shards, radial nova ring expanding outward from a bright center, condition cue: stunned, visually embedded as small runic accent, rank 4, professional mercenary quality, polished steel fittings, careful packing, 1024x1024, single isolated fantasy RPG spell icon, centered magical effect or glyph, no caster, no hands, no book page, plain dark or transparent background, sharp painterly detail, readable at small square action-bar and inventory icon size --ar 1:1","text, watermark, logo, signature, blurry, low quality, character portrait, caster silhouette, hands, book page, UI border, flat emoji, simple vector symbol, nsfw"
spells,ironroot_grasp,Хват железного корня,4,spell,1,1,1:1,icons/items/spells/ironroot_grasp.webp,systems/iron-hills-system/icons/items/spells/ironroot_grasp.webp,false,systems/iron-hills-system/icons/items/spells/stone_throw.webp,"Concept ""Хват железного корня"", a magic spell icon for earth magic, tempered steel, polished fittings, subtle guild-quality decoration, centered square inventory composition, single isolated fantasy RPG inventory icon, centered, full object visible, plain dark or transparent background, sharp painterly detail, 1024x1024 --ar 1:1","text, watermark, logo, signature, blurry, low quality, cluttered background, multiple unrelated objects, human hands, human face, nsfw"
spells,storm_javelin,Штормовой дротик,4,spell,1,1,1:1,icons/items/spells/storm_javelin.webp,systems/iron-hills-system/icons/items/spells/storm_javelin.webp,false,systems/iron-hills-system/icons/items/spells/lightning_bolt_spell.webp,"Concept ""Штормовой дротик"", a magic spell icon for lightning magic, tempered steel, polished fittings, subtle guild-quality decoration, centered square inventory composition, single isolated fantasy RPG inventory icon, centered, full object visible, plain dark or transparent background, sharp painterly detail, 1024x1024 --ar 1:1","text, watermark, logo, signature, blurry, low quality, cluttered background, multiple unrelated objects, human hands, human face, nsfw"
spells,warding_sigil,Охранная печать,4,spell,1,1,1:1,icons/items/spells/warding_sigil.webp,systems/iron-hills-system/icons/items/spells/warding_sigil.webp,false,systems/iron-hills-system/icons/items/spells/holy_smite.webp,"Concept ""Охранная печать"", a magic spell icon for light magic, tempered steel, polished fittings, subtle guild-quality decoration, centered square inventory composition, single isolated fantasy RPG inventory icon, centered, full object visible, plain dark or transparent background, sharp painterly detail, 1024x1024 --ar 1:1","text, watermark, logo, signature, blurry, low quality, cluttered background, multiple unrelated objects, human hands, human face, nsfw"
spells,boulder_barrage,Каменный залп,5,spell,1,1,1:1,icons/items/spells/boulder_barrage.webp,systems/iron-hills-system/icons/items/spells/boulder_barrage.webp,false,systems/iron-hills-system/icons/items/spells/stone_throw.webp,"Concept ""Каменный залп"", a magic spell icon for earth magic, tempered steel, polished fittings, subtle guild-quality decoration, centered square inventory composition, single isolated fantasy RPG inventory icon, centered, full object visible, plain dark or transparent background, sharp painterly detail, 1024x1024 --ar 1:1","text, watermark, logo, signature, blurry, low quality, cluttered background, multiple unrelated objects, human hands, human face, nsfw"
spells,chain_lightning,Цепная Молния,5,spell,1,1,1:1,icons/items/spells/chain_lightning.webp,systems/iron-hills-system/icons/items/spells/chain_lightning.webp,true,systems/iron-hills-system/icons/items/spells/chain_lightning.webp,"Concept ""Цепная Молния"", spell icon for lightning magic, blue-white lightning forks, copper-gold charge, electric halo, branching chain arcs between small target sparks, readable bouncing path, condition cue: stunned, visually embedded as small runic accent, rank 5, masterwork guild finish, subtle runes, clean alchemical glass and fine leather, 1024x1024, single isolated fantasy RPG spell icon, centered magical effect or glyph, no caster, no hands, no book page, plain dark or transparent background, sharp painterly detail, readable at small square action-bar and inventory icon size --ar 1:1","text, watermark, logo, signature, blurry, low quality, character portrait, caster silhouette, hands, book page, UI border, flat emoji, simple vector symbol, nsfw"
spells,fire_wall,Стена Огня,5,spell,1,1,1:1,icons/items/spells/fire_wall.webp,systems/iron-hills-system/icons/items/spells/fire_wall.webp,true,systems/iron-hills-system/icons/items/spells/fire_wall.webp,"Concept ""Стена Огня"", spell icon for fire magic, orange-red flame, ember sparks, blackened rim, molten core, long narrow ray or lance of magic crossing the icon diagonally, condition cue: burning, visually embedded as small runic accent, rank 5, masterwork guild finish, subtle runes, clean alchemical glass and fine leather, 1024x1024, single isolated fantasy RPG spell icon, centered magical effect or glyph, no caster, no hands, no book page, plain dark or transparent background, sharp painterly detail, readable at small square action-bar and inventory icon size --ar 1:1","text, watermark, logo, signature, blurry, low quality, character portrait, caster silhouette, hands, book page, UI border, flat emoji, simple vector symbol, nsfw"
spells,glacial_wall,Ледниковая стена,5,spell,1,1,1:1,icons/items/spells/glacial_wall.webp,systems/iron-hills-system/icons/items/spells/glacial_wall.webp,false,systems/iron-hills-system/icons/items/spells/ice_shard.webp,"Concept ""Ледниковая стена"", a magic spell icon for ice magic, tempered steel, polished fittings, subtle guild-quality decoration, centered square inventory composition, single isolated fantasy RPG inventory icon, centered, full object visible, plain dark or transparent background, sharp painterly detail, 1024x1024 --ar 1:1","text, watermark, logo, signature, blurry, low quality, cluttered background, multiple unrelated objects, human hands, human face, nsfw"
spells,mass_slow,Массовое Замедление,5,spell,1,1,1:1,icons/items/spells/mass_slow.webp,systems/iron-hills-system/icons/items/spells/mass_slow.webp,true,systems/iron-hills-system/icons/items/spells/mass_slow.webp,"Concept ""Массовое Замедление"", spell icon for mind magic, violet psychic rings, thought-wave distortion, subtle eye-like geometry, circular area blast glyph, ring boundary and impact center, constricting aura, downward pressure, hostile control magic, rank 5, masterwork guild finish, subtle runes, clean alchemical glass and fine leather, 1024x1024, single isolated fantasy RPG spell icon, centered magical effect or glyph, no caster, no hands, no book page, plain dark or transparent background, sharp painterly detail, readable at small square action-bar and inventory icon size --ar 1:1","text, watermark, logo, signature, blurry, low quality, character portrait, caster silhouette, hands, book page, UI border, flat emoji, simple vector symbol, nsfw"
spells,radiant_chain,Лучистая цепь,5,spell,1,1,1:1,icons/items/spells/radiant_chain.webp,systems/iron-hills-system/icons/items/spells/radiant_chain.webp,false,systems/iron-hills-system/icons/items/spells/holy_smite.webp,"Concept ""Лучистая цепь"", a magic spell icon for light magic, tempered steel, polished fittings, subtle guild-quality decoration, centered square inventory composition, single isolated fantasy RPG inventory icon, centered, full object visible, plain dark or transparent background, sharp painterly detail, 1024x1024 --ar 1:1","text, watermark, logo, signature, blurry, low quality, cluttered background, multiple unrelated objects, human hands, human face, nsfw"
spells,spirit_guardian,Дух-хранитель,5,spell,1,1,1:1,icons/items/spells/spirit_guardian.webp,systems/iron-hills-system/icons/items/spells/spirit_guardian.webp,false,systems/iron-hills-system/icons/items/spells/summon_skeleton.webp,"Concept ""Дух-хранитель"", a magic spell icon for summon magic, tempered steel, polished fittings, subtle guild-quality decoration, centered square inventory composition, single isolated fantasy RPG inventory icon, centered, full object visible, plain dark or transparent background, sharp painterly detail, 1024x1024 --ar 1:1","text, watermark, logo, signature, blurry, low quality, cluttered background, multiple unrelated objects, human hands, human face, nsfw"
spells,void_burst,Взрыв Пустоты,5,spell,1,1,1:1,icons/items/spells/void_burst.webp,systems/iron-hills-system/icons/items/spells/void_burst.webp,true,systems/iron-hills-system/icons/items/spells/void_burst.webp,"Concept ""Взрыв Пустоты"", spell icon for shadow magic, deep violet-black void energy, smoke wisps, cracked darkness, circular area blast glyph, ring boundary and impact center, condition cue: exposed, visually embedded as small runic accent, rank 5, masterwork guild finish, subtle runes, clean alchemical glass and fine leather, 1024x1024, single isolated fantasy RPG spell icon, centered magical effect or glyph, no caster, no hands, no book page, plain dark or transparent background, sharp painterly detail, readable at small square action-bar and inventory icon size --ar 1:1","text, watermark, logo, signature, blurry, low quality, character portrait, caster silhouette, hands, book page, UI border, flat emoji, simple vector symbol, nsfw"
spells,ashen_step,Шаг сквозь угли,6,spell,1,1,1:1,icons/items/spells/ashen_step.webp,systems/iron-hills-system/icons/items/spells/ashen_step.webp,false,systems/iron-hills-system/icons/items/spells/fire_bolt.webp,"Concept ""Шаг сквозь угли"", a magic spell icon for fire magic, mithril, dark iron, rare crystal accents and restrained magical glow, centered square inventory composition, single isolated fantasy RPG inventory icon, centered, full object visible, plain dark or transparent background, sharp painterly detail, 1024x1024 --ar 1:1","text, watermark, logo, signature, blurry, low quality, cluttered background, multiple unrelated objects, human hands, human face, nsfw"
spells,blizzard,Вьюга,6,spell,1,1,1:1,icons/items/spells/blizzard.webp,systems/iron-hills-system/icons/items/spells/blizzard.webp,true,systems/iron-hills-system/icons/items/spells/blizzard.webp,"Concept ""Вьюга"", spell icon for ice magic, cyan frost crystals, cold mist, sharp translucent shards, circular area blast glyph, ring boundary and impact center, condition cue: slowed, visually embedded as small runic accent, rank 6, elite expedition quality, mithril or silver accents, faint magical residue, 1024x1024, single isolated fantasy RPG spell icon, centered magical effect or glyph, no caster, no hands, no book page, plain dark or transparent background, sharp painterly detail, readable at small square action-bar and inventory icon size --ar 1:1","text, watermark, logo, signature, blurry, low quality, character portrait, caster silhouette, hands, book page, UI border, flat emoji, simple vector symbol, nsfw"
spells,divine_wrath,Божественный Гнев,6,spell,1,1,1:1,icons/items/spells/divine_wrath.webp,systems/iron-hills-system/icons/items/spells/divine_wrath.webp,true,systems/iron-hills-system/icons/items/spells/divine_wrath.webp,"Concept ""Божественный Гнев"", spell icon for light magic, white-gold sacred radiance, clean rays, pearl glow, long narrow ray or lance of magic crossing the icon diagonally, condition cue: stunned, visually embedded as small runic accent, rank 6, elite expedition quality, mithril or silver accents, faint magical residue, 1024x1024, single isolated fantasy RPG spell icon, centered magical effect or glyph, no caster, no hands, no book page, plain dark or transparent background, sharp painterly detail, readable at small square action-bar and inventory icon size --ar 1:1","text, watermark, logo, signature, blurry, low quality, character portrait, caster silhouette, hands, book page, UI border, flat emoji, simple vector symbol, nsfw"
spells,mind_lance,Копье разума,6,spell,1,1,1:1,icons/items/spells/mind_lance.webp,systems/iron-hills-system/icons/items/spells/mind_lance.webp,false,systems/iron-hills-system/icons/items/spells/haste_spell.webp,"Concept ""Копье разума"", a magic spell icon for mind magic, mithril, dark iron, rare crystal accents and restrained magical glow, centered square inventory composition, single isolated fantasy RPG inventory icon, centered, full object visible, plain dark or transparent background, sharp painterly detail, 1024x1024 --ar 1:1","text, watermark, logo, signature, blurry, low quality, cluttered background, multiple unrelated objects, human hands, human face, nsfw"
spells,rift_hounds,Гончие разлома,6,spell,1,1,1:1,icons/items/spells/rift_hounds.webp,systems/iron-hills-system/icons/items/spells/rift_hounds.webp,false,systems/iron-hills-system/icons/items/spells/summon_skeleton.webp,"Concept ""Гончие разлома"", a magic spell icon for summon magic, mithril, dark iron, rare crystal accents and restrained magical glow, centered square inventory composition, single isolated fantasy RPG inventory icon, centered, full object visible, plain dark or transparent background, sharp painterly detail, 1024x1024 --ar 1:1","text, watermark, logo, signature, blurry, low quality, cluttered background, multiple unrelated objects, human hands, human face, nsfw"
spells,stone_skin,Каменная кожа,6,spell,1,1,1:1,icons/items/spells/stone_skin.webp,systems/iron-hills-system/icons/items/spells/stone_skin.webp,false,systems/iron-hills-system/icons/items/spells/stone_throw.webp,"Concept ""Каменная кожа"", a magic spell icon for earth magic, mithril, dark iron, rare crystal accents and restrained magical glow, centered square inventory composition, single isolated fantasy RPG inventory icon, centered, full object visible, plain dark or transparent background, sharp painterly detail, 1024x1024 --ar 1:1","text, watermark, logo, signature, blurry, low quality, cluttered background, multiple unrelated objects, human hands, human face, nsfw"
spells,umbral_chains,Теневые цепи,6,spell,1,1,1:1,icons/items/spells/umbral_chains.webp,systems/iron-hills-system/icons/items/spells/umbral_chains.webp,false,systems/iron-hills-system/icons/items/spells/shadow_bolt.webp,"Concept ""Теневые цепи"", a magic spell icon for shadow magic, mithril, dark iron, rare crystal accents and restrained magical glow, centered square inventory composition, single isolated fantasy RPG inventory icon, centered, full object visible, plain dark or transparent background, sharp painterly detail, 1024x1024 --ar 1:1","text, watermark, logo, signature, blurry, low quality, cluttered background, multiple unrelated objects, human hands, human face, nsfw"
spells,voltaic_net,Вольтовая сеть,6,spell,1,1,1:1,icons/items/spells/voltaic_net.webp,systems/iron-hills-system/icons/items/spells/voltaic_net.webp,false,systems/iron-hills-system/icons/items/spells/lightning_bolt_spell.webp,"Concept ""Вольтовая сеть"", a magic spell icon for lightning magic, mithril, dark iron, rare crystal accents and restrained magical glow, centered square inventory composition, single isolated fantasy RPG inventory icon, centered, full object visible, plain dark or transparent background, sharp painterly detail, 1024x1024 --ar 1:1","text, watermark, logo, signature, blurry, low quality, cluttered background, multiple unrelated objects, human hands, human face, nsfw"
spells,banishing_wave,Волна изгнания,7,spell,1,1,1:1,icons/items/spells/banishing_wave.webp,systems/iron-hills-system/icons/items/spells/banishing_wave.webp,false,systems/iron-hills-system/icons/items/spells/summon_skeleton.webp,"Concept ""Волна изгнания"", a magic spell icon for summon magic, mithril, dark iron, rare crystal accents and restrained magical glow, centered square inventory composition, single isolated fantasy RPG inventory icon, centered, full object visible, plain dark or transparent background, sharp painterly detail, 1024x1024 --ar 1:1","text, watermark, logo, signature, blurry, low quality, cluttered background, multiple unrelated objects, human hands, human face, nsfw"
spells,earthquake,Землетрясение,7,spell,1,1,1:1,icons/items/spells/earthquake.webp,systems/iron-hills-system/icons/items/spells/earthquake.webp,true,systems/iron-hills-system/icons/items/spells/earthquake.webp,"Concept ""Землетрясение"", spell icon for earth magic, stone, ochre dust, cracked ground glyph, heavy mineral fragments, circular area blast glyph, ring boundary and impact center, condition cue: prone, visually embedded as small runic accent, rank 7, rare occult workshop craft, dark crystal traces, controlled eerie glow, 1024x1024, single isolated fantasy RPG spell icon, centered magical effect or glyph, no caster, no hands, no book page, plain dark or transparent background, sharp painterly detail, readable at small square action-bar and inventory icon size --ar 1:1","text, watermark, logo, signature, blurry, low quality, character portrait, caster silhouette, hands, book page, UI border, flat emoji, simple vector symbol, nsfw"
spells,memory_cage,Клетка памяти,7,spell,1,1,1:1,icons/items/spells/memory_cage.webp,systems/iron-hills-system/icons/items/spells/memory_cage.webp,false,systems/iron-hills-system/icons/items/spells/haste_spell.webp,"Concept ""Клетка памяти"", a magic spell icon for mind magic, mithril, dark iron, rare crystal accents and restrained magical glow, centered square inventory composition, single isolated fantasy RPG inventory icon, centered, full object visible, plain dark or transparent background, sharp painterly detail, 1024x1024 --ar 1:1","text, watermark, logo, signature, blurry, low quality, cluttered background, multiple unrelated objects, human hands, human face, nsfw"
spells,sanctuary_ring,Кольцо убежища,7,spell,1,1,1:1,icons/items/spells/sanctuary_ring.webp,systems/iron-hills-system/icons/items/spells/sanctuary_ring.webp,false,systems/iron-hills-system/icons/items/spells/holy_smite.webp,"Concept ""Кольцо убежища"", a magic spell icon for light magic, mithril, dark iron, rare crystal accents and restrained magical glow, centered square inventory composition, single isolated fantasy RPG inventory icon, centered, full object visible, plain dark or transparent background, sharp painterly detail, 1024x1024 --ar 1:1","text, watermark, logo, signature, blurry, low quality, cluttered background, multiple unrelated objects, human hands, human face, nsfw"
spells,soul_eclipse,Затмение души,7,spell,1,1,1:1,icons/items/spells/soul_eclipse.webp,systems/iron-hills-system/icons/items/spells/soul_eclipse.webp,false,systems/iron-hills-system/icons/items/spells/shadow_bolt.webp,"Concept ""Затмение души"", a magic spell icon for shadow magic, mithril, dark iron, rare crystal accents and restrained magical glow, centered square inventory composition, single isolated fantasy RPG inventory icon, centered, full object visible, plain dark or transparent background, sharp painterly detail, 1024x1024 --ar 1:1","text, watermark, logo, signature, blurry, low quality, cluttered background, multiple unrelated objects, human hands, human face, nsfw"
spells,thunderstep,Громовой шаг,7,spell,1,1,1:1,icons/items/spells/thunderstep.webp,systems/iron-hills-system/icons/items/spells/thunderstep.webp,false,systems/iron-hills-system/icons/items/spells/lightning_bolt_spell.webp,"Concept ""Громовой шаг"", a magic spell icon for lightning magic, mithril, dark iron, rare crystal accents and restrained magical glow, centered square inventory composition, single isolated fantasy RPG inventory icon, centered, full object visible, plain dark or transparent background, sharp painterly detail, 1024x1024 --ar 1:1","text, watermark, logo, signature, blurry, low quality, cluttered background, multiple unrelated objects, human hands, human face, nsfw"
spells,volcanic_burst,Вулканический выброс,7,spell,1,1,1:1,icons/items/spells/volcanic_burst.webp,systems/iron-hills-system/icons/items/spells/volcanic_burst.webp,false,systems/iron-hills-system/icons/items/spells/fire_bolt.webp,"Concept ""Вулканический выброс"", a magic spell icon for fire magic, mithril, dark iron, rare crystal accents and restrained magical glow, centered square inventory composition, single isolated fantasy RPG inventory icon, centered, full object visible, plain dark or transparent background, sharp painterly detail, 1024x1024 --ar 1:1","text, watermark, logo, signature, blurry, low quality, cluttered background, multiple unrelated objects, human hands, human face, nsfw"
spells,winter_maw,Пасть зимы,7,spell,1,1,1:1,icons/items/spells/winter_maw.webp,systems/iron-hills-system/icons/items/spells/winter_maw.webp,false,systems/iron-hills-system/icons/items/spells/ice_shard.webp,"Concept ""Пасть зимы"", a magic spell icon for ice magic, mithril, dark iron, rare crystal accents and restrained magical glow, centered square inventory composition, single isolated fantasy RPG inventory icon, centered, full object visible, plain dark or transparent background, sharp painterly detail, 1024x1024 --ar 1:1","text, watermark, logo, signature, blurry, low quality, cluttered background, multiple unrelated objects, human hands, human face, nsfw"
spells,crystal_prison,Кристальная тюрьма,8,spell,1,1,1:1,icons/items/spells/crystal_prison.webp,systems/iron-hills-system/icons/items/spells/crystal_prison.webp,false,systems/iron-hills-system/icons/items/spells/ice_shard.webp,"Concept ""Кристальная тюрьма"", a magic spell icon for ice magic, orichalcum, starmetal, ornate heroic craftsmanship and luminous accents, centered square inventory composition, single isolated fantasy RPG inventory icon, centered, full object visible, plain dark or transparent background, sharp painterly detail, 1024x1024 --ar 1:1","text, watermark, logo, signature, blurry, low quality, cluttered background, multiple unrelated objects, human hands, human face, nsfw"
spells,death_whisper,Шепот смерти,8,spell,1,1,1:1,icons/items/spells/death_whisper.webp,systems/iron-hills-system/icons/items/spells/death_whisper.webp,false,systems/iron-hills-system/icons/items/spells/shadow_bolt.webp,"Concept ""Шепот смерти"", a magic spell icon for shadow magic, orichalcum, starmetal, ornate heroic craftsmanship and luminous accents, centered square inventory composition, single isolated fantasy RPG inventory icon, centered, full object visible, plain dark or transparent background, sharp painterly detail, 1024x1024 --ar 1:1","text, watermark, logo, signature, blurry, low quality, cluttered background, multiple unrelated objects, human hands, human face, nsfw"
spells,gate_lock,Замок врат,8,spell,1,1,1:1,icons/items/spells/gate_lock.webp,systems/iron-hills-system/icons/items/spells/gate_lock.webp,false,systems/iron-hills-system/icons/items/spells/summon_skeleton.webp,"Concept ""Замок врат"", a magic spell icon for summon magic, orichalcum, starmetal, ornate heroic craftsmanship and luminous accents, centered square inventory composition, single isolated fantasy RPG inventory icon, centered, full object visible, plain dark or transparent background, sharp painterly detail, 1024x1024 --ar 1:1","text, watermark, logo, signature, blurry, low quality, cluttered background, multiple unrelated objects, human hands, human face, nsfw"
spells,meteor,Метеор,8,spell,1,1,1:1,icons/items/spells/meteor.webp,systems/iron-hills-system/icons/items/spells/meteor.webp,true,systems/iron-hills-system/icons/items/spells/meteor.webp,"Concept ""Метеор"", spell icon for fire magic, orange-red flame, ember sparks, blackened rim, molten core, circular area blast glyph, ring boundary and impact center, condition cue: burning, visually embedded as small runic accent, rank 8, artifact-grade craft, starmetal glints, celestial or void-touched materials, 1024x1024, single isolated fantasy RPG spell icon, centered magical effect or glyph, no caster, no hands, no book page, plain dark or transparent background, sharp painterly detail, readable at small square action-bar and inventory icon size --ar 1:1","text, watermark, logo, signature, blurry, low quality, character portrait, caster silhouette, hands, book page, UI border, flat emoji, simple vector symbol, nsfw"
spells,puppet_panic,Кукольная паника,8,spell,1,1,1:1,icons/items/spells/puppet_panic.webp,systems/iron-hills-system/icons/items/spells/puppet_panic.webp,false,systems/iron-hills-system/icons/items/spells/haste_spell.webp,"Concept ""Кукольная паника"", a magic spell icon for mind magic, orichalcum, starmetal, ornate heroic craftsmanship and luminous accents, centered square inventory composition, single isolated fantasy RPG inventory icon, centered, full object visible, plain dark or transparent background, sharp painterly detail, 1024x1024 --ar 1:1","text, watermark, logo, signature, blurry, low quality, cluttered background, multiple unrelated objects, human hands, human face, nsfw"
spells,sky_spear,Копье небес,8,spell,1,1,1:1,icons/items/spells/sky_spear.webp,systems/iron-hills-system/icons/items/spells/sky_spear.webp,false,systems/iron-hills-system/icons/items/spells/lightning_bolt_spell.webp,"Concept ""Копье небес"", a magic spell icon for lightning magic, orichalcum, starmetal, ornate heroic craftsmanship and luminous accents, centered square inventory composition, single isolated fantasy RPG inventory icon, centered, full object visible, plain dark or transparent background, sharp painterly detail, 1024x1024 --ar 1:1","text, watermark, logo, signature, blurry, low quality, cluttered background, multiple unrelated objects, human hands, human face, nsfw"
spells,sunlance,Солнечное копье,8,spell,1,1,1:1,icons/items/spells/sunlance.webp,systems/iron-hills-system/icons/items/spells/sunlance.webp,false,systems/iron-hills-system/icons/items/spells/holy_smite.webp,"Concept ""Солнечное копье"", a magic spell icon for light magic, orichalcum, starmetal, ornate heroic craftsmanship and luminous accents, centered square inventory composition, single isolated fantasy RPG inventory icon, centered, full object visible, plain dark or transparent background, sharp painterly detail, 1024x1024 --ar 1:1","text, watermark, logo, signature, blurry, low quality, cluttered background, multiple unrelated objects, human hands, human face, nsfw"
spells,tectonic_spear,Тектоническое копье,8,spell,1,1,1:1,icons/items/spells/tectonic_spear.webp,systems/iron-hills-system/icons/items/spells/tectonic_spear.webp,false,systems/iron-hills-system/icons/items/spells/stone_throw.webp,"Concept ""Тектоническое копье"", a magic spell icon for earth magic, orichalcum, starmetal, ornate heroic craftsmanship and luminous accents, centered square inventory composition, single isolated fantasy RPG inventory icon, centered, full object visible, plain dark or transparent background, sharp painterly detail, 1024x1024 --ar 1:1","text, watermark, logo, signature, blurry, low quality, cluttered background, multiple unrelated objects, human hands, human face, nsfw"
spells,astral_binding_circle,Круг Астральных Оков,9,spell,1,1,1:1,icons/items/spells/astral_binding_circle.webp,systems/iron-hills-system/icons/items/spells/astral_binding_circle.webp,true,systems/iron-hills-system/icons/items/spells/astral_binding_circle.webp,"Concept ""Круг Астральных Оков"", spell icon for summon magic, teal necromantic summoning circle, bone-white motes, binding runes, circular area blast glyph, ring boundary and impact center, condition cue: grappled, visually embedded as small runic accent, rank 9, legendary relic quality, ornate sacred geometry, strong but contained aura, 1024x1024, single isolated fantasy RPG spell icon, centered magical effect or glyph, no caster, no hands, no book page, plain dark or transparent background, sharp painterly detail, readable at small square action-bar and inventory icon size --ar 1:1","text, watermark, logo, signature, blurry, low quality, character portrait, caster silhouette, hands, book page, UI border, flat emoji, simple vector symbol, nsfw"
spells,martyr_aegis,Эгида мученика,9,spell,1,1,1:1,icons/items/spells/martyr_aegis.webp,systems/iron-hills-system/icons/items/spells/martyr_aegis.webp,false,systems/iron-hills-system/icons/items/spells/holy_smite.webp,"Concept ""Эгида мученика"", a magic spell icon for light magic, orichalcum, starmetal, ornate heroic craftsmanship and luminous accents, centered square inventory composition, single isolated fantasy RPG inventory icon, centered, full object visible, plain dark or transparent background, sharp painterly detail, 1024x1024 --ar 1:1","text, watermark, logo, signature, blurry, low quality, cluttered background, multiple unrelated objects, human hands, human face, nsfw"
spells,mountain_collapse,Обвал горы,9,spell,1,1,1:1,icons/items/spells/mountain_collapse.webp,systems/iron-hills-system/icons/items/spells/mountain_collapse.webp,false,systems/iron-hills-system/icons/items/spells/stone_throw.webp,"Concept ""Обвал горы"", a magic spell icon for earth magic, orichalcum, starmetal, ornate heroic craftsmanship and luminous accents, centered square inventory composition, single isolated fantasy RPG inventory icon, centered, full object visible, plain dark or transparent background, sharp painterly detail, 1024x1024 --ar 1:1","text, watermark, logo, signature, blurry, low quality, cluttered background, multiple unrelated objects, human hands, human face, nsfw"
spells,nightfall_zone,Зона ночепада,9,spell,1,1,1:1,icons/items/spells/nightfall_zone.webp,systems/iron-hills-system/icons/items/spells/nightfall_zone.webp,false,systems/iron-hills-system/icons/items/spells/shadow_bolt.webp,"Concept ""Зона ночепада"", a magic spell icon for shadow magic, orichalcum, starmetal, ornate heroic craftsmanship and luminous accents, centered square inventory composition, single isolated fantasy RPG inventory icon, centered, full object visible, plain dark or transparent background, sharp painterly detail, 1024x1024 --ar 1:1","text, watermark, logo, signature, blurry, low quality, cluttered background, multiple unrelated objects, human hands, human face, nsfw"
spells,phoenix_brand,Клеймо феникса,9,spell,1,1,1:1,icons/items/spells/phoenix_brand.webp,systems/iron-hills-system/icons/items/spells/phoenix_brand.webp,false,systems/iron-hills-system/icons/items/spells/fire_bolt.webp,"Concept ""Клеймо феникса"", a magic spell icon for fire magic, orichalcum, starmetal, ornate heroic craftsmanship and luminous accents, centered square inventory composition, single isolated fantasy RPG inventory icon, centered, full object visible, plain dark or transparent background, sharp painterly detail, 1024x1024 --ar 1:1","text, watermark, logo, signature, blurry, low quality, cluttered background, multiple unrelated objects, human hands, human face, nsfw"
spells,storm_crown,Корона бури,9,spell,1,1,1:1,icons/items/spells/storm_crown.webp,systems/iron-hills-system/icons/items/spells/storm_crown.webp,false,systems/iron-hills-system/icons/items/spells/lightning_bolt_spell.webp,"Concept ""Корона бури"", a magic spell icon for lightning magic, orichalcum, starmetal, ornate heroic craftsmanship and luminous accents, centered square inventory composition, single isolated fantasy RPG inventory icon, centered, full object visible, plain dark or transparent background, sharp painterly detail, 1024x1024 --ar 1:1","text, watermark, logo, signature, blurry, low quality, cluttered background, multiple unrelated objects, human hands, human face, nsfw"
spells,thought_storm,Буря мыслей,9,spell,1,1,1:1,icons/items/spells/thought_storm.webp,systems/iron-hills-system/icons/items/spells/thought_storm.webp,false,systems/iron-hills-system/icons/items/spells/haste_spell.webp,"Concept ""Буря мыслей"", a magic spell icon for mind magic, orichalcum, starmetal, ornate heroic craftsmanship and luminous accents, centered square inventory composition, single isolated fantasy RPG inventory icon, centered, full object visible, plain dark or transparent background, sharp painterly detail, 1024x1024 --ar 1:1","text, watermark, logo, signature, blurry, low quality, cluttered background, multiple unrelated objects, human hands, human face, nsfw"
spells,whiteout_field,Поле белой мглы,9,spell,1,1,1:1,icons/items/spells/whiteout_field.webp,systems/iron-hills-system/icons/items/spells/whiteout_field.webp,false,systems/iron-hills-system/icons/items/spells/ice_shard.webp,"Concept ""Поле белой мглы"", a magic spell icon for ice magic, orichalcum, starmetal, ornate heroic craftsmanship and luminous accents, centered square inventory composition, single isolated fantasy RPG inventory icon, centered, full object visible, plain dark or transparent background, sharp painterly detail, 1024x1024 --ar 1:1","text, watermark, logo, signature, blurry, low quality, cluttered background, multiple unrelated objects, human hands, human face, nsfw"
spells,absolute_command,Абсолютный приказ,10,spell,1,1,1:1,icons/items/spells/absolute_command.webp,systems/iron-hills-system/icons/items/spells/absolute_command.webp,false,systems/iron-hills-system/icons/items/spells/haste_spell.webp,"Concept ""Абсолютный приказ"", a magic spell icon for mind magic, mythic godsteel, adamant core, reality-bending magical highlights, centered square inventory composition, single isolated fantasy RPG inventory icon, centered, full object visible, plain dark or transparent background, sharp painterly detail, 1024x1024 --ar 1:1","text, watermark, logo, signature, blurry, low quality, cluttered background, multiple unrelated objects, human hands, human face, nsfw"
spells,absolute_zero,Абсолютный ноль,10,spell,1,1,1:1,icons/items/spells/absolute_zero.webp,systems/iron-hills-system/icons/items/spells/absolute_zero.webp,false,systems/iron-hills-system/icons/items/spells/ice_shard.webp,"Concept ""Абсолютный ноль"", a magic spell icon for ice magic, mythic godsteel, adamant core, reality-bending magical highlights, centered square inventory composition, single isolated fantasy RPG inventory icon, centered, full object visible, plain dark or transparent background, sharp painterly detail, 1024x1024 --ar 1:1","text, watermark, logo, signature, blurry, low quality, cluttered background, multiple unrelated objects, human hands, human face, nsfw"
spells,avatar_pact,Договор аватара,10,spell,1,1,1:1,icons/items/spells/avatar_pact.webp,systems/iron-hills-system/icons/items/spells/avatar_pact.webp,false,systems/iron-hills-system/icons/items/spells/summon_skeleton.webp,"Concept ""Договор аватара"", a magic spell icon for summon magic, mythic godsteel, adamant core, reality-bending magical highlights, centered square inventory composition, single isolated fantasy RPG inventory icon, centered, full object visible, plain dark or transparent background, sharp painterly detail, 1024x1024 --ar 1:1","text, watermark, logo, signature, blurry, low quality, cluttered background, multiple unrelated objects, human hands, human face, nsfw"
spells,heavenfall,Небесное Падение,10,spell,1,1,1:1,icons/items/spells/heavenfall.webp,systems/iron-hills-system/icons/items/spells/heavenfall.webp,true,systems/iron-hills-system/icons/items/spells/heavenfall.webp,"Concept ""Небесное Падение"", spell icon for light magic, white-gold sacred radiance, clean rays, pearl glow, circular area blast glyph, ring boundary and impact center, condition cue: stunned, visually embedded as small runic accent, rank 10, mythic relic presence, impossible materials, reality ripple kept subtle, 1024x1024, single isolated fantasy RPG spell icon, centered magical effect or glyph, no caster, no hands, no book page, plain dark or transparent background, sharp painterly detail, readable at small square action-bar and inventory icon size --ar 1:1","text, watermark, logo, signature, blurry, low quality, character portrait, caster silhouette, hands, book page, UI border, flat emoji, simple vector symbol, nsfw"
spells,sunforge_cataclysm,Катаклизм солнечной кузни,10,spell,1,1,1:1,icons/items/spells/sunforge_cataclysm.webp,systems/iron-hills-system/icons/items/spells/sunforge_cataclysm.webp,false,systems/iron-hills-system/icons/items/spells/fire_bolt.webp,"Concept ""Катаклизм солнечной кузни"", a magic spell icon for fire magic, mythic godsteel, adamant core, reality-bending magical highlights, centered square inventory composition, single isolated fantasy RPG inventory icon, centered, full object visible, plain dark or transparent background, sharp painterly detail, 1024x1024 --ar 1:1","text, watermark, logo, signature, blurry, low quality, cluttered background, multiple unrelated objects, human hands, human face, nsfw"
spells,void_judgement,Суд Пустоты,10,spell,1,1,1:1,icons/items/spells/void_judgement.webp,systems/iron-hills-system/icons/items/spells/void_judgement.webp,false,systems/iron-hills-system/icons/items/spells/shadow_bolt.webp,"Concept ""Суд Пустоты"", a magic spell icon for shadow magic, mythic godsteel, adamant core, reality-bending magical highlights, centered square inventory composition, single isolated fantasy RPG inventory icon, centered, full object visible, plain dark or transparent background, sharp painterly detail, 1024x1024 --ar 1:1","text, watermark, logo, signature, blurry, low quality, cluttered background, multiple unrelated objects, human hands, human face, nsfw"
spells,worldbolt,Мировая молния,10,spell,1,1,1:1,icons/items/spells/worldbolt.webp,systems/iron-hills-system/icons/items/spells/worldbolt.webp,false,systems/iron-hills-system/icons/items/spells/lightning_bolt_spell.webp,"Concept ""Мировая молния"", a magic spell icon for lightning magic, mythic godsteel, adamant core, reality-bending magical highlights, centered square inventory composition, single isolated fantasy RPG inventory icon, centered, full object visible, plain dark or transparent background, sharp painterly detail, 1024x1024 --ar 1:1","text, watermark, logo, signature, blurry, low quality, cluttered background, multiple unrelated objects, human hands, human face, nsfw"
spells,worldroot_verdict,Приговор Мирового Корня,10,spell,1,1,1:1,icons/items/spells/worldroot_verdict.webp,systems/iron-hills-system/icons/items/spells/worldroot_verdict.webp,false,systems/iron-hills-system/icons/items/spells/stone_throw.webp,"Concept ""Приговор Мирового Корня"", a magic spell icon for earth magic, mythic godsteel, adamant core, reality-bending magical highlights, centered square inventory composition, single isolated fantasy RPG inventory icon, centered, full object visible, plain dark or transparent background, sharp painterly detail, 1024x1024 --ar 1:1","text, watermark, logo, signature, blurry, low quality, cluttered background, multiple unrelated objects, human hands, human face, nsfw"
throwables,clay_shrapnel_pot,Глиняный осколочный горшок,1,throwable,1,1,1:1,icons/items/throwables/clay_shrapnel_pot.webp,systems/iron-hills-system/icons/items/throwables/clay_shrapnel_pot.webp,true,systems/iron-hills-system/icons/items/throwables/clay_shrapnel_pot.webp,"Concept ""Глиняный осколочный горшок"", sealed clay shrapnel pot with twine fuse, chipped pottery, visible metal shards embedded, impact shards and kinetic fragmentation, circle area cue, humble frontier craft, worn cloth, dull leather, simple clay or iron fittings, balanced square inventory composition, 1024x1024, single isolated fantasy RPG inventory icon, centered, full object visible, transparent or plain dark background, sharp focus, painterly detailed illustration, readable at small Tarkov-style inventory cell size --ar 1:1","text, watermark, logo, signature, blurry, low quality, multiple unrelated objects, cluttered background, human hands, human face, character portrait, modern plastic, hospital equipment, sci-fi device, nsfw"
throwables,throwing_knife_bundle,Связка метательных ножей,1,throwable,1,1,1:1,icons/items/throwables/throwing_knife_bundle.webp,systems/iron-hills-system/icons/items/throwables/throwing_knife_bundle.webp,true,systems/iron-hills-system/icons/items/throwables/throwing_knife_bundle.webp,"Concept ""Связка метательных ножей"", bundle of three throwing knives bound by dark leather cord, balanced steel blades, fan arrangement, impact shards and kinetic fragmentation, single-target cue, humble frontier craft, worn cloth, dull leather, simple clay or iron fittings, balanced square inventory composition, 1024x1024, single isolated fantasy RPG inventory icon, centered, full object visible, transparent or plain dark background, sharp focus, painterly detailed illustration, readable at small Tarkov-style inventory cell size --ar 1:1","text, watermark, logo, signature, blurry, low quality, multiple unrelated objects, cluttered background, human hands, human face, character portrait, modern plastic, hospital equipment, sci-fi device, nsfw"
throwables,fire_oil_flask,Фляга горючего масла,2,throwable,1,1,1:1,icons/items/throwables/fire_oil_flask.webp,systems/iron-hills-system/icons/items/throwables/fire_oil_flask.webp,true,systems/iron-hills-system/icons/items/throwables/fire_oil_flask.webp,"Concept ""Фляга горючего масла"", flask of burning alchemical oil with waxed rag fuse, orange liquid, soot-black glass, contained flame and alchemical heat, circle area cue, reliable guild-apprentice craft, clean seams, bronze pins, functional finish, balanced square inventory composition, 1024x1024, single isolated fantasy RPG inventory icon, centered, full object visible, transparent or plain dark background, sharp focus, painterly detailed illustration, readable at small Tarkov-style inventory cell size --ar 1:1","text, watermark, logo, signature, blurry, low quality, multiple unrelated objects, cluttered background, human hands, human face, character portrait, modern plastic, hospital equipment, sci-fi device, nsfw"
throwables,venom_glass_vial,Стеклянная ядовитая склянка,2,throwable,1,1,1:1,icons/items/throwables/venom_glass_vial.webp,systems/iron-hills-system/icons/items/throwables/venom_glass_vial.webp,true,systems/iron-hills-system/icons/items/throwables/venom_glass_vial.webp,"Concept ""Стеклянная ядовитая склянка"", thin green venom vial in protective wicker cage, skull charm, toxic glow restrained, toxic vapor and venomous green staining, single-target cue, reliable guild-apprentice craft, clean seams, bronze pins, functional finish, balanced square inventory composition, 1024x1024, single isolated fantasy RPG inventory icon, centered, full object visible, transparent or plain dark background, sharp focus, painterly detailed illustration, readable at small Tarkov-style inventory cell size --ar 1:1","text, watermark, logo, signature, blurry, low quality, multiple unrelated objects, cluttered background, human hands, human face, character portrait, modern plastic, hospital equipment, sci-fi device, nsfw"
throwables,thunderstone,Громовой камень,3,throwable,1,1,1:1,icons/items/throwables/thunderstone.webp,systems/iron-hills-system/icons/items/throwables/thunderstone.webp,true,systems/iron-hills-system/icons/items/throwables/thunderstone.webp,"Concept ""Громовой камень"", charged thunderstone wrapped in copper wire, blue-white arcs crawling over rough crystal, crackling charge and copper conductor detail, circle area cue, field-proven adventurer gear, reinforced details, readable silhouette, balanced square inventory composition, 1024x1024, single isolated fantasy RPG inventory icon, centered, full object visible, transparent or plain dark background, sharp focus, painterly detailed illustration, readable at small Tarkov-style inventory cell size --ar 1:1","text, watermark, logo, signature, blurry, low quality, multiple unrelated objects, cluttered background, human hands, human face, character portrait, modern plastic, hospital equipment, sci-fi device, nsfw"
throwables,blessed_water_globe,Сфера освящённой воды,4,throwable,1,1,1:1,icons/items/throwables/blessed_water_globe.webp,systems/iron-hills-system/icons/items/throwables/blessed_water_globe.webp,true,systems/iron-hills-system/icons/items/throwables/blessed_water_globe.webp,"Concept ""Сфера освящённой воды"", clear blessed water globe in brass reliquary cage, pale gold light, sacred wax seal, sacred flare, clean radiance, friendly-fire discipline when applicable, single-target cue, professional mercenary quality, polished steel fittings, careful packing, balanced square inventory composition, 1024x1024, single isolated fantasy RPG inventory icon, centered, full object visible, transparent or plain dark background, sharp focus, painterly detailed illustration, readable at small Tarkov-style inventory cell size --ar 1:1","text, watermark, logo, signature, blurry, low quality, multiple unrelated objects, cluttered background, human hands, human face, character portrait, modern plastic, hospital equipment, sci-fi device, nsfw"
throwables,frostburst_flask,Склянка морозного разрыва,4,throwable,1,1,1:1,icons/items/throwables/frostburst_flask.webp,systems/iron-hills-system/icons/items/throwables/frostburst_flask.webp,true,systems/iron-hills-system/icons/items/throwables/frostburst_flask.webp,"Concept ""Склянка морозного разрыва"", frostburst glass flask, icy blue liquid, hoarfrost crust, sealed with silver cap, cold burst and frost crystal rim, cone area cue, professional mercenary quality, polished steel fittings, careful packing, balanced square inventory composition, 1024x1024, single isolated fantasy RPG inventory icon, centered, full object visible, transparent or plain dark background, sharp focus, painterly detailed illustration, readable at small Tarkov-style inventory cell size --ar 1:1","text, watermark, logo, signature, blurry, low quality, multiple unrelated objects, cluttered background, human hands, human face, character portrait, modern plastic, hospital equipment, sci-fi device, nsfw"
throwables,dragonfire_bomb,Драконья огненная бомба,6,throwable,1,1,1:1,icons/items/throwables/dragonfire_bomb.webp,systems/iron-hills-system/icons/items/throwables/dragonfire_bomb.webp,true,systems/iron-hills-system/icons/items/throwables/dragonfire_bomb.webp,"Concept ""Драконья огненная бомба"", flask of burning alchemical oil with waxed rag fuse, orange liquid, soot-black glass, contained flame and alchemical heat, circle area cue, elite expedition quality, mithril or silver accents, faint magical residue, balanced square inventory composition, 1024x1024, single isolated fantasy RPG inventory icon, centered, full object visible, transparent or plain dark background, sharp focus, painterly detailed illustration, readable at small Tarkov-style inventory cell size --ar 1:1","text, watermark, logo, signature, blurry, low quality, multiple unrelated objects, cluttered background, human hands, human face, character portrait, modern plastic, hospital equipment, sci-fi device, nsfw"
throwables,void_splinter_grenade,Граната осколков Пустоты,8,throwable,1,1,1:1,icons/items/throwables/void_splinter_grenade.webp,systems/iron-hills-system/icons/items/throwables/void_splinter_grenade.webp,true,systems/iron-hills-system/icons/items/throwables/void_splinter_grenade.webp,"Concept ""Граната осколков Пустоты"", void splinter grenade, black glass orb with purple cracks, shard cage, drifting dark motes, void splinters, cursed darkness, unstable occult containment, circle area cue, artifact-grade craft, starmetal glints, celestial or void-touched materials, balanced square inventory composition, 1024x1024, single isolated fantasy RPG inventory icon, centered, full object visible, transparent or plain dark background, sharp focus, painterly detailed illustration, readable at small Tarkov-style inventory cell size --ar 1:1","text, watermark, logo, signature, blurry, low quality, multiple unrelated objects, cluttered background, human hands, human face, character portrait, modern plastic, hospital equipment, sci-fi device, nsfw"
throwables,sunburst_phial,Фиал солнечной вспышки,9,throwable,1,1,1:1,icons/items/throwables/sunburst_phial.webp,systems/iron-hills-system/icons/items/throwables/sunburst_phial.webp,true,systems/iron-hills-system/icons/items/throwables/sunburst_phial.webp,"Concept ""Фиал солнечной вспышки"", clear blessed water globe in brass reliquary cage, pale gold light, sacred wax seal, sacred flare, clean radiance, friendly-fire discipline when applicable, circle area cue, legendary relic quality, ornate sacred geometry, strong but contained aura, balanced square inventory composition, 1024x1024, single isolated fantasy RPG inventory icon, centered, full object visible, transparent or plain dark background, sharp focus, painterly detailed illustration, readable at small Tarkov-style inventory cell size --ar 1:1","text, watermark, logo, signature, blurry, low quality, multiple unrelated objects, cluttered background, human hands, human face, character portrait, modern plastic, hospital equipment, sci-fi device, nsfw"
throwables,genesis_star_bomb,Звёздная бомба Генезиса,10,throwable,1,1,1:1,icons/items/throwables/genesis_star_bomb.webp,systems/iron-hills-system/icons/items/throwables/genesis_star_bomb.webp,true,systems/iron-hills-system/icons/items/throwables/genesis_star_bomb.webp,"Concept ""Звёздная бомба Генезиса"", mythic star bomb, miniature astrolabe casing around luminous star core, impossible prismatic metal, reality-breaking star impact, rare artifact danger, circle area cue, mythic relic presence, impossible materials, reality ripple kept subtle, balanced square inventory composition, 1024x1024, single isolated fantasy RPG inventory icon, centered, full object visible, transparent or plain dark background, sharp focus, painterly detailed illustration, readable at small Tarkov-style inventory cell size --ar 1:1","text, watermark, logo, signature, blurry, low quality, multiple unrelated objects, cluttered background, human hands, human face, character portrait, modern plastic, hospital equipment, sci-fi device, nsfw"
tools,cooking_pot,Котелок,1,tool,1,2,1:2,icons/items/tools/cooking_pot.webp,systems/iron-hills-system/icons/items/tools/cooking_pot.webp,false,systems/iron-hills-system/icons/items/tools/cooking_pot.webp,"Concept ""Котелок"", emphasis handheld toolkit readable silhouette compact bench fold hinges, iron grate kettle pans stacked crates skewers steam, modest worn traveler gear, single isolated fantasy RPG inventory icon, centered, transparent or plain dark background, square composition, sharp focus, painterly detailed illustration. --ar 1:1","text, watermark, logo, signature, blurry, low quality, cluttered warehouse wide shot, multiple objects collage, human face full portrait, holding hands visible, nsfw"
tools,flint_tools,Кремнёвые инструменты,1,tool,1,2,1:2,icons/items/tools/flint_tools.webp,systems/iron-hills-system/icons/items/tools/flint_tools.webp,false,systems/iron-hills-system/icons/items/tools/flint_tools.webp,"Concept ""Кремнёвые инструменты"", emphasis handheld toolkit readable silhouette compact bench fold hinges, vise clamps rulers drawers pegboard folded bench legs sawdust, modest worn traveler gear, single isolated fantasy RPG inventory icon, centered, transparent or plain dark background, square composition, sharp focus, painterly detailed illustration. --ar 1:1","text, watermark, logo, signature, blurry, low quality, cluttered warehouse wide shot, multiple objects collage, human face full portrait, holding hands visible, nsfw"
tools,hunter_butcher_kit,Набор разделки туши,1,tool,1,2,1:2,icons/items/tools/hunter_butcher_kit.webp,systems/iron-hills-system/icons/items/tools/hunter_butcher_kit.webp,false,systems/iron-hills-system/icons/items/tools/hunter_butcher_kit.webp,"Concept ""Набор разделки туши"", a single fantasy crafting or survival tool, rough low-tier materials, worn edges, practical peasant craft, vertical item orientation, single isolated fantasy RPG inventory icon, centered, full object visible, plain dark or transparent background, sharp painterly detail, 768x1536 --ar 1:2","text, watermark, logo, signature, blurry, low quality, cluttered background, multiple unrelated objects, human hands, human face, nsfw"
tools,iron_hammer,Железный молот,1,tool,1,2,1:2,icons/items/tools/iron_hammer.webp,systems/iron-hills-system/icons/items/tools/iron_hammer.webp,false,systems/iron-hills-system/icons/items/tools/iron_hammer.webp,"Concept ""Железный молот"", emphasis handheld toolkit readable silhouette compact bench fold hinges, forge tongs hammer anvil sparks soot, modest worn traveler gear, single isolated fantasy RPG inventory icon, centered, transparent or plain dark background, square composition, sharp focus, painterly detailed illustration. --ar 1:1","text, watermark, logo, signature, blurry, low quality, cluttered warehouse wide shot, multiple objects collage, human face full portrait, holding hands visible, nsfw"
tools,mortar_pestle,Ступка и пестик,1,tool,1,2,1:2,icons/items/tools/mortar_pestle.webp,systems/iron-hills-system/icons/items/tools/mortar_pestle.webp,false,systems/iron-hills-system/icons/items/tools/mortar_pestle.webp,"Concept ""Ступка и пестик"", emphasis handheld toolkit readable silhouette compact bench fold hinges, glass retorts clamps burner coils bottles racks, modest worn traveler gear, single isolated fantasy RPG inventory icon, centered, transparent or plain dark background, square composition, sharp focus, painterly detailed illustration. --ar 1:1","text, watermark, logo, signature, blurry, low quality, cluttered warehouse wide shot, multiple objects collage, human face full portrait, holding hands visible, nsfw"
tools,pickaxe_iron,Железная кирка,1,tool,1,2,1:2,icons/items/tools/pickaxe_iron.webp,systems/iron-hills-system/icons/items/tools/pickaxe_iron.webp,false,systems/iron-hills-system/icons/items/tools/pickaxe_iron.webp,"Concept ""Железная кирка"", emphasis handheld toolkit readable silhouette compact bench fold hinges, pickaxe drill brace crank cables reinforcement plate, modest worn traveler gear, single isolated fantasy RPG inventory icon, centered, transparent or plain dark background, square composition, sharp focus, painterly detailed illustration. --ar 1:1","text, watermark, logo, signature, blurry, low quality, cluttered warehouse wide shot, multiple objects collage, human face full portrait, holding hands visible, nsfw"
tools,alch_kit,Алхимический набор,2,tool,1,2,1:2,icons/items/tools/alch_kit.webp,systems/iron-hills-system/icons/items/tools/alch_kit.webp,false,systems/iron-hills-system/icons/items/tools/alch_kit.webp,"Concept ""Алхимический набор"", emphasis handheld toolkit readable silhouette compact bench fold hinges, glass retorts clamps burner coils bottles racks, reliable soldier surplus quality, single isolated fantasy RPG inventory icon, centered, transparent or plain dark background, square composition, sharp focus, painterly detailed illustration. --ar 1:1","text, watermark, logo, signature, blurry, low quality, cluttered warehouse wide shot, multiple objects collage, human face full portrait, holding hands visible, nsfw"
tools,field_butcher_roll,Скрутка полевого мясника,2,tool,1,2,1:2,icons/items/tools/field_butcher_roll.webp,systems/iron-hills-system/icons/items/tools/field_butcher_roll.webp,false,systems/iron-hills-system/icons/items/tools/field_butcher_roll.webp,"Concept ""Скрутка полевого мясника"", a single fantasy crafting or survival tool, iron, bronze, seasoned leather and utilitarian workshop finish, vertical item orientation, single isolated fantasy RPG inventory icon, centered, full object visible, plain dark or transparent background, sharp painterly detail, 768x1536 --ar 1:2","text, watermark, logo, signature, blurry, low quality, cluttered background, multiple unrelated objects, human hands, human face, nsfw"
tools,master_tools,Инструменты мастера,2,tool,1,2,1:2,icons/items/tools/master_tools.webp,systems/iron-hills-system/icons/items/tools/master_tools.webp,false,systems/iron-hills-system/icons/items/tools/master_tools.webp,"Concept ""Инструменты мастера"", emphasis handheld toolkit readable silhouette compact bench fold hinges, vise clamps rulers drawers pegboard folded bench legs sawdust, reliable soldier surplus quality, single isolated fantasy RPG inventory icon, centered, transparent or plain dark background, square composition, sharp focus, painterly detailed illustration. --ar 1:1","text, watermark, logo, signature, blurry, low quality, cluttered warehouse wide shot, multiple objects collage, human face full portrait, holding hands visible, nsfw"
tools,pickaxe_steel,Стальная кирка,2,tool,1,2,1:2,icons/items/tools/pickaxe_steel.webp,systems/iron-hills-system/icons/items/tools/pickaxe_steel.webp,false,systems/iron-hills-system/icons/items/tools/pickaxe_steel.webp,"Concept ""Стальная кирка"", emphasis handheld toolkit readable silhouette compact bench fold hinges, pickaxe drill brace crank cables reinforcement plate, reliable soldier surplus quality, single isolated fantasy RPG inventory icon, centered, transparent or plain dark background, square composition, sharp focus, painterly detailed illustration. --ar 1:1","text, watermark, logo, signature, blurry, low quality, cluttered warehouse wide shot, multiple objects collage, human face full portrait, holding hands visible, nsfw"
tools,steel_hammer,Стальной молот,2,tool,1,2,1:2,icons/items/tools/steel_hammer.webp,systems/iron-hills-system/icons/items/tools/steel_hammer.webp,false,systems/iron-hills-system/icons/items/tools/steel_hammer.webp,"Concept ""Стальной молот"", emphasis handheld toolkit readable silhouette compact bench fold hinges, forge tongs hammer anvil sparks soot, reliable soldier surplus quality, single isolated fantasy RPG inventory icon, centered, transparent or plain dark background, square composition, sharp focus, painterly detailed illustration. --ar 1:1","text, watermark, logo, signature, blurry, low quality, cluttered warehouse wide shot, multiple objects collage, human face full portrait, holding hands visible, nsfw"
tools,bronze_brazier_set,Бронзовый жаровенный набор,3,tool,1,2,1:2,icons/items/tools/bronze_brazier_set.webp,systems/iron-hills-system/icons/items/tools/bronze_brazier_set.webp,false,systems/iron-hills-system/icons/items/tools/bronze_brazier_set.webp,"Concept ""Бронзовый жаровенный набор"", emphasis handheld toolkit readable silhouette compact bench fold hinges, iron grate kettle pans stacked crates skewers steam, guild craftsman upgraded fittings, single isolated fantasy RPG inventory icon, centered, transparent or plain dark background, square composition, sharp focus, painterly detailed illustration. Жаровня на треноге и котлы для полевых отрядов — база перед сборкой большой кухни на салазках.. --ar 1:1","text, watermark, logo, signature, blurry, low quality, cluttered warehouse wide shot, multiple objects collage, human face full portrait, holding hands visible, nsfw"
tools,dwarven_hammer,Гномий молот,3,tool,1,2,1:2,icons/items/tools/dwarven_hammer.webp,systems/iron-hills-system/icons/items/tools/dwarven_hammer.webp,false,systems/iron-hills-system/icons/items/tools/dwarven_hammer.webp,"Concept ""Гномий молот"", emphasis handheld toolkit readable silhouette compact bench fold hinges, forge tongs hammer anvil sparks soot, guild craftsman upgraded fittings, single isolated fantasy RPG inventory icon, centered, transparent or plain dark background, square composition, sharp focus, painterly detailed illustration. --ar 1:1","text, watermark, logo, signature, blurry, low quality, cluttered warehouse wide shot, multiple objects collage, human face full portrait, holding hands visible, nsfw"
tools,fold_sawhorse_pair,Пара складных козёл,3,tool,1,2,1:2,icons/items/tools/fold_sawhorse_pair.webp,systems/iron-hills-system/icons/items/tools/fold_sawhorse_pair.webp,false,systems/iron-hills-system/icons/items/tools/fold_sawhorse_pair.webp,"Concept ""Пара складных козёл"", emphasis handheld toolkit readable silhouette compact bench fold hinges, vise clamps rulers drawers pegboard folded bench legs sawdust, guild craftsman upgraded fittings, single isolated fantasy RPG inventory icon, centered, transparent or plain dark background, square composition, sharp focus, painterly detailed illustration. Для распила и сборки заготовок в полевых условиях.. --ar 1:1","text, watermark, logo, signature, blurry, low quality, cluttered warehouse wide shot, multiple objects collage, human face full portrait, holding hands visible, nsfw"
tools,grand_alch_kit,Большая алхим. лаб.,3,tool,1,2,1:2,icons/items/tools/grand_alch_kit.webp,systems/iron-hills-system/icons/items/tools/grand_alch_kit.webp,false,systems/iron-hills-system/icons/items/tools/grand_alch_kit.webp,"Concept ""Большая алхим. лаб."", emphasis handheld toolkit readable silhouette compact bench fold hinges, glass retorts clamps burner coils bottles racks, guild craftsman upgraded fittings, single isolated fantasy RPG inventory icon, centered, transparent or plain dark background, square composition, sharp focus, painterly detailed illustration. --ar 1:1","text, watermark, logo, signature, blurry, low quality, cluttered warehouse wide shot, multiple objects collage, human face full portrait, holding hands visible, nsfw"
tools,travel_anvil_kit,Дорожная наковальня в ящике,3,tool,1,2,1:2,icons/items/tools/travel_anvil_kit.webp,systems/iron-hills-system/icons/items/tools/travel_anvil_kit.webp,false,systems/iron-hills-system/icons/items/tools/travel_anvil_kit.webp,"Concept ""Дорожная наковальня в ящике"", emphasis bulky wagon planks reinforced hinges straps draft-animal towing cues, forge tongs hammer anvil sparks soot, guild craftsman upgraded fittings, single isolated fantasy RPG inventory icon, centered, transparent or plain dark background, square composition, sharp focus, painterly detailed illustration. Складная наковальня и малый горн в деревянном коробе. Тянет упряжка или два крепких грузчика.. --ar 1:1","text, watermark, logo, signature, blurry, low quality, cluttered warehouse wide shot, multiple objects collage, human face full portrait, holding hands visible, nsfw"
tools,deep_drill_brace,Шахтёрский бурильный станок,4,tool,1,2,1:2,icons/items/tools/deep_drill_brace.webp,systems/iron-hills-system/icons/items/tools/deep_drill_brace.webp,false,systems/iron-hills-system/icons/items/tools/deep_drill_brace.webp,"Concept ""Шахтёрский бурильный станок"", emphasis bulky wagon planks reinforced hinges straps draft-animal towing cues, pickaxe drill brace crank cables reinforcement plate, merchant caravan rugged prestige, single isolated fantasy RPG inventory icon, centered, transparent or plain dark background, square composition, sharp focus, painterly detailed illustration. Ручная дрель на станине для узких штолен.. --ar 1:1","text, watermark, logo, signature, blurry, low quality, cluttered warehouse wide shot, multiple objects collage, human face full portrait, holding hands visible, nsfw"
tools,field_kitchen_cart,Полевая кухня на салазках,4,tool,1,2,1:2,icons/items/tools/field_kitchen_cart.webp,systems/iron-hills-system/icons/items/tools/field_kitchen_cart.webp,false,systems/iron-hills-system/icons/items/tools/field_kitchen_cart.webp,"Concept ""Полевая кухня на салазках"", emphasis massive ox-cart wheels timber beams ropes sweat gloss metal enormous portable forge silhouette, iron grate kettle pans stacked crates skewers steam, merchant caravan rugged prestige, single isolated fantasy RPG inventory icon, centered, transparent or plain dark background, square composition, sharp focus, painterly detailed illustration. Плита, жаровня и ящик для продуктов. Нужна лошадь или несколько грузоносцев.. --ar 1:1","text, watermark, logo, signature, blurry, low quality, cluttered warehouse wide shot, multiple objects collage, human face full portrait, holding hands visible, nsfw"
tools,folding_alchemy_bench,Складной алхимический стол,4,tool,1,2,1:2,icons/items/tools/folding_alchemy_bench.webp,systems/iron-hills-system/icons/items/tools/folding_alchemy_bench.webp,false,systems/iron-hills-system/icons/items/tools/folding_alchemy_bench.webp,"Concept ""Складной алхимический стол"", emphasis bulky wagon planks reinforced hinges straps draft-animal towing cues, glass retorts clamps burner coils bottles racks, merchant caravan rugged prestige, single isolated fantasy RPG inventory icon, centered, transparent or plain dark background, square composition, sharp focus, painterly detailed illustration. Стойки, зажимы и подставки под колбы складываются в один ящик.. --ar 1:1","text, watermark, logo, signature, blurry, low quality, cluttered warehouse wide shot, multiple objects collage, human face full portrait, holding hands visible, nsfw"
tools,portable_smith_kit,Переносная кузница,4,tool,1,2,1:2,icons/items/tools/portable_smith_kit.webp,systems/iron-hills-system/icons/items/tools/portable_smith_kit.webp,false,systems/iron-hills-system/icons/items/tools/portable_smith_kit.webp,"Concept ""Переносная кузница"", emphasis massive ox-cart wheels timber beams ropes sweat gloss metal enormous portable forge silhouette, forge tongs hammer anvil sparks soot, merchant caravan rugged prestige, single isolated fantasy RPG inventory icon, centered, transparent or plain dark background, square composition, sharp focus, painterly detailed illustration. Горн, малая наковальня и салазки. Выставляется за час; перевозится на телеге или двух быках.. --ar 1:1","text, watermark, logo, signature, blurry, low quality, cluttered warehouse wide shot, multiple objects collage, human face full portrait, holding hands visible, nsfw"
tools,master_artisans_cart,Стол ремесленника на колёсах,5,tool,1,2,1:2,icons/items/tools/master_artisans_cart.webp,systems/iron-hills-system/icons/items/tools/master_artisans_cart.webp,false,systems/iron-hills-system/icons/items/tools/master_artisans_cart.webp,"Concept ""Стол ремесленника на колёсах"", emphasis massive ox-cart wheels timber beams ropes sweat gloss metal enormous portable forge silhouette, vise clamps rulers drawers pegboard folded bench legs sawdust, noble artisan embossed fittings, single isolated fantasy RPG inventory icon, centered, transparent or plain dark background, square composition, sharp focus, painterly detailed illustration. Ящики с оснасткой для столярки, кожи и мелкой ковки в одном фургончике.. --ar 1:1","text, watermark, logo, signature, blurry, low quality, cluttered warehouse wide shot, multiple objects collage, human face full portrait, holding hands visible, nsfw"
tools,steam_evaporator_kit,Паровая перегонная установка,6,tool,1,2,1:2,icons/items/tools/steam_evaporator_kit.webp,systems/iron-hills-system/icons/items/tools/steam_evaporator_kit.webp,false,systems/iron-hills-system/icons/items/tools/steam_evaporator_kit.webp,"Concept ""Паровая перегонная установка"", emphasis massive ox-cart wheels timber beams ropes sweat gloss metal enormous portable forge silhouette, glass retorts clamps burner coils bottles racks, elite siege train officer workshop, single isolated fantasy RPG inventory icon, centered, transparent or plain dark background, square composition, sharp focus, painterly detailed illustration. Медные змеевики и котёл; тяжёл, зато чистые фракции.. --ar 1:1","text, watermark, logo, signature, blurry, low quality, cluttered warehouse wide shot, multiple objects collage, human face full portrait, holding hands visible, nsfw"
tools,tunnel_jack_system,Комплект туннельных лесов,6,tool,1,2,1:2,icons/items/tools/tunnel_jack_system.webp,systems/iron-hills-system/icons/items/tools/tunnel_jack_system.webp,false,systems/iron-hills-system/icons/items/tools/tunnel_jack_system.webp,"Concept ""Комплект туннельных лесов"", emphasis massive ox-cart wheels timber beams ropes sweat gloss metal enormous portable forge silhouette, pickaxe drill brace crank cables reinforcement plate, elite siege train officer workshop, single isolated fantasy RPG inventory icon, centered, transparent or plain dark background, square composition, sharp focus, painterly detailed illustration. Распорки и лебёдка для укрепления забоя.. --ar 1:1","text, watermark, logo, signature, blurry, low quality, cluttered warehouse wide shot, multiple objects collage, human face full portrait, holding hands visible, nsfw"
tools,wagon_forge,Кузница на колёсах,6,tool,1,2,1:2,icons/items/tools/wagon_forge.webp,systems/iron-hills-system/icons/items/tools/wagon_forge.webp,false,systems/iron-hills-system/icons/items/tools/wagon_forge.webp,"Concept ""Кузница на колёсах"", emphasis massive ox-cart wheels timber beams ropes sweat gloss metal enormous portable forge silhouette, forge tongs hammer anvil sparks soot, elite siege train officer workshop, single isolated fantasy RPG inventory icon, centered, transparent or plain dark background, square composition, sharp focus, painterly detailed illustration. Полноценный горн и средняя наковальня на двухосяном тележном ходу. Обычно тянет пара мулов или один упряжный зверь.. --ar 1:1","text, watermark, logo, signature, blurry, low quality, cluttered warehouse wide shot, multiple objects collage, human face full portrait, holding hands visible, nsfw"
tools,alchemical_caravan_lab,Караванная алхимлаборатория,7,tool,1,2,1:2,icons/items/tools/alchemical_caravan_lab.webp,systems/iron-hills-system/icons/items/tools/alchemical_caravan_lab.webp,false,systems/iron-hills-system/icons/items/tools/alchemical_caravan_lab.webp,"Concept ""Караванная алхимлаборатория"", emphasis massive ox-cart wheels timber beams ropes sweat gloss metal enormous portable forge silhouette, glass retorts clamps burner coils bottles racks, rare siege caravan engineered spectacle, single isolated fantasy RPG inventory icon, centered, transparent or plain dark background, square composition, sharp focus, painterly detailed illustration. Два стола, витражи с реагентами и фиксация колб — груз на фургон.. --ar 1:1","text, watermark, logo, signature, blurry, low quality, cluttered warehouse wide shot, multiple objects collage, human face full portrait, holding hands visible, nsfw"
tools,siege_anvil_cart,Осадная переносная кузница,7,tool,1,2,1:2,icons/items/tools/siege_anvil_cart.webp,systems/iron-hills-system/icons/items/tools/siege_anvil_cart.webp,false,systems/iron-hills-system/icons/items/tools/siege_anvil_cart.webp,"Concept ""Осадная переносная кузница"", emphasis massive ox-cart wheels timber beams ropes sweat gloss metal enormous portable forge silhouette, forge tongs hammer anvil sparks soot, rare siege caravan engineered spectacle, single isolated fantasy RPG inventory icon, centered, transparent or plain dark background, square composition, sharp focus, painterly detailed illustration. Массивная наковальня и усиленный горн на четырёх колёсах. Тянет упряж четырёх волов или один крупный гуманоид.. --ar 1:1","text, watermark, logo, signature, blurry, low quality, cluttered warehouse wide shot, multiple objects collage, human face full portrait, holding hands visible, nsfw"
tools,runic_fold_forge,Руническая складная горн-тень,8,tool,1,2,1:2,icons/items/tools/runic_fold_forge.webp,systems/iron-hills-system/icons/items/tools/runic_fold_forge.webp,false,systems/iron-hills-system/icons/items/tools/runic_fold_forge.webp,"Concept ""Руническая складная горн-тень"", emphasis massive ox-cart wheels timber beams ropes sweat gloss metal enormous portable forge silhouette, forge tongs hammer anvil sparks soot, starmetal accents artifact hints, single isolated fantasy RPG inventory icon, centered, transparent or plain dark background, square composition, sharp focus, painterly detailed illustration. Магически облегчённая рама: вес меньше обычного, но всё ещё не для рюкзака одного человека.. --ar 1:1","text, watermark, logo, signature, blurry, low quality, cluttered warehouse wide shot, multiple objects collage, human face full portrait, holding hands visible, nsfw"
tools,starforge_manifest,Проявитель звёздной кузницы,9,tool,1,2,1:2,icons/items/tools/starforge_manifest.webp,systems/iron-hills-system/icons/items/tools/starforge_manifest.webp,false,systems/iron-hills-system/icons/items/tools/starforge_manifest.webp,"Concept ""Проявитель звёздной кузницы"", emphasis massive ox-cart wheels timber beams ropes sweat gloss metal enormous portable forge silhouette, forge tongs hammer anvil sparks soot, legendary planar shimmer restrained, single isolated fantasy RPG inventory icon, centered, transparent or plain dark background, square composition, sharp focus, painterly detailed illustration. Кристаллы-якоря разворачивают временный горн из сгустка тепла и света.. --ar 1:1","text, watermark, logo, signature, blurry, low quality, cluttered warehouse wide shot, multiple objects collage, human face full portrait, holding hands visible, nsfw"
tools,worldroot_workshop_seed,Семя мастерской Мирового Корня,10,tool,1,2,1:2,icons/items/tools/worldroot_workshop_seed.webp,systems/iron-hills-system/icons/items/tools/worldroot_workshop_seed.webp,false,systems/iron-hills-system/icons/items/tools/worldroot_workshop_seed.webp,"Concept ""Семя мастерской Мирового Корня"", a single fantasy crafting or survival tool, mythic godsteel, adamant core, reality-bending magical highlights, vertical item orientation, single isolated fantasy RPG inventory icon, centered, full object visible, plain dark or transparent background, sharp painterly detail, 768x1536 --ar 1:2","text, watermark, logo, signature, blurry, low quality, cluttered background, multiple unrelated objects, human hands, human face, nsfw"
weapons,copper_axe,Медный топор,1,weapon,1,2,1:2,icons/items/weapons/copper_axe.webp,systems/iron-hills-system/icons/items/weapons/copper_axe.webp,true,systems/iron-hills-system/icons/items/weapons/copper_axe.webp,"Concept of ""Медный топор"", a single fantasy hand axe, single-bit head, wooden haft, iron banding, made of rough copper, crude bronze, untreated wood, tied with sinew, worn, scratched, chipped edge, peasant militia tool, vertical orientation, isolated single object, transparent or plain dark background, centered, full item visible, side view, no human, no hands, sharp focus, high detail, painterly style, fantasy item icon, soft rim light, slight specular highlights, 768x1536, dim warm campfire light --ar 1:2","text, watermark, logo, signature, blurry, low quality, multiple objects, hands, person, character, perspective distortion, cluttered background, horizontal layout, sideways, nsfw"
weapons,copper_knife,Медный нож,1,weapon,1,2,1:2,icons/items/weapons/copper_knife.webp,systems/iron-hills-system/icons/items/weapons/copper_knife.webp,true,systems/iron-hills-system/icons/items/weapons/copper_knife.webp,"Concept of ""Медный нож"", a single fantasy combat knife / dagger, leaf-shaped blade, full tang, leather-wrapped grip, made of rough copper, crude bronze, untreated wood, tied with sinew, worn, scratched, chipped edge, peasant militia tool, vertical orientation, isolated single object, transparent or plain dark background, centered, full item visible, side view, no human, no hands, sharp focus, high detail, painterly style, fantasy item icon, soft rim light, slight specular highlights, 768x1536, dim warm campfire light --ar 1:2","text, watermark, logo, signature, blurry, low quality, multiple objects, hands, person, character, perspective distortion, cluttered background, horizontal layout, sideways, nsfw"
weapons,copper_mace,Медная булава,1,weapon,1,2,1:2,icons/items/weapons/copper_mace.webp,systems/iron-hills-system/icons/items/weapons/copper_mace.webp,true,systems/iron-hills-system/icons/items/weapons/copper_mace.webp,"Concept of ""Медная булава"", a single fantasy mace, flanged head, short metal haft, leather grip, made of rough copper, crude bronze, untreated wood, tied with sinew, worn, scratched, chipped edge, peasant militia tool, vertical orientation, isolated single object, transparent or plain dark background, centered, full item visible, side view, no human, no hands, sharp focus, high detail, painterly style, fantasy item icon, soft rim light, slight specular highlights, 768x1536, dim warm campfire light --ar 1:2","text, watermark, logo, signature, blurry, low quality, multiple objects, hands, person, character, perspective distortion, cluttered background, horizontal layout, sideways, nsfw"
weapons,copper_spear,Медное копьё,1,weapon,1,4,1:4,icons/items/weapons/copper_spear.webp,systems/iron-hills-system/icons/items/weapons/copper_spear.webp,true,systems/iron-hills-system/icons/items/weapons/copper_spear.webp,"Concept of ""Медное копьё"", a single fantasy spear, long straight shaft, leaf-shaped spearhead, bound with leather strap, made of rough copper, crude bronze, untreated wood, tied with sinew, worn, scratched, chipped edge, peasant militia tool, extreme vertical orientation, weapon pointing up, full length visible top-to-bottom, isolated single object, transparent or plain dark background, centered, full item visible, side view, no human, no hands, sharp focus, high detail, painterly style, fantasy item icon, soft rim light, slight specular highlights, 384x1536, dim warm campfire light --ar 1:4","text, watermark, logo, signature, blurry, low quality, multiple objects, hands, person, character, perspective distortion, cluttered background, horizontal layout, sideways, nsfw"
weapons,copper_sword,Медный меч,1,weapon,1,3,1:3,icons/items/weapons/copper_sword.webp,systems/iron-hills-system/icons/items/weapons/copper_sword.webp,true,systems/iron-hills-system/icons/items/weapons/copper_sword.webp,"Concept of ""Медный меч"", a single fantasy arming sword, straight double-edged blade, cross guard, leather-wrapped grip, made of rough copper, crude bronze, untreated wood, tied with sinew, worn, scratched, chipped edge, peasant militia tool, vertical orientation, weapon pointing up, isolated single object, transparent or plain dark background, centered, full item visible, side view, no human, no hands, sharp focus, high detail, painterly style, fantasy item icon, soft rim light, slight specular highlights, 512x1536, dim warm campfire light --ar 1:3","text, watermark, logo, signature, blurry, low quality, multiple objects, hands, person, character, perspective distortion, cluttered background, horizontal layout, sideways, nsfw"
weapons,hand_crossbow,Ручной арбалет,1,weapon,1,2,1:2,icons/items/weapons/hand_crossbow.webp,systems/iron-hills-system/icons/items/weapons/hand_crossbow.webp,true,systems/iron-hills-system/icons/items/weapons/hand_crossbow.webp,"Concept of ""Ручной арбалет"", a single fantasy crossbow, wooden tiller with steel limbs, intricate trigger mechanism, no bolt loaded, made of rough copper, crude bronze, untreated wood, tied with sinew, worn, scratched, chipped edge, peasant militia tool, vertical orientation, isolated single object, transparent or plain dark background, centered, full item visible, side view, no human, no hands, sharp focus, high detail, painterly style, fantasy item icon, soft rim light, slight specular highlights, 768x1536, dim warm campfire light --ar 1:2","text, watermark, logo, signature, blurry, low quality, multiple objects, hands, person, character, perspective distortion, cluttered background, horizontal layout, sideways, nsfw"
weapons,short_bow,Короткий лук,1,weapon,1,3,1:3,icons/items/weapons/short_bow.webp,systems/iron-hills-system/icons/items/weapons/short_bow.webp,true,systems/iron-hills-system/icons/items/weapons/short_bow.webp,"Concept of ""Короткий лук"", a single fantasy longbow, recurve limbs, drawstring, no arrow nocked, made of rough copper, crude bronze, untreated wood, tied with sinew, worn, scratched, chipped edge, peasant militia tool, vertical orientation, weapon pointing up, isolated single object, transparent or plain dark background, centered, full item visible, side view, no human, no hands, sharp focus, high detail, painterly style, fantasy item icon, soft rim light, slight specular highlights, 512x1536, dim warm campfire light --ar 1:3","text, watermark, logo, signature, blurry, low quality, multiple objects, hands, person, character, perspective distortion, cluttered background, horizontal layout, sideways, nsfw"
weapons,throwing_stones,Метательные камни,1,weapon,1,1,1:1,icons/items/weapons/throwing_stones.webp,systems/iron-hills-system/icons/items/weapons/throwing_stones.webp,true,systems/iron-hills-system/icons/items/weapons/throwing_stones.webp,"Concept of ""Метательные камни"", a set of three fantasy throwing daggers / chakrams arranged in a fan, balanced, identical, made of rough copper, crude bronze, untreated wood, tied with sinew, worn, scratched, chipped edge, peasant militia tool, fan layout, balanced composition, isolated single object, transparent or plain dark background, centered, full item visible, side view, no human, no hands, sharp focus, high detail, painterly style, fantasy item icon, soft rim light, slight specular highlights, 1024x1024, dim warm campfire light --ar 1:1","text, watermark, logo, signature, blurry, low quality, multiple objects, hands, person, character, perspective distortion, cluttered background, horizontal layout, sideways, nsfw"
weapons,wooden_staff,Деревянный посох,1,weapon,1,4,1:4,icons/items/weapons/wooden_staff.webp,systems/iron-hills-system/icons/items/weapons/wooden_staff.webp,true,systems/iron-hills-system/icons/items/weapons/wooden_staff.webp,"Concept of ""Деревянный посох"", a single fantasy wizard's staff, tall straight pole, ornamented head, no orb floating, made of rough copper, crude bronze, untreated wood, tied with sinew, worn, scratched, chipped edge, peasant militia tool, extreme vertical orientation, weapon pointing up, full length visible top-to-bottom, isolated single object, transparent or plain dark background, centered, full item visible, side view, no human, no hands, sharp focus, high detail, painterly style, fantasy item icon, soft rim light, slight specular highlights, 384x1536, dim warm campfire light --ar 1:4","text, watermark, logo, signature, blurry, low quality, multiple objects, hands, person, character, perspective distortion, cluttered background, horizontal layout, sideways, nsfw"
weapons,bronze_axe,Бронзовый топор,2,weapon,1,2,1:2,icons/items/weapons/bronze_axe.webp,systems/iron-hills-system/icons/items/weapons/bronze_axe.webp,true,systems/iron-hills-system/icons/items/weapons/bronze_axe.webp,"Concept of ""Бронзовый топор"", a single fantasy hand axe, single-bit head, wooden haft, iron banding, made of bronze fittings, oak wood, tin rivets, rough leather wrap, tribal, hand-forged, well-used, vertical orientation, isolated single object, transparent or plain dark background, centered, full item visible, side view, no human, no hands, sharp focus, high detail, painterly style, fantasy item icon, soft rim light, slight specular highlights, 768x1536, neutral daylight --ar 1:2","text, watermark, logo, signature, blurry, low quality, multiple objects, hands, person, character, perspective distortion, cluttered background, horizontal layout, sideways, nsfw"
weapons,bronze_flail,Бронзовый кистень,2,weapon,1,2,1:2,icons/items/weapons/bronze_flail.webp,systems/iron-hills-system/icons/items/weapons/bronze_flail.webp,true,systems/iron-hills-system/icons/items/weapons/bronze_flail.webp,"Concept of ""Бронзовый кистень"", a single fantasy flail, spiked metal ball on chain, wooden grip, dangerous looking, made of bronze fittings, oak wood, tin rivets, rough leather wrap, tribal, hand-forged, well-used, vertical orientation, isolated single object, transparent or plain dark background, centered, full item visible, side view, no human, no hands, sharp focus, high detail, painterly style, fantasy item icon, soft rim light, slight specular highlights, 768x1536, neutral daylight --ar 1:2","text, watermark, logo, signature, blurry, low quality, multiple objects, hands, person, character, perspective distortion, cluttered background, horizontal layout, sideways, nsfw"
weapons,bronze_greataxe,Бронзовая секира,2,weapon,1,3,1:3,icons/items/weapons/bronze_greataxe.webp,systems/iron-hills-system/icons/items/weapons/bronze_greataxe.webp,true,systems/iron-hills-system/icons/items/weapons/bronze_greataxe.webp,"Concept of ""Бронзовая секира"", a single fantasy two-handed battle axe / great-axe, large bearded head, long oak haft, iron rivets, made of bronze fittings, oak wood, tin rivets, rough leather wrap, tribal, hand-forged, well-used, vertical orientation, weapon pointing up, isolated single object, transparent or plain dark background, centered, full item visible, side view, no human, no hands, sharp focus, high detail, painterly style, fantasy item icon, soft rim light, slight specular highlights, 512x1536, neutral daylight --ar 1:3","text, watermark, logo, signature, blurry, low quality, multiple objects, hands, person, character, perspective distortion, cluttered background, horizontal layout, sideways, nsfw"
weapons,bronze_greatsword,Бронзовый двуруч,2,weapon,1,4,1:4,icons/items/weapons/bronze_greatsword.webp,systems/iron-hills-system/icons/items/weapons/bronze_greatsword.webp,true,systems/iron-hills-system/icons/items/weapons/bronze_greatsword.webp,"Concept of ""Бронзовый двуруч"", a single fantasy two-handed greatsword, long straight blade, large cross guard, ricasso, two-hand grip, made of bronze fittings, oak wood, tin rivets, rough leather wrap, tribal, hand-forged, well-used, extreme vertical orientation, weapon pointing up, full length visible top-to-bottom, isolated single object, transparent or plain dark background, centered, full item visible, side view, no human, no hands, sharp focus, high detail, painterly style, fantasy item icon, soft rim light, slight specular highlights, 384x1536, neutral daylight --ar 1:4","text, watermark, logo, signature, blurry, low quality, multiple objects, hands, person, character, perspective distortion, cluttered background, horizontal layout, sideways, nsfw"
weapons,bronze_knife,Бронзовый нож,2,weapon,1,2,1:2,icons/items/weapons/bronze_knife.webp,systems/iron-hills-system/icons/items/weapons/bronze_knife.webp,true,systems/iron-hills-system/icons/items/weapons/bronze_knife.webp,"Concept of ""Бронзовый нож"", a single fantasy combat knife / dagger, leaf-shaped blade, full tang, leather-wrapped grip, made of bronze fittings, oak wood, tin rivets, rough leather wrap, tribal, hand-forged, well-used, vertical orientation, isolated single object, transparent or plain dark background, centered, full item visible, side view, no human, no hands, sharp focus, high detail, painterly style, fantasy item icon, soft rim light, slight specular highlights, 768x1536, neutral daylight --ar 1:2","text, watermark, logo, signature, blurry, low quality, multiple objects, hands, person, character, perspective distortion, cluttered background, horizontal layout, sideways, nsfw"
weapons,bronze_mace,Бронзовая булава,2,weapon,1,2,1:2,icons/items/weapons/bronze_mace.webp,systems/iron-hills-system/icons/items/weapons/bronze_mace.webp,true,systems/iron-hills-system/icons/items/weapons/bronze_mace.webp,"Concept of ""Бронзовая булава"", a single fantasy mace, flanged head, short metal haft, leather grip, made of bronze fittings, oak wood, tin rivets, rough leather wrap, tribal, hand-forged, well-used, vertical orientation, isolated single object, transparent or plain dark background, centered, full item visible, side view, no human, no hands, sharp focus, high detail, painterly style, fantasy item icon, soft rim light, slight specular highlights, 768x1536, neutral daylight --ar 1:2","text, watermark, logo, signature, blurry, low quality, multiple objects, hands, person, character, perspective distortion, cluttered background, horizontal layout, sideways, nsfw"
weapons,bronze_spear,Бронзовое копьё,2,weapon,1,4,1:4,icons/items/weapons/bronze_spear.webp,systems/iron-hills-system/icons/items/weapons/bronze_spear.webp,true,systems/iron-hills-system/icons/items/weapons/bronze_spear.webp,"Concept of ""Бронзовое копьё"", a single fantasy spear, long straight shaft, leaf-shaped spearhead, bound with leather strap, made of bronze fittings, oak wood, tin rivets, rough leather wrap, tribal, hand-forged, well-used, extreme vertical orientation, weapon pointing up, full length visible top-to-bottom, isolated single object, transparent or plain dark background, centered, full item visible, side view, no human, no hands, sharp focus, high detail, painterly style, fantasy item icon, soft rim light, slight specular highlights, 384x1536, neutral daylight --ar 1:4","text, watermark, logo, signature, blurry, low quality, multiple objects, hands, person, character, perspective distortion, cluttered background, horizontal layout, sideways, nsfw"
weapons,bronze_sword,Бронзовый меч,2,weapon,1,3,1:3,icons/items/weapons/bronze_sword.webp,systems/iron-hills-system/icons/items/weapons/bronze_sword.webp,true,systems/iron-hills-system/icons/items/weapons/bronze_sword.webp,"Concept of ""Бронзовый меч"", a single fantasy arming sword, straight double-edged blade, cross guard, leather-wrapped grip, made of bronze fittings, oak wood, tin rivets, rough leather wrap, tribal, hand-forged, well-used, vertical orientation, weapon pointing up, isolated single object, transparent or plain dark background, centered, full item visible, side view, no human, no hands, sharp focus, high detail, painterly style, fantasy item icon, soft rim light, slight specular highlights, 512x1536, neutral daylight --ar 1:3","text, watermark, logo, signature, blurry, low quality, multiple objects, hands, person, character, perspective distortion, cluttered background, horizontal layout, sideways, nsfw"
weapons,bronze_warhammer,Бронзовый молот,2,weapon,1,3,1:3,icons/items/weapons/bronze_warhammer.webp,systems/iron-hills-system/icons/items/weapons/bronze_warhammer.webp,true,systems/iron-hills-system/icons/items/weapons/bronze_warhammer.webp,"Concept of ""Бронзовый молот"", a single fantasy two-handed war hammer, large blunt head with spike on the back, long haft, made of bronze fittings, oak wood, tin rivets, rough leather wrap, tribal, hand-forged, well-used, vertical orientation, weapon pointing up, isolated single object, transparent or plain dark background, centered, full item visible, side view, no human, no hands, sharp focus, high detail, painterly style, fantasy item icon, soft rim light, slight specular highlights, 512x1536, neutral daylight --ar 1:3","text, watermark, logo, signature, blurry, low quality, multiple objects, hands, person, character, perspective distortion, cluttered background, horizontal layout, sideways, nsfw"
weapons,javelin,Дротик,2,weapon,1,3,1:3,icons/items/weapons/javelin.webp,systems/iron-hills-system/icons/items/weapons/javelin.webp,true,systems/iron-hills-system/icons/items/weapons/javelin.webp,"Concept of ""Дротик"", a set of three fantasy throwing daggers / chakrams arranged in a fan, balanced, identical, made of bronze fittings, oak wood, tin rivets, rough leather wrap, tribal, hand-forged, well-used, vertical orientation, weapon pointing up, isolated single object, transparent or plain dark background, centered, full item visible, side view, no human, no hands, sharp focus, high detail, painterly style, fantasy item icon, soft rim light, slight specular highlights, 512x1536, neutral daylight --ar 1:3","text, watermark, logo, signature, blurry, low quality, multiple objects, hands, person, character, perspective distortion, cluttered background, horizontal layout, sideways, nsfw"
weapons,long_bow,Длинный лук,2,weapon,1,4,1:4,icons/items/weapons/long_bow.webp,systems/iron-hills-system/icons/items/weapons/long_bow.webp,true,systems/iron-hills-system/icons/items/weapons/long_bow.webp,"Concept of ""Длинный лук"", a single fantasy longbow, recurve limbs, drawstring, no arrow nocked, made of bronze fittings, oak wood, tin rivets, rough leather wrap, tribal, hand-forged, well-used, extreme vertical orientation, weapon pointing up, full length visible top-to-bottom, isolated single object, transparent or plain dark background, centered, full item visible, side view, no human, no hands, sharp focus, high detail, painterly style, fantasy item icon, soft rim light, slight specular highlights, 384x1536, neutral daylight --ar 1:4","text, watermark, logo, signature, blurry, low quality, multiple objects, hands, person, character, perspective distortion, cluttered background, horizontal layout, sideways, nsfw"
weapons,lt_crossbow,Лёгкий арбалет,2,weapon,1,2,1:2,icons/items/weapons/lt_crossbow.webp,systems/iron-hills-system/icons/items/weapons/lt_crossbow.webp,true,systems/iron-hills-system/icons/items/weapons/lt_crossbow.webp,"Concept of ""Лёгкий арбалет"", a single fantasy crossbow, wooden tiller with steel limbs, intricate trigger mechanism, no bolt loaded, made of bronze fittings, oak wood, tin rivets, rough leather wrap, tribal, hand-forged, well-used, vertical orientation, isolated single object, transparent or plain dark background, centered, full item visible, side view, no human, no hands, sharp focus, high detail, painterly style, fantasy item icon, soft rim light, slight specular highlights, 768x1536, neutral daylight --ar 1:2","text, watermark, logo, signature, blurry, low quality, multiple objects, hands, person, character, perspective distortion, cluttered background, horizontal layout, sideways, nsfw"
weapons,oak_staff,Дубовый посох,2,weapon,1,4,1:4,icons/items/weapons/oak_staff.webp,systems/iron-hills-system/icons/items/weapons/oak_staff.webp,true,systems/iron-hills-system/icons/items/weapons/oak_staff.webp,"Concept of ""Дубовый посох"", a single fantasy wizard's staff, tall straight pole, ornamented head, no orb floating, made of bronze fittings, oak wood, tin rivets, rough leather wrap, tribal, hand-forged, well-used, extreme vertical orientation, weapon pointing up, full length visible top-to-bottom, isolated single object, transparent or plain dark background, centered, full item visible, side view, no human, no hands, sharp focus, high detail, painterly style, fantasy item icon, soft rim light, slight specular highlights, 384x1536, neutral daylight --ar 1:4","text, watermark, logo, signature, blurry, low quality, multiple objects, hands, person, character, perspective distortion, cluttered background, horizontal layout, sideways, nsfw"
weapons,throwing_knives,Метательные ножи,2,weapon,1,1,1:1,icons/items/weapons/throwing_knives.webp,systems/iron-hills-system/icons/items/weapons/throwing_knives.webp,true,systems/iron-hills-system/icons/items/weapons/throwing_knives.webp,"Concept of ""Метательные ножи"", a set of three fantasy throwing daggers / chakrams arranged in a fan, balanced, identical, made of bronze fittings, oak wood, tin rivets, rough leather wrap, tribal, hand-forged, well-used, fan layout, balanced composition, isolated single object, transparent or plain dark background, centered, full item visible, side view, no human, no hands, sharp focus, high detail, painterly style, fantasy item icon, soft rim light, slight specular highlights, 1024x1024, neutral daylight --ar 1:1","text, watermark, logo, signature, blurry, low quality, multiple objects, hands, person, character, perspective distortion, cluttered background, horizontal layout, sideways, nsfw"
weapons,hunters_bow,Охотничий лук,3,weapon,1,4,1:4,icons/items/weapons/hunters_bow.webp,systems/iron-hills-system/icons/items/weapons/hunters_bow.webp,true,systems/iron-hills-system/icons/items/weapons/hunters_bow.webp,"Concept of ""Охотничий лук"", a single fantasy longbow, recurve limbs, drawstring, no arrow nocked, made of polished iron, hardwood haft, carbonized leather, simple etchings, standard issue, town-blacksmith made, well-maintained, extreme vertical orientation, weapon pointing up, full length visible top-to-bottom, isolated single object, transparent or plain dark background, centered, full item visible, side view, no human, no hands, sharp focus, high detail, painterly style, fantasy item icon, soft rim light, slight specular highlights, 384x1536, forge embers glow in background --ar 1:4","text, watermark, logo, signature, blurry, low quality, multiple objects, hands, person, character, perspective distortion, cluttered background, horizontal layout, sideways, nsfw"
weapons,iron_axe,Железный топор,3,weapon,1,2,1:2,icons/items/weapons/iron_axe.webp,systems/iron-hills-system/icons/items/weapons/iron_axe.webp,true,systems/iron-hills-system/icons/items/weapons/iron_axe.webp,"Concept of ""Железный топор"", a single fantasy hand axe, single-bit head, wooden haft, iron banding, made of polished iron, hardwood haft, carbonized leather, simple etchings, standard issue, town-blacksmith made, well-maintained, vertical orientation, isolated single object, transparent or plain dark background, centered, full item visible, side view, no human, no hands, sharp focus, high detail, painterly style, fantasy item icon, soft rim light, slight specular highlights, 768x1536, forge embers glow in background --ar 1:2","text, watermark, logo, signature, blurry, low quality, multiple objects, hands, person, character, perspective distortion, cluttered background, horizontal layout, sideways, nsfw"
weapons,iron_crossbow,Железный арбалет,3,weapon,1,3,1:3,icons/items/weapons/iron_crossbow.webp,systems/iron-hills-system/icons/items/weapons/iron_crossbow.webp,true,systems/iron-hills-system/icons/items/weapons/iron_crossbow.webp,"Concept of ""Железный арбалет"", a single fantasy crossbow, wooden tiller with steel limbs, intricate trigger mechanism, no bolt loaded, made of polished iron, hardwood haft, carbonized leather, simple etchings, standard issue, town-blacksmith made, well-maintained, vertical orientation, weapon pointing up, isolated single object, transparent or plain dark background, centered, full item visible, side view, no human, no hands, sharp focus, high detail, painterly style, fantasy item icon, soft rim light, slight specular highlights, 512x1536, forge embers glow in background --ar 1:3","text, watermark, logo, signature, blurry, low quality, multiple objects, hands, person, character, perspective distortion, cluttered background, horizontal layout, sideways, nsfw"
weapons,iron_flail,Железный кистень,3,weapon,1,2,1:2,icons/items/weapons/iron_flail.webp,systems/iron-hills-system/icons/items/weapons/iron_flail.webp,true,systems/iron-hills-system/icons/items/weapons/iron_flail.webp,"Concept of ""Железный кистень"", a single fantasy flail, spiked metal ball on chain, wooden grip, dangerous looking, made of polished iron, hardwood haft, carbonized leather, simple etchings, standard issue, town-blacksmith made, well-maintained, vertical orientation, isolated single object, transparent or plain dark background, centered, full item visible, side view, no human, no hands, sharp focus, high detail, painterly style, fantasy item icon, soft rim light, slight specular highlights, 768x1536, forge embers glow in background --ar 1:2","text, watermark, logo, signature, blurry, low quality, multiple objects, hands, person, character, perspective distortion, cluttered background, horizontal layout, sideways, nsfw"
weapons,iron_greataxe,Железная секира,3,weapon,1,3,1:3,icons/items/weapons/iron_greataxe.webp,systems/iron-hills-system/icons/items/weapons/iron_greataxe.webp,true,systems/iron-hills-system/icons/items/weapons/iron_greataxe.webp,"Concept of ""Железная секира"", a single fantasy two-handed battle axe / great-axe, large bearded head, long oak haft, iron rivets, made of polished iron, hardwood haft, carbonized leather, simple etchings, standard issue, town-blacksmith made, well-maintained, vertical orientation, weapon pointing up, isolated single object, transparent or plain dark background, centered, full item visible, side view, no human, no hands, sharp focus, high detail, painterly style, fantasy item icon, soft rim light, slight specular highlights, 512x1536, forge embers glow in background --ar 1:3","text, watermark, logo, signature, blurry, low quality, multiple objects, hands, person, character, perspective distortion, cluttered background, horizontal layout, sideways, nsfw"
weapons,iron_greatsword,Железный двуруч,3,weapon,1,4,1:4,icons/items/weapons/iron_greatsword.webp,systems/iron-hills-system/icons/items/weapons/iron_greatsword.webp,true,systems/iron-hills-system/icons/items/weapons/iron_greatsword.webp,"Concept of ""Железный двуруч"", a single fantasy two-handed greatsword, long straight blade, large cross guard, ricasso, two-hand grip, made of polished iron, hardwood haft, carbonized leather, simple etchings, standard issue, town-blacksmith made, well-maintained, extreme vertical orientation, weapon pointing up, full length visible top-to-bottom, isolated single object, transparent or plain dark background, centered, full item visible, side view, no human, no hands, sharp focus, high detail, painterly style, fantasy item icon, soft rim light, slight specular highlights, 384x1536, forge embers glow in background --ar 1:4","text, watermark, logo, signature, blurry, low quality, multiple objects, hands, person, character, perspective distortion, cluttered background, horizontal layout, sideways, nsfw"
weapons,iron_javelin,Железный дротик,3,weapon,1,3,1:3,icons/items/weapons/iron_javelin.webp,systems/iron-hills-system/icons/items/weapons/iron_javelin.webp,true,systems/iron-hills-system/icons/items/weapons/iron_javelin.webp,"Concept of ""Железный дротик"", a set of three fantasy throwing daggers / chakrams arranged in a fan, balanced, identical, made of polished iron, hardwood haft, carbonized leather, simple etchings, standard issue, town-blacksmith made, well-maintained, vertical orientation, weapon pointing up, isolated single object, transparent or plain dark background, centered, full item visible, side view, no human, no hands, sharp focus, high detail, painterly style, fantasy item icon, soft rim light, slight specular highlights, 512x1536, forge embers glow in background --ar 1:3","text, watermark, logo, signature, blurry, low quality, multiple objects, hands, person, character, perspective distortion, cluttered background, horizontal layout, sideways, nsfw"
weapons,iron_knife,Железный нож,3,weapon,1,2,1:2,icons/items/weapons/iron_knife.webp,systems/iron-hills-system/icons/items/weapons/iron_knife.webp,true,systems/iron-hills-system/icons/items/weapons/iron_knife.webp,"Concept of ""Железный нож"", a single fantasy combat knife / dagger, leaf-shaped blade, full tang, leather-wrapped grip, made of polished iron, hardwood haft, carbonized leather, simple etchings, standard issue, town-blacksmith made, well-maintained, vertical orientation, isolated single object, transparent or plain dark background, centered, full item visible, side view, no human, no hands, sharp focus, high detail, painterly style, fantasy item icon, soft rim light, slight specular highlights, 768x1536, forge embers glow in background --ar 1:2","text, watermark, logo, signature, blurry, low quality, multiple objects, hands, person, character, perspective distortion, cluttered background, horizontal layout, sideways, nsfw"
weapons,iron_mace,Железная булава,3,weapon,1,2,1:2,icons/items/weapons/iron_mace.webp,systems/iron-hills-system/icons/items/weapons/iron_mace.webp,true,systems/iron-hills-system/icons/items/weapons/iron_mace.webp,"Concept of ""Железная булава"", a single fantasy mace, flanged head, short metal haft, leather grip, made of polished iron, hardwood haft, carbonized leather, simple etchings, standard issue, town-blacksmith made, well-maintained, vertical orientation, isolated single object, transparent or plain dark background, centered, full item visible, side view, no human, no hands, sharp focus, high detail, painterly style, fantasy item icon, soft rim light, slight specular highlights, 768x1536, forge embers glow in background --ar 1:2","text, watermark, logo, signature, blurry, low quality, multiple objects, hands, person, character, perspective distortion, cluttered background, horizontal layout, sideways, nsfw"
weapons,iron_spear,Железное копьё,3,weapon,1,4,1:4,icons/items/weapons/iron_spear.webp,systems/iron-hills-system/icons/items/weapons/iron_spear.webp,true,systems/iron-hills-system/icons/items/weapons/iron_spear.webp,"Concept of ""Железное копьё"", a single fantasy spear, long straight shaft, leaf-shaped spearhead, bound with leather strap, made of polished iron, hardwood haft, carbonized leather, simple etchings, standard issue, town-blacksmith made, well-maintained, extreme vertical orientation, weapon pointing up, full length visible top-to-bottom, isolated single object, transparent or plain dark background, centered, full item visible, side view, no human, no hands, sharp focus, high detail, painterly style, fantasy item icon, soft rim light, slight specular highlights, 384x1536, forge embers glow in background --ar 1:4","text, watermark, logo, signature, blurry, low quality, multiple objects, hands, person, character, perspective distortion, cluttered background, horizontal layout, sideways, nsfw"
weapons,iron_staff,Железный посох,3,weapon,1,4,1:4,icons/items/weapons/iron_staff.webp,systems/iron-hills-system/icons/items/weapons/iron_staff.webp,true,systems/iron-hills-system/icons/items/weapons/iron_staff.webp,"Concept of ""Железный посох"", a single fantasy wizard's staff, tall straight pole, ornamented head, no orb floating, made of polished iron, hardwood haft, carbonized leather, simple etchings, standard issue, town-blacksmith made, well-maintained, extreme vertical orientation, weapon pointing up, full length visible top-to-bottom, isolated single object, transparent or plain dark background, centered, full item visible, side view, no human, no hands, sharp focus, high detail, painterly style, fantasy item icon, soft rim light, slight specular highlights, 384x1536, forge embers glow in background --ar 1:4","text, watermark, logo, signature, blurry, low quality, multiple objects, hands, person, character, perspective distortion, cluttered background, horizontal layout, sideways, nsfw"
weapons,iron_sword,Железный меч,3,weapon,1,3,1:3,icons/items/weapons/iron_sword.webp,systems/iron-hills-system/icons/items/weapons/iron_sword.webp,true,systems/iron-hills-system/icons/items/weapons/iron_sword.webp,"Concept of ""Железный меч"", a single fantasy arming sword, straight double-edged blade, cross guard, leather-wrapped grip, made of polished iron, hardwood haft, carbonized leather, simple etchings, standard issue, town-blacksmith made, well-maintained, vertical orientation, weapon pointing up, isolated single object, transparent or plain dark background, centered, full item visible, side view, no human, no hands, sharp focus, high detail, painterly style, fantasy item icon, soft rim light, slight specular highlights, 512x1536, forge embers glow in background --ar 1:3","text, watermark, logo, signature, blurry, low quality, multiple objects, hands, person, character, perspective distortion, cluttered background, horizontal layout, sideways, nsfw"
weapons,iron_warhammer,Железный молот,3,weapon,1,3,1:3,icons/items/weapons/iron_warhammer.webp,systems/iron-hills-system/icons/items/weapons/iron_warhammer.webp,true,systems/iron-hills-system/icons/items/weapons/iron_warhammer.webp,"Concept of ""Железный молот"", a single fantasy two-handed war hammer, large blunt head with spike on the back, long haft, made of polished iron, hardwood haft, carbonized leather, simple etchings, standard issue, town-blacksmith made, well-maintained, vertical orientation, weapon pointing up, isolated single object, transparent or plain dark background, centered, full item visible, side view, no human, no hands, sharp focus, high detail, painterly style, fantasy item icon, soft rim light, slight specular highlights, 512x1536, forge embers glow in background --ar 1:3","text, watermark, logo, signature, blurry, low quality, multiple objects, hands, person, character, perspective distortion, cluttered background, horizontal layout, sideways, nsfw"
weapons,composite_bow,Составной лук,4,weapon,1,4,1:4,icons/items/weapons/composite_bow.webp,systems/iron-hills-system/icons/items/weapons/composite_bow.webp,true,systems/iron-hills-system/icons/items/weapons/composite_bow.webp,"Concept of ""Составной лук"", a single fantasy longbow, recurve limbs, drawstring, no arrow nocked, made of tempered steel, ironwood, bronze inlays, riveted leather, family-crest engraving, well-maintained, polished, decorative, soldier-grade, extreme vertical orientation, weapon pointing up, full length visible top-to-bottom, isolated single object, transparent or plain dark background, centered, full item visible, side view, no human, no hands, sharp focus, high detail, painterly style, fantasy item icon, soft rim light, slight specular highlights, 384x1536, clean white studio light --ar 1:4","text, watermark, logo, signature, blurry, low quality, multiple objects, hands, person, character, perspective distortion, cluttered background, horizontal layout, sideways, nsfw"
weapons,halberd,Алебарда,4,weapon,1,4,1:4,icons/items/weapons/halberd.webp,systems/iron-hills-system/icons/items/weapons/halberd.webp,true,systems/iron-hills-system/icons/items/weapons/halberd.webp,"Concept of ""Алебарда"", a single fantasy spear, long straight shaft, leaf-shaped spearhead, bound with leather strap, made of tempered steel, ironwood, bronze inlays, riveted leather, family-crest engraving, well-maintained, polished, decorative, soldier-grade, extreme vertical orientation, weapon pointing up, full length visible top-to-bottom, isolated single object, transparent or plain dark background, centered, full item visible, side view, no human, no hands, sharp focus, high detail, painterly style, fantasy item icon, soft rim light, slight specular highlights, 384x1536, clean white studio light --ar 1:4","text, watermark, logo, signature, blurry, low quality, multiple objects, hands, person, character, perspective distortion, cluttered background, horizontal layout, sideways, nsfw"
weapons,hv_crossbow,Тяжёлый арбалет,4,weapon,1,3,1:3,icons/items/weapons/hv_crossbow.webp,systems/iron-hills-system/icons/items/weapons/hv_crossbow.webp,true,systems/iron-hills-system/icons/items/weapons/hv_crossbow.webp,"Concept of ""Тяжёлый арбалет"", a single fantasy crossbow, wooden tiller with steel limbs, intricate trigger mechanism, no bolt loaded, made of tempered steel, ironwood, bronze inlays, riveted leather, family-crest engraving, well-maintained, polished, decorative, soldier-grade, vertical orientation, weapon pointing up, isolated single object, transparent or plain dark background, centered, full item visible, side view, no human, no hands, sharp focus, high detail, painterly style, fantasy item icon, soft rim light, slight specular highlights, 512x1536, clean white studio light --ar 1:3","text, watermark, logo, signature, blurry, low quality, multiple objects, hands, person, character, perspective distortion, cluttered background, horizontal layout, sideways, nsfw"
weapons,steel_axe,Стальной топор,4,weapon,1,2,1:2,icons/items/weapons/steel_axe.webp,systems/iron-hills-system/icons/items/weapons/steel_axe.webp,true,systems/iron-hills-system/icons/items/weapons/steel_axe.webp,"Concept of ""Стальной топор"", a single fantasy hand axe, single-bit head, wooden haft, iron banding, made of tempered steel, ironwood, bronze inlays, riveted leather, family-crest engraving, well-maintained, polished, decorative, soldier-grade, vertical orientation, isolated single object, transparent or plain dark background, centered, full item visible, side view, no human, no hands, sharp focus, high detail, painterly style, fantasy item icon, soft rim light, slight specular highlights, 768x1536, clean white studio light --ar 1:2","text, watermark, logo, signature, blurry, low quality, multiple objects, hands, person, character, perspective distortion, cluttered background, horizontal layout, sideways, nsfw"
weapons,steel_flail,Стальной кистень,4,weapon,1,2,1:2,icons/items/weapons/steel_flail.webp,systems/iron-hills-system/icons/items/weapons/steel_flail.webp,true,systems/iron-hills-system/icons/items/weapons/steel_flail.webp,"Concept of ""Стальной кистень"", a single fantasy flail, spiked metal ball on chain, wooden grip, dangerous looking, made of tempered steel, ironwood, bronze inlays, riveted leather, family-crest engraving, well-maintained, polished, decorative, soldier-grade, vertical orientation, isolated single object, transparent or plain dark background, centered, full item visible, side view, no human, no hands, sharp focus, high detail, painterly style, fantasy item icon, soft rim light, slight specular highlights, 768x1536, clean white studio light --ar 1:2","text, watermark, logo, signature, blurry, low quality, multiple objects, hands, person, character, perspective distortion, cluttered background, horizontal layout, sideways, nsfw"
weapons,steel_greatsword,Стальной двуруч,4,weapon,1,4,1:4,icons/items/weapons/steel_greatsword.webp,systems/iron-hills-system/icons/items/weapons/steel_greatsword.webp,true,systems/iron-hills-system/icons/items/weapons/steel_greatsword.webp,"Concept of ""Стальной двуруч"", a single fantasy two-handed greatsword, long straight blade, large cross guard, ricasso, two-hand grip, made of tempered steel, ironwood, bronze inlays, riveted leather, family-crest engraving, well-maintained, polished, decorative, soldier-grade, extreme vertical orientation, weapon pointing up, full length visible top-to-bottom, isolated single object, transparent or plain dark background, centered, full item visible, side view, no human, no hands, sharp focus, high detail, painterly style, fantasy item icon, soft rim light, slight specular highlights, 384x1536, clean white studio light --ar 1:4","text, watermark, logo, signature, blurry, low quality, multiple objects, hands, person, character, perspective distortion, cluttered background, horizontal layout, sideways, nsfw"
weapons,steel_javelin,Стальной дротик,4,weapon,1,3,1:3,icons/items/weapons/steel_javelin.webp,systems/iron-hills-system/icons/items/weapons/steel_javelin.webp,true,systems/iron-hills-system/icons/items/weapons/steel_javelin.webp,"Concept of ""Стальной дротик"", a set of three fantasy throwing daggers / chakrams arranged in a fan, balanced, identical, made of tempered steel, ironwood, bronze inlays, riveted leather, family-crest engraving, well-maintained, polished, decorative, soldier-grade, vertical orientation, weapon pointing up, isolated single object, transparent or plain dark background, centered, full item visible, side view, no human, no hands, sharp focus, high detail, painterly style, fantasy item icon, soft rim light, slight specular highlights, 512x1536, clean white studio light --ar 1:3","text, watermark, logo, signature, blurry, low quality, multiple objects, hands, person, character, perspective distortion, cluttered background, horizontal layout, sideways, nsfw"
weapons,steel_knife,Стальной нож,4,weapon,1,2,1:2,icons/items/weapons/steel_knife.webp,systems/iron-hills-system/icons/items/weapons/steel_knife.webp,true,systems/iron-hills-system/icons/items/weapons/steel_knife.webp,"Concept of ""Стальной нож"", a single fantasy combat knife / dagger, leaf-shaped blade, full tang, leather-wrapped grip, made of tempered steel, ironwood, bronze inlays, riveted leather, family-crest engraving, well-maintained, polished, decorative, soldier-grade, vertical orientation, isolated single object, transparent or plain dark background, centered, full item visible, side view, no human, no hands, sharp focus, high detail, painterly style, fantasy item icon, soft rim light, slight specular highlights, 768x1536, clean white studio light --ar 1:2","text, watermark, logo, signature, blurry, low quality, multiple objects, hands, person, character, perspective distortion, cluttered background, horizontal layout, sideways, nsfw"
weapons,steel_mace,Стальная булава,4,weapon,1,2,1:2,icons/items/weapons/steel_mace.webp,systems/iron-hills-system/icons/items/weapons/steel_mace.webp,true,systems/iron-hills-system/icons/items/weapons/steel_mace.webp,"Concept of ""Стальная булава"", a single fantasy mace, flanged head, short metal haft, leather grip, made of tempered steel, ironwood, bronze inlays, riveted leather, family-crest engraving, well-maintained, polished, decorative, soldier-grade, vertical orientation, isolated single object, transparent or plain dark background, centered, full item visible, side view, no human, no hands, sharp focus, high detail, painterly style, fantasy item icon, soft rim light, slight specular highlights, 768x1536, clean white studio light --ar 1:2","text, watermark, logo, signature, blurry, low quality, multiple objects, hands, person, character, perspective distortion, cluttered background, horizontal layout, sideways, nsfw"
weapons,steel_spear,Стальное копьё,4,weapon,1,4,1:4,icons/items/weapons/steel_spear.webp,systems/iron-hills-system/icons/items/weapons/steel_spear.webp,true,systems/iron-hills-system/icons/items/weapons/steel_spear.webp,"Concept of ""Стальное копьё"", a single fantasy spear, long straight shaft, leaf-shaped spearhead, bound with leather strap, made of tempered steel, ironwood, bronze inlays, riveted leather, family-crest engraving, well-maintained, polished, decorative, soldier-grade, extreme vertical orientation, weapon pointing up, full length visible top-to-bottom, isolated single object, transparent or plain dark background, centered, full item visible, side view, no human, no hands, sharp focus, high detail, painterly style, fantasy item icon, soft rim light, slight specular highlights, 384x1536, clean white studio light --ar 1:4","text, watermark, logo, signature, blurry, low quality, multiple objects, hands, person, character, perspective distortion, cluttered background, horizontal layout, sideways, nsfw"
weapons,steel_staff,Стальной посох,4,weapon,1,4,1:4,icons/items/weapons/steel_staff.webp,systems/iron-hills-system/icons/items/weapons/steel_staff.webp,true,systems/iron-hills-system/icons/items/weapons/steel_staff.webp,"Concept of ""Стальной посох"", a single fantasy wizard's staff, tall straight pole, ornamented head, no orb floating, made of tempered steel, ironwood, bronze inlays, riveted leather, family-crest engraving, well-maintained, polished, decorative, soldier-grade, extreme vertical orientation, weapon pointing up, full length visible top-to-bottom, isolated single object, transparent or plain dark background, centered, full item visible, side view, no human, no hands, sharp focus, high detail, painterly style, fantasy item icon, soft rim light, slight specular highlights, 384x1536, clean white studio light --ar 1:4","text, watermark, logo, signature, blurry, low quality, multiple objects, hands, person, character, perspective distortion, cluttered background, horizontal layout, sideways, nsfw"
weapons,steel_sword,Стальной меч,4,weapon,1,3,1:3,icons/items/weapons/steel_sword.webp,systems/iron-hills-system/icons/items/weapons/steel_sword.webp,true,systems/iron-hills-system/icons/items/weapons/steel_sword.webp,"Concept of ""Стальной меч"", a single fantasy arming sword, straight double-edged blade, cross guard, leather-wrapped grip, made of tempered steel, ironwood, bronze inlays, riveted leather, family-crest engraving, well-maintained, polished, decorative, soldier-grade, vertical orientation, weapon pointing up, isolated single object, transparent or plain dark background, centered, full item visible, side view, no human, no hands, sharp focus, high detail, painterly style, fantasy item icon, soft rim light, slight specular highlights, 512x1536, clean white studio light --ar 1:3","text, watermark, logo, signature, blurry, low quality, multiple objects, hands, person, character, perspective distortion, cluttered background, horizontal layout, sideways, nsfw"
weapons,war_axe,Боевой топор (2р.),4,weapon,1,3,1:3,icons/items/weapons/war_axe.webp,systems/iron-hills-system/icons/items/weapons/war_axe.webp,true,systems/iron-hills-system/icons/items/weapons/war_axe.webp,"Concept of ""Боевой топор (2р.)"", a single fantasy two-handed battle axe / great-axe, large bearded head, long oak haft, iron rivets, made of tempered steel, ironwood, bronze inlays, riveted leather, family-crest engraving, well-maintained, polished, decorative, soldier-grade, vertical orientation, weapon pointing up, isolated single object, transparent or plain dark background, centered, full item visible, side view, no human, no hands, sharp focus, high detail, painterly style, fantasy item icon, soft rim light, slight specular highlights, 512x1536, clean white studio light --ar 1:3","text, watermark, logo, signature, blurry, low quality, multiple objects, hands, person, character, perspective distortion, cluttered background, horizontal layout, sideways, nsfw"
weapons,war_hammer,Боевой молот,4,weapon,1,3,1:3,icons/items/weapons/war_hammer.webp,systems/iron-hills-system/icons/items/weapons/war_hammer.webp,true,systems/iron-hills-system/icons/items/weapons/war_hammer.webp,"Concept of ""Боевой молот"", a single fantasy two-handed war hammer, large blunt head with spike on the back, long haft, made of tempered steel, ironwood, bronze inlays, riveted leather, family-crest engraving, well-maintained, polished, decorative, soldier-grade, vertical orientation, weapon pointing up, isolated single object, transparent or plain dark background, centered, full item visible, side view, no human, no hands, sharp focus, high detail, painterly style, fantasy item icon, soft rim light, slight specular highlights, 512x1536, clean white studio light --ar 1:3","text, watermark, logo, signature, blurry, low quality, multiple objects, hands, person, character, perspective distortion, cluttered background, horizontal layout, sideways, nsfw"
weapons,arbalest,Арбалест,5,weapon,1,3,1:3,icons/items/weapons/arbalest.webp,systems/iron-hills-system/icons/items/weapons/arbalest.webp,true,systems/iron-hills-system/icons/items/weapons/arbalest.webp,"Concept of ""Арбалест"", a single fantasy crossbow, wooden tiller with steel limbs, intricate trigger mechanism, no bolt loaded, made of tempered blue-silver steel, spirit-wood, sapphire inlay, faint mithril runes, master-crafted, faint magical etching, polished surfaces, vertical orientation, weapon pointing up, isolated single object, transparent or plain dark background, centered, full item visible, side view, no human, no hands, sharp focus, high detail, painterly style, fantasy item icon, soft rim light, slight specular highlights, 512x1536, cool blue rim light, runes faintly glowing --ar 1:3","text, watermark, logo, signature, blurry, low quality, multiple objects, hands, person, character, perspective distortion, cluttered background, horizontal layout, sideways, nsfw"
weapons,hardened_axe,Закалённый топор,5,weapon,1,2,1:2,icons/items/weapons/hardened_axe.webp,systems/iron-hills-system/icons/items/weapons/hardened_axe.webp,true,systems/iron-hills-system/icons/items/weapons/hardened_axe.webp,"Concept of ""Закалённый топор"", a single fantasy hand axe, single-bit head, wooden haft, iron banding, made of tempered blue-silver steel, spirit-wood, sapphire inlay, faint mithril runes, master-crafted, faint magical etching, polished surfaces, vertical orientation, isolated single object, transparent or plain dark background, centered, full item visible, side view, no human, no hands, sharp focus, high detail, painterly style, fantasy item icon, soft rim light, slight specular highlights, 768x1536, cool blue rim light, runes faintly glowing --ar 1:2","text, watermark, logo, signature, blurry, low quality, multiple objects, hands, person, character, perspective distortion, cluttered background, horizontal layout, sideways, nsfw"
weapons,hardened_flail,Закалённый кистень,5,weapon,1,2,1:2,icons/items/weapons/hardened_flail.webp,systems/iron-hills-system/icons/items/weapons/hardened_flail.webp,true,systems/iron-hills-system/icons/items/weapons/hardened_flail.webp,"Concept of ""Закалённый кистень"", a single fantasy flail, spiked metal ball on chain, wooden grip, dangerous looking, made of tempered blue-silver steel, spirit-wood, sapphire inlay, faint mithril runes, master-crafted, faint magical etching, polished surfaces, vertical orientation, isolated single object, transparent or plain dark background, centered, full item visible, side view, no human, no hands, sharp focus, high detail, painterly style, fantasy item icon, soft rim light, slight specular highlights, 768x1536, cool blue rim light, runes faintly glowing --ar 1:2","text, watermark, logo, signature, blurry, low quality, multiple objects, hands, person, character, perspective distortion, cluttered background, horizontal layout, sideways, nsfw"
weapons,hardened_knife,Закалённый кинжал,5,weapon,1,2,1:2,icons/items/weapons/hardened_knife.webp,systems/iron-hills-system/icons/items/weapons/hardened_knife.webp,true,systems/iron-hills-system/icons/items/weapons/hardened_knife.webp,"Concept of ""Закалённый кинжал"", a single fantasy combat knife / dagger, leaf-shaped blade, full tang, leather-wrapped grip, made of tempered blue-silver steel, spirit-wood, sapphire inlay, faint mithril runes, master-crafted, faint magical etching, polished surfaces, vertical orientation, isolated single object, transparent or plain dark background, centered, full item visible, side view, no human, no hands, sharp focus, high detail, painterly style, fantasy item icon, soft rim light, slight specular highlights, 768x1536, cool blue rim light, runes faintly glowing --ar 1:2","text, watermark, logo, signature, blurry, low quality, multiple objects, hands, person, character, perspective distortion, cluttered background, horizontal layout, sideways, nsfw"
weapons,hardened_mace,Закалённая булава,5,weapon,1,2,1:2,icons/items/weapons/hardened_mace.webp,systems/iron-hills-system/icons/items/weapons/hardened_mace.webp,true,systems/iron-hills-system/icons/items/weapons/hardened_mace.webp,"Concept of ""Закалённая булава"", a single fantasy mace, flanged head, short metal haft, leather grip, made of tempered blue-silver steel, spirit-wood, sapphire inlay, faint mithril runes, master-crafted, faint magical etching, polished surfaces, vertical orientation, isolated single object, transparent or plain dark background, centered, full item visible, side view, no human, no hands, sharp focus, high detail, painterly style, fantasy item icon, soft rim light, slight specular highlights, 768x1536, cool blue rim light, runes faintly glowing --ar 1:2","text, watermark, logo, signature, blurry, low quality, multiple objects, hands, person, character, perspective distortion, cluttered background, horizontal layout, sideways, nsfw"
weapons,hardened_spear,Закалённое копьё,5,weapon,1,4,1:4,icons/items/weapons/hardened_spear.webp,systems/iron-hills-system/icons/items/weapons/hardened_spear.webp,true,systems/iron-hills-system/icons/items/weapons/hardened_spear.webp,"Concept of ""Закалённое копьё"", a single fantasy spear, long straight shaft, leaf-shaped spearhead, bound with leather strap, made of tempered blue-silver steel, spirit-wood, sapphire inlay, faint mithril runes, master-crafted, faint magical etching, polished surfaces, extreme vertical orientation, weapon pointing up, full length visible top-to-bottom, isolated single object, transparent or plain dark background, centered, full item visible, side view, no human, no hands, sharp focus, high detail, painterly style, fantasy item icon, soft rim light, slight specular highlights, 384x1536, cool blue rim light, runes faintly glowing --ar 1:4","text, watermark, logo, signature, blurry, low quality, multiple objects, hands, person, character, perspective distortion, cluttered background, horizontal layout, sideways, nsfw"
weapons,mage_staff,Магический посох,5,weapon,1,4,1:4,icons/items/weapons/mage_staff.webp,systems/iron-hills-system/icons/items/weapons/mage_staff.webp,true,systems/iron-hills-system/icons/items/weapons/mage_staff.webp,"Concept of ""Магический посох"", a single fantasy wizard's staff, tall straight pole, ornamented head, no orb floating, made of tempered blue-silver steel, spirit-wood, sapphire inlay, faint mithril runes, master-crafted, faint magical etching, polished surfaces, extreme vertical orientation, weapon pointing up, full length visible top-to-bottom, isolated single object, transparent or plain dark background, centered, full item visible, side view, no human, no hands, sharp focus, high detail, painterly style, fantasy item icon, soft rim light, slight specular highlights, 384x1536, cool blue rim light, runes faintly glowing --ar 1:4","text, watermark, logo, signature, blurry, low quality, multiple objects, hands, person, character, perspective distortion, cluttered background, horizontal layout, sideways, nsfw"
weapons,recurve_bow,Рекурсивный лук,5,weapon,1,4,1:4,icons/items/weapons/recurve_bow.webp,systems/iron-hills-system/icons/items/weapons/recurve_bow.webp,true,systems/iron-hills-system/icons/items/weapons/recurve_bow.webp,"Concept of ""Рекурсивный лук"", a single fantasy longbow, recurve limbs, drawstring, no arrow nocked, made of tempered blue-silver steel, spirit-wood, sapphire inlay, faint mithril runes, master-crafted, faint magical etching, polished surfaces, extreme vertical orientation, weapon pointing up, full length visible top-to-bottom, isolated single object, transparent or plain dark background, centered, full item visible, side view, no human, no hands, sharp focus, high detail, painterly style, fantasy item icon, soft rim light, slight specular highlights, 384x1536, cool blue rim light, runes faintly glowing --ar 1:4","text, watermark, logo, signature, blurry, low quality, multiple objects, hands, person, character, perspective distortion, cluttered background, horizontal layout, sideways, nsfw"
weapons,steel_chakram,Стальной чакрам,5,weapon,1,1,1:1,icons/items/weapons/steel_chakram.webp,systems/iron-hills-system/icons/items/weapons/steel_chakram.webp,true,systems/iron-hills-system/icons/items/weapons/steel_chakram.webp,"Concept of ""Стальной чакрам"", a set of three fantasy throwing daggers / chakrams arranged in a fan, balanced, identical, made of tempered blue-silver steel, spirit-wood, sapphire inlay, faint mithril runes, master-crafted, faint magical etching, polished surfaces, fan layout, balanced composition, isolated single object, transparent or plain dark background, centered, full item visible, side view, no human, no hands, sharp focus, high detail, painterly style, fantasy item icon, soft rim light, slight specular highlights, 1024x1024, cool blue rim light, runes faintly glowing --ar 1:1","text, watermark, logo, signature, blurry, low quality, multiple objects, hands, person, character, perspective distortion, cluttered background, horizontal layout, sideways, nsfw"
weapons,tempered_greataxe,Закалённая секира,5,weapon,1,3,1:3,icons/items/weapons/tempered_greataxe.webp,systems/iron-hills-system/icons/items/weapons/tempered_greataxe.webp,true,systems/iron-hills-system/icons/items/weapons/tempered_greataxe.webp,"Concept of ""Закалённая секира"", a single fantasy two-handed battle axe / great-axe, large bearded head, long oak haft, iron rivets, made of tempered blue-silver steel, spirit-wood, sapphire inlay, faint mithril runes, master-crafted, faint magical etching, polished surfaces, vertical orientation, weapon pointing up, isolated single object, transparent or plain dark background, centered, full item visible, side view, no human, no hands, sharp focus, high detail, painterly style, fantasy item icon, soft rim light, slight specular highlights, 512x1536, cool blue rim light, runes faintly glowing --ar 1:3","text, watermark, logo, signature, blurry, low quality, multiple objects, hands, person, character, perspective distortion, cluttered background, horizontal layout, sideways, nsfw"
weapons,tempered_greatsword,Закалённый двуруч,5,weapon,1,4,1:4,icons/items/weapons/tempered_greatsword.webp,systems/iron-hills-system/icons/items/weapons/tempered_greatsword.webp,true,systems/iron-hills-system/icons/items/weapons/tempered_greatsword.webp,"Concept of ""Закалённый двуруч"", a single fantasy two-handed greatsword, long straight blade, large cross guard, ricasso, two-hand grip, made of tempered blue-silver steel, spirit-wood, sapphire inlay, faint mithril runes, master-crafted, faint magical etching, polished surfaces, extreme vertical orientation, weapon pointing up, full length visible top-to-bottom, isolated single object, transparent or plain dark background, centered, full item visible, side view, no human, no hands, sharp focus, high detail, painterly style, fantasy item icon, soft rim light, slight specular highlights, 384x1536, cool blue rim light, runes faintly glowing --ar 1:4","text, watermark, logo, signature, blurry, low quality, multiple objects, hands, person, character, perspective distortion, cluttered background, horizontal layout, sideways, nsfw"
weapons,tempered_sword,Закалённый меч,5,weapon,1,3,1:3,icons/items/weapons/tempered_sword.webp,systems/iron-hills-system/icons/items/weapons/tempered_sword.webp,true,systems/iron-hills-system/icons/items/weapons/tempered_sword.webp,"Concept of ""Закалённый меч"", a single fantasy arming sword, straight double-edged blade, cross guard, leather-wrapped grip, made of tempered blue-silver steel, spirit-wood, sapphire inlay, faint mithril runes, master-crafted, faint magical etching, polished surfaces, vertical orientation, weapon pointing up, isolated single object, transparent or plain dark background, centered, full item visible, side view, no human, no hands, sharp focus, high detail, painterly style, fantasy item icon, soft rim light, slight specular highlights, 512x1536, cool blue rim light, runes faintly glowing --ar 1:3","text, watermark, logo, signature, blurry, low quality, multiple objects, hands, person, character, perspective distortion, cluttered background, horizontal layout, sideways, nsfw"
weapons,tempered_warhammer,Закалённый молот,5,weapon,1,3,1:3,icons/items/weapons/tempered_warhammer.webp,systems/iron-hills-system/icons/items/weapons/tempered_warhammer.webp,true,systems/iron-hills-system/icons/items/weapons/tempered_warhammer.webp,"Concept of ""Закалённый молот"", a single fantasy two-handed war hammer, large blunt head with spike on the back, long haft, made of tempered blue-silver steel, spirit-wood, sapphire inlay, faint mithril runes, master-crafted, faint magical etching, polished surfaces, vertical orientation, weapon pointing up, isolated single object, transparent or plain dark background, centered, full item visible, side view, no human, no hands, sharp focus, high detail, painterly style, fantasy item icon, soft rim light, slight specular highlights, 512x1536, cool blue rim light, runes faintly glowing --ar 1:3","text, watermark, logo, signature, blurry, low quality, multiple objects, hands, person, character, perspective distortion, cluttered background, horizontal layout, sideways, nsfw"
weapons,archmage_staff,Посох архимага,6,weapon,1,4,1:4,icons/items/weapons/archmage_staff.webp,systems/iron-hills-system/icons/items/weapons/archmage_staff.webp,true,systems/iron-hills-system/icons/items/weapons/archmage_staff.webp,"Concept of ""Посох архимага"", a single fantasy wizard's staff, tall straight pole, ornamented head, no orb floating, made of mithril (silver-white metal with blue sheen), ebony wood, silver runes, diamond inlay, elven and dwarven luxury craftsmanship, glowing engravings, extreme vertical orientation, weapon pointing up, full length visible top-to-bottom, isolated single object, transparent or plain dark background, centered, full item visible, side view, no human, no hands, sharp focus, high detail, painterly style, fantasy item icon, soft rim light, slight specular highlights, 384x1536, soft silver glow, magical particles drifting upward --ar 1:4","text, watermark, logo, signature, blurry, low quality, multiple objects, hands, person, character, perspective distortion, cluttered background, horizontal layout, sideways, nsfw"
weapons,mithril_axe,Митрильный топор,6,weapon,1,2,1:2,icons/items/weapons/mithril_axe.webp,systems/iron-hills-system/icons/items/weapons/mithril_axe.webp,true,systems/iron-hills-system/icons/items/weapons/mithril_axe.webp,"Concept of ""Митрильный топор"", a single fantasy hand axe, single-bit head, wooden haft, iron banding, made of mithril (silver-white metal with blue sheen), ebony wood, silver runes, diamond inlay, elven and dwarven luxury craftsmanship, glowing engravings, vertical orientation, isolated single object, transparent or plain dark background, centered, full item visible, side view, no human, no hands, sharp focus, high detail, painterly style, fantasy item icon, soft rim light, slight specular highlights, 768x1536, soft silver glow, magical particles drifting upward --ar 1:2","text, watermark, logo, signature, blurry, low quality, multiple objects, hands, person, character, perspective distortion, cluttered background, horizontal layout, sideways, nsfw"
weapons,mithril_bow,Митрильный лук,6,weapon,1,4,1:4,icons/items/weapons/mithril_bow.webp,systems/iron-hills-system/icons/items/weapons/mithril_bow.webp,true,systems/iron-hills-system/icons/items/weapons/mithril_bow.webp,"Concept of ""Митрильный лук"", a single fantasy longbow, recurve limbs, drawstring, no arrow nocked, made of mithril (silver-white metal with blue sheen), ebony wood, silver runes, diamond inlay, elven and dwarven luxury craftsmanship, glowing engravings, extreme vertical orientation, weapon pointing up, full length visible top-to-bottom, isolated single object, transparent or plain dark background, centered, full item visible, side view, no human, no hands, sharp focus, high detail, painterly style, fantasy item icon, soft rim light, slight specular highlights, 384x1536, soft silver glow, magical particles drifting upward --ar 1:4","text, watermark, logo, signature, blurry, low quality, multiple objects, hands, person, character, perspective distortion, cluttered background, horizontal layout, sideways, nsfw"
weapons,mithril_chakram,Митрильный чакрам,6,weapon,1,1,1:1,icons/items/weapons/mithril_chakram.webp,systems/iron-hills-system/icons/items/weapons/mithril_chakram.webp,true,systems/iron-hills-system/icons/items/weapons/mithril_chakram.webp,"Concept of ""Митрильный чакрам"", a set of three fantasy throwing daggers / chakrams arranged in a fan, balanced, identical, made of mithril (silver-white metal with blue sheen), ebony wood, silver runes, diamond inlay, elven and dwarven luxury craftsmanship, glowing engravings, fan layout, balanced composition, isolated single object, transparent or plain dark background, centered, full item visible, side view, no human, no hands, sharp focus, high detail, painterly style, fantasy item icon, soft rim light, slight specular highlights, 1024x1024, soft silver glow, magical particles drifting upward --ar 1:1","text, watermark, logo, signature, blurry, low quality, multiple objects, hands, person, character, perspective distortion, cluttered background, horizontal layout, sideways, nsfw"
weapons,mithril_crossbow,Митрильный арбалет,6,weapon,1,3,1:3,icons/items/weapons/mithril_crossbow.webp,systems/iron-hills-system/icons/items/weapons/mithril_crossbow.webp,true,systems/iron-hills-system/icons/items/weapons/mithril_crossbow.webp,"Concept of ""Митрильный арбалет"", a single fantasy crossbow, wooden tiller with steel limbs, intricate trigger mechanism, no bolt loaded, made of mithril (silver-white metal with blue sheen), ebony wood, silver runes, diamond inlay, elven and dwarven luxury craftsmanship, glowing engravings, vertical orientation, weapon pointing up, isolated single object, transparent or plain dark background, centered, full item visible, side view, no human, no hands, sharp focus, high detail, painterly style, fantasy item icon, soft rim light, slight specular highlights, 512x1536, soft silver glow, magical particles drifting upward --ar 1:3","text, watermark, logo, signature, blurry, low quality, multiple objects, hands, person, character, perspective distortion, cluttered background, horizontal layout, sideways, nsfw"
weapons,mithril_flail,Митрильный кистень,6,weapon,1,2,1:2,icons/items/weapons/mithril_flail.webp,systems/iron-hills-system/icons/items/weapons/mithril_flail.webp,true,systems/iron-hills-system/icons/items/weapons/mithril_flail.webp,"Concept of ""Митрильный кистень"", a single fantasy flail, spiked metal ball on chain, wooden grip, dangerous looking, made of mithril (silver-white metal with blue sheen), ebony wood, silver runes, diamond inlay, elven and dwarven luxury craftsmanship, glowing engravings, vertical orientation, isolated single object, transparent or plain dark background, centered, full item visible, side view, no human, no hands, sharp focus, high detail, painterly style, fantasy item icon, soft rim light, slight specular highlights, 768x1536, soft silver glow, magical particles drifting upward --ar 1:2","text, watermark, logo, signature, blurry, low quality, multiple objects, hands, person, character, perspective distortion, cluttered background, horizontal layout, sideways, nsfw"
weapons,mithril_greataxe,Митрильная секира,6,weapon,1,3,1:3,icons/items/weapons/mithril_greataxe.webp,systems/iron-hills-system/icons/items/weapons/mithril_greataxe.webp,true,systems/iron-hills-system/icons/items/weapons/mithril_greataxe.webp,"Concept of ""Митрильная секира"", a single fantasy two-handed battle axe / great-axe, large bearded head, long oak haft, iron rivets, made of mithril (silver-white metal with blue sheen), ebony wood, silver runes, diamond inlay, elven and dwarven luxury craftsmanship, glowing engravings, vertical orientation, weapon pointing up, isolated single object, transparent or plain dark background, centered, full item visible, side view, no human, no hands, sharp focus, high detail, painterly style, fantasy item icon, soft rim light, slight specular highlights, 512x1536, soft silver glow, magical particles drifting upward --ar 1:3","text, watermark, logo, signature, blurry, low quality, multiple objects, hands, person, character, perspective distortion, cluttered background, horizontal layout, sideways, nsfw"
weapons,mithril_greatsword,Митрильный двуруч,6,weapon,1,4,1:4,icons/items/weapons/mithril_greatsword.webp,systems/iron-hills-system/icons/items/weapons/mithril_greatsword.webp,true,systems/iron-hills-system/icons/items/weapons/mithril_greatsword.webp,"Concept of ""Митрильный двуруч"", a single fantasy two-handed greatsword, long straight blade, large cross guard, ricasso, two-hand grip, made of mithril (silver-white metal with blue sheen), ebony wood, silver runes, diamond inlay, elven and dwarven luxury craftsmanship, glowing engravings, extreme vertical orientation, weapon pointing up, full length visible top-to-bottom, isolated single object, transparent or plain dark background, centered, full item visible, side view, no human, no hands, sharp focus, high detail, painterly style, fantasy item icon, soft rim light, slight specular highlights, 384x1536, soft silver glow, magical particles drifting upward --ar 1:4","text, watermark, logo, signature, blurry, low quality, multiple objects, hands, person, character, perspective distortion, cluttered background, horizontal layout, sideways, nsfw"
weapons,mithril_knife,Митрильный нож,6,weapon,1,2,1:2,icons/items/weapons/mithril_knife.webp,systems/iron-hills-system/icons/items/weapons/mithril_knife.webp,true,systems/iron-hills-system/icons/items/weapons/mithril_knife.webp,"Concept of ""Митрильный нож"", a single fantasy combat knife / dagger, leaf-shaped blade, full tang, leather-wrapped grip, made of mithril (silver-white metal with blue sheen), ebony wood, silver runes, diamond inlay, elven and dwarven luxury craftsmanship, glowing engravings, vertical orientation, isolated single object, transparent or plain dark background, centered, full item visible, side view, no human, no hands, sharp focus, high detail, painterly style, fantasy item icon, soft rim light, slight specular highlights, 768x1536, soft silver glow, magical particles drifting upward --ar 1:2","text, watermark, logo, signature, blurry, low quality, multiple objects, hands, person, character, perspective distortion, cluttered background, horizontal layout, sideways, nsfw"
weapons,mithril_mace,Митрильная булава,6,weapon,1,2,1:2,icons/items/weapons/mithril_mace.webp,systems/iron-hills-system/icons/items/weapons/mithril_mace.webp,true,systems/iron-hills-system/icons/items/weapons/mithril_mace.webp,"Concept of ""Митрильная булава"", a single fantasy mace, flanged head, short metal haft, leather grip, made of mithril (silver-white metal with blue sheen), ebony wood, silver runes, diamond inlay, elven and dwarven luxury craftsmanship, glowing engravings, vertical orientation, isolated single object, transparent or plain dark background, centered, full item visible, side view, no human, no hands, sharp focus, high detail, painterly style, fantasy item icon, soft rim light, slight specular highlights, 768x1536, soft silver glow, magical particles drifting upward --ar 1:2","text, watermark, logo, signature, blurry, low quality, multiple objects, hands, person, character, perspective distortion, cluttered background, horizontal layout, sideways, nsfw"
weapons,mithril_spear,Митрильное копьё,6,weapon,1,4,1:4,icons/items/weapons/mithril_spear.webp,systems/iron-hills-system/icons/items/weapons/mithril_spear.webp,true,systems/iron-hills-system/icons/items/weapons/mithril_spear.webp,"Concept of ""Митрильное копьё"", a single fantasy spear, long straight shaft, leaf-shaped spearhead, bound with leather strap, made of mithril (silver-white metal with blue sheen), ebony wood, silver runes, diamond inlay, elven and dwarven luxury craftsmanship, glowing engravings, extreme vertical orientation, weapon pointing up, full length visible top-to-bottom, isolated single object, transparent or plain dark background, centered, full item visible, side view, no human, no hands, sharp focus, high detail, painterly style, fantasy item icon, soft rim light, slight specular highlights, 384x1536, soft silver glow, magical particles drifting upward --ar 1:4","text, watermark, logo, signature, blurry, low quality, multiple objects, hands, person, character, perspective distortion, cluttered background, horizontal layout, sideways, nsfw"
weapons,mithril_sword,Митрильный меч,6,weapon,1,3,1:3,icons/items/weapons/mithril_sword.webp,systems/iron-hills-system/icons/items/weapons/mithril_sword.webp,true,systems/iron-hills-system/icons/items/weapons/mithril_sword.webp,"Concept of ""Митрильный меч"", a single fantasy arming sword, straight double-edged blade, cross guard, leather-wrapped grip, made of mithril (silver-white metal with blue sheen), ebony wood, silver runes, diamond inlay, elven and dwarven luxury craftsmanship, glowing engravings, vertical orientation, weapon pointing up, isolated single object, transparent or plain dark background, centered, full item visible, side view, no human, no hands, sharp focus, high detail, painterly style, fantasy item icon, soft rim light, slight specular highlights, 512x1536, soft silver glow, magical particles drifting upward --ar 1:3","text, watermark, logo, signature, blurry, low quality, multiple objects, hands, person, character, perspective distortion, cluttered background, horizontal layout, sideways, nsfw"
weapons,mithril_warhammer,Митрильный молот,6,weapon,1,3,1:3,icons/items/weapons/mithril_warhammer.webp,systems/iron-hills-system/icons/items/weapons/mithril_warhammer.webp,true,systems/iron-hills-system/icons/items/weapons/mithril_warhammer.webp,"Concept of ""Митрильный молот"", a single fantasy two-handed war hammer, large blunt head with spike on the back, long haft, made of mithril (silver-white metal with blue sheen), ebony wood, silver runes, diamond inlay, elven and dwarven luxury craftsmanship, glowing engravings, vertical orientation, weapon pointing up, isolated single object, transparent or plain dark background, centered, full item visible, side view, no human, no hands, sharp focus, high detail, painterly style, fantasy item icon, soft rim light, slight specular highlights, 512x1536, soft silver glow, magical particles drifting upward --ar 1:3","text, watermark, logo, signature, blurry, low quality, multiple objects, hands, person, character, perspective distortion, cluttered background, horizontal layout, sideways, nsfw"
weapons,dark_axe,Тёмный топор,7,weapon,1,2,1:2,icons/items/weapons/dark_axe.webp,systems/iron-hills-system/icons/items/weapons/dark_axe.webp,true,systems/iron-hills-system/icons/items/weapons/dark_axe.webp,"Concept of ""Тёмный топор"", a single fantasy hand axe, single-bit head, wooden haft, iron banding, made of dark iron with purple crystal veins, eternal-wood grip, void-crystal pommel, faint smoke, ominous, brooding, menacing presence, evil-looking, vertical orientation, isolated single object, transparent or plain dark background, centered, full item visible, side view, no human, no hands, sharp focus, high detail, painterly style, fantasy item icon, soft rim light, slight specular highlights, 768x1536, deep purple glow, wisps of smoke, ember-like sparks --ar 1:2","text, watermark, logo, signature, blurry, low quality, multiple objects, hands, person, character, perspective distortion, cluttered background, horizontal layout, sideways, nsfw"
weapons,dark_blade,Тёмный клинок,7,weapon,1,3,1:3,icons/items/weapons/dark_blade.webp,systems/iron-hills-system/icons/items/weapons/dark_blade.webp,true,systems/iron-hills-system/icons/items/weapons/dark_blade.webp,"Concept of ""Тёмный клинок"", a single fantasy arming sword, straight double-edged blade, cross guard, leather-wrapped grip, made of dark iron with purple crystal veins, eternal-wood grip, void-crystal pommel, faint smoke, ominous, brooding, menacing presence, evil-looking, vertical orientation, weapon pointing up, isolated single object, transparent or plain dark background, centered, full item visible, side view, no human, no hands, sharp focus, high detail, painterly style, fantasy item icon, soft rim light, slight specular highlights, 512x1536, deep purple glow, wisps of smoke, ember-like sparks --ar 1:3","text, watermark, logo, signature, blurry, low quality, multiple objects, hands, person, character, perspective distortion, cluttered background, horizontal layout, sideways, nsfw"
weapons,darkiron_bow,Лук тёмного железа,7,weapon,1,4,1:4,icons/items/weapons/darkiron_bow.webp,systems/iron-hills-system/icons/items/weapons/darkiron_bow.webp,true,systems/iron-hills-system/icons/items/weapons/darkiron_bow.webp,"Concept of ""Лук тёмного железа"", a single fantasy longbow, recurve limbs, drawstring, no arrow nocked, made of dark iron with purple crystal veins, eternal-wood grip, void-crystal pommel, faint smoke, ominous, brooding, menacing presence, evil-looking, extreme vertical orientation, weapon pointing up, full length visible top-to-bottom, isolated single object, transparent or plain dark background, centered, full item visible, side view, no human, no hands, sharp focus, high detail, painterly style, fantasy item icon, soft rim light, slight specular highlights, 384x1536, deep purple glow, wisps of smoke, ember-like sparks --ar 1:4","text, watermark, logo, signature, blurry, low quality, multiple objects, hands, person, character, perspective distortion, cluttered background, horizontal layout, sideways, nsfw"
weapons,darkiron_chakram,Чакрам тёмного железа,7,weapon,1,1,1:1,icons/items/weapons/darkiron_chakram.webp,systems/iron-hills-system/icons/items/weapons/darkiron_chakram.webp,true,systems/iron-hills-system/icons/items/weapons/darkiron_chakram.webp,"Concept of ""Чакрам тёмного железа"", a set of three fantasy throwing daggers / chakrams arranged in a fan, balanced, identical, made of dark iron with purple crystal veins, eternal-wood grip, void-crystal pommel, faint smoke, ominous, brooding, menacing presence, evil-looking, fan layout, balanced composition, isolated single object, transparent or plain dark background, centered, full item visible, side view, no human, no hands, sharp focus, high detail, painterly style, fantasy item icon, soft rim light, slight specular highlights, 1024x1024, deep purple glow, wisps of smoke, ember-like sparks --ar 1:1","text, watermark, logo, signature, blurry, low quality, multiple objects, hands, person, character, perspective distortion, cluttered background, horizontal layout, sideways, nsfw"
weapons,darkiron_crossbow,Арбалет тёмного железа,7,weapon,1,3,1:3,icons/items/weapons/darkiron_crossbow.webp,systems/iron-hills-system/icons/items/weapons/darkiron_crossbow.webp,true,systems/iron-hills-system/icons/items/weapons/darkiron_crossbow.webp,"Concept of ""Арбалет тёмного железа"", a single fantasy crossbow, wooden tiller with steel limbs, intricate trigger mechanism, no bolt loaded, made of dark iron with purple crystal veins, eternal-wood grip, void-crystal pommel, faint smoke, ominous, brooding, menacing presence, evil-looking, vertical orientation, weapon pointing up, isolated single object, transparent or plain dark background, centered, full item visible, side view, no human, no hands, sharp focus, high detail, painterly style, fantasy item icon, soft rim light, slight specular highlights, 512x1536, deep purple glow, wisps of smoke, ember-like sparks --ar 1:3","text, watermark, logo, signature, blurry, low quality, multiple objects, hands, person, character, perspective distortion, cluttered background, horizontal layout, sideways, nsfw"
weapons,darkiron_flail,Цеп тёмного железа,7,weapon,1,2,1:2,icons/items/weapons/darkiron_flail.webp,systems/iron-hills-system/icons/items/weapons/darkiron_flail.webp,true,systems/iron-hills-system/icons/items/weapons/darkiron_flail.webp,"Concept of ""Цеп тёмного железа"", a single fantasy flail, spiked metal ball on chain, wooden grip, dangerous looking, made of dark iron with purple crystal veins, eternal-wood grip, void-crystal pommel, faint smoke, ominous, brooding, menacing presence, evil-looking, vertical orientation, isolated single object, transparent or plain dark background, centered, full item visible, side view, no human, no hands, sharp focus, high detail, painterly style, fantasy item icon, soft rim light, slight specular highlights, 768x1536, deep purple glow, wisps of smoke, ember-like sparks --ar 1:2","text, watermark, logo, signature, blurry, low quality, multiple objects, hands, person, character, perspective distortion, cluttered background, horizontal layout, sideways, nsfw"
weapons,darkiron_greataxe,Секира тёмного железа,7,weapon,1,3,1:3,icons/items/weapons/darkiron_greataxe.webp,systems/iron-hills-system/icons/items/weapons/darkiron_greataxe.webp,true,systems/iron-hills-system/icons/items/weapons/darkiron_greataxe.webp,"Concept of ""Секира тёмного железа"", a single fantasy two-handed battle axe / great-axe, large bearded head, long oak haft, iron rivets, made of dark iron with purple crystal veins, eternal-wood grip, void-crystal pommel, faint smoke, ominous, brooding, menacing presence, evil-looking, vertical orientation, weapon pointing up, isolated single object, transparent or plain dark background, centered, full item visible, side view, no human, no hands, sharp focus, high detail, painterly style, fantasy item icon, soft rim light, slight specular highlights, 512x1536, deep purple glow, wisps of smoke, ember-like sparks --ar 1:3","text, watermark, logo, signature, blurry, low quality, multiple objects, hands, person, character, perspective distortion, cluttered background, horizontal layout, sideways, nsfw"
weapons,darkiron_greatsword,Двуруч тёмного железа,7,weapon,1,4,1:4,icons/items/weapons/darkiron_greatsword.webp,systems/iron-hills-system/icons/items/weapons/darkiron_greatsword.webp,true,systems/iron-hills-system/icons/items/weapons/darkiron_greatsword.webp,"Concept of ""Двуруч тёмного железа"", a single fantasy two-handed greatsword, long straight blade, large cross guard, ricasso, two-hand grip, made of dark iron with purple crystal veins, eternal-wood grip, void-crystal pommel, faint smoke, ominous, brooding, menacing presence, evil-looking, extreme vertical orientation, weapon pointing up, full length visible top-to-bottom, isolated single object, transparent or plain dark background, centered, full item visible, side view, no human, no hands, sharp focus, high detail, painterly style, fantasy item icon, soft rim light, slight specular highlights, 384x1536, deep purple glow, wisps of smoke, ember-like sparks --ar 1:4","text, watermark, logo, signature, blurry, low quality, multiple objects, hands, person, character, perspective distortion, cluttered background, horizontal layout, sideways, nsfw"
weapons,darkiron_knife,Кинжал тёмного железа,7,weapon,1,2,1:2,icons/items/weapons/darkiron_knife.webp,systems/iron-hills-system/icons/items/weapons/darkiron_knife.webp,true,systems/iron-hills-system/icons/items/weapons/darkiron_knife.webp,"Concept of ""Кинжал тёмного железа"", a single fantasy combat knife / dagger, leaf-shaped blade, full tang, leather-wrapped grip, made of dark iron with purple crystal veins, eternal-wood grip, void-crystal pommel, faint smoke, ominous, brooding, menacing presence, evil-looking, vertical orientation, isolated single object, transparent or plain dark background, centered, full item visible, side view, no human, no hands, sharp focus, high detail, painterly style, fantasy item icon, soft rim light, slight specular highlights, 768x1536, deep purple glow, wisps of smoke, ember-like sparks --ar 1:2","text, watermark, logo, signature, blurry, low quality, multiple objects, hands, person, character, perspective distortion, cluttered background, horizontal layout, sideways, nsfw"
weapons,darkiron_mace,Молот тёмного железа,7,weapon,1,2,1:2,icons/items/weapons/darkiron_mace.webp,systems/iron-hills-system/icons/items/weapons/darkiron_mace.webp,true,systems/iron-hills-system/icons/items/weapons/darkiron_mace.webp,"Concept of ""Молот тёмного железа"", a single fantasy mace, flanged head, short metal haft, leather grip, made of dark iron with purple crystal veins, eternal-wood grip, void-crystal pommel, faint smoke, ominous, brooding, menacing presence, evil-looking, vertical orientation, isolated single object, transparent or plain dark background, centered, full item visible, side view, no human, no hands, sharp focus, high detail, painterly style, fantasy item icon, soft rim light, slight specular highlights, 768x1536, deep purple glow, wisps of smoke, ember-like sparks --ar 1:2","text, watermark, logo, signature, blurry, low quality, multiple objects, hands, person, character, perspective distortion, cluttered background, horizontal layout, sideways, nsfw"
weapons,darkiron_pike,Пика тёмного железа,7,weapon,1,4,1:4,icons/items/weapons/darkiron_pike.webp,systems/iron-hills-system/icons/items/weapons/darkiron_pike.webp,true,systems/iron-hills-system/icons/items/weapons/darkiron_pike.webp,"Concept of ""Пика тёмного железа"", a single fantasy spear, long straight shaft, leaf-shaped spearhead, bound with leather strap, made of dark iron with purple crystal veins, eternal-wood grip, void-crystal pommel, faint smoke, ominous, brooding, menacing presence, evil-looking, extreme vertical orientation, weapon pointing up, full length visible top-to-bottom, isolated single object, transparent or plain dark background, centered, full item visible, side view, no human, no hands, sharp focus, high detail, painterly style, fantasy item icon, soft rim light, slight specular highlights, 384x1536, deep purple glow, wisps of smoke, ember-like sparks --ar 1:4","text, watermark, logo, signature, blurry, low quality, multiple objects, hands, person, character, perspective distortion, cluttered background, horizontal layout, sideways, nsfw"
weapons,darkiron_staff,Посох тёмного железа,7,weapon,1,4,1:4,icons/items/weapons/darkiron_staff.webp,systems/iron-hills-system/icons/items/weapons/darkiron_staff.webp,true,systems/iron-hills-system/icons/items/weapons/darkiron_staff.webp,"Concept of ""Посох тёмного железа"", a single fantasy wizard's staff, tall straight pole, ornamented head, no orb floating, made of dark iron with purple crystal veins, eternal-wood grip, void-crystal pommel, faint smoke, ominous, brooding, menacing presence, evil-looking, extreme vertical orientation, weapon pointing up, full length visible top-to-bottom, isolated single object, transparent or plain dark background, centered, full item visible, side view, no human, no hands, sharp focus, high detail, painterly style, fantasy item icon, soft rim light, slight specular highlights, 384x1536, deep purple glow, wisps of smoke, ember-like sparks --ar 1:4","text, watermark, logo, signature, blurry, low quality, multiple objects, hands, person, character, perspective distortion, cluttered background, horizontal layout, sideways, nsfw"
weapons,darkiron_warhammer,Молот тёмного железа,7,weapon,1,3,1:3,icons/items/weapons/darkiron_warhammer.webp,systems/iron-hills-system/icons/items/weapons/darkiron_warhammer.webp,true,systems/iron-hills-system/icons/items/weapons/darkiron_warhammer.webp,"Concept of ""Молот тёмного железа"", a single fantasy two-handed war hammer, large blunt head with spike on the back, long haft, made of dark iron with purple crystal veins, eternal-wood grip, void-crystal pommel, faint smoke, ominous, brooding, menacing presence, evil-looking, vertical orientation, weapon pointing up, isolated single object, transparent or plain dark background, centered, full item visible, side view, no human, no hands, sharp focus, high detail, painterly style, fantasy item icon, soft rim light, slight specular highlights, 512x1536, deep purple glow, wisps of smoke, ember-like sparks --ar 1:3","text, watermark, logo, signature, blurry, low quality, multiple objects, hands, person, character, perspective distortion, cluttered background, horizontal layout, sideways, nsfw"
weapons,starmetal_axe,Звёздный топор,8,weapon,1,2,1:2,icons/items/weapons/starmetal_axe.webp,systems/iron-hills-system/icons/items/weapons/starmetal_axe.webp,true,systems/iron-hills-system/icons/items/weapons/starmetal_axe.webp,"Concept of ""Звёздный топор"", a single fantasy hand axe, single-bit head, wooden haft, iron banding, made of starmetal (deep blue metal with starfield interior), world-tree wood, dragon-leather grip, slowly rotating runes, celestial, otherworldly, primordial, vertical orientation, isolated single object, transparent or plain dark background, centered, full item visible, side view, no human, no hands, sharp focus, high detail, painterly style, fantasy item icon, soft rim light, slight specular highlights, 768x1536, cosmic blue and violet glow, starfield bokeh, slowly orbiting glowing runes --ar 1:2","text, watermark, logo, signature, blurry, low quality, multiple objects, hands, person, character, perspective distortion, cluttered background, horizontal layout, sideways, nsfw"
weapons,starmetal_bow,Звёздный лук,8,weapon,1,4,1:4,icons/items/weapons/starmetal_bow.webp,systems/iron-hills-system/icons/items/weapons/starmetal_bow.webp,true,systems/iron-hills-system/icons/items/weapons/starmetal_bow.webp,"Concept of ""Звёздный лук"", a single fantasy longbow, recurve limbs, drawstring, no arrow nocked, made of starmetal (deep blue metal with starfield interior), world-tree wood, dragon-leather grip, slowly rotating runes, celestial, otherworldly, primordial, extreme vertical orientation, weapon pointing up, full length visible top-to-bottom, isolated single object, transparent or plain dark background, centered, full item visible, side view, no human, no hands, sharp focus, high detail, painterly style, fantasy item icon, soft rim light, slight specular highlights, 384x1536, cosmic blue and violet glow, starfield bokeh, slowly orbiting glowing runes --ar 1:4","text, watermark, logo, signature, blurry, low quality, multiple objects, hands, person, character, perspective distortion, cluttered background, horizontal layout, sideways, nsfw"
weapons,starmetal_chakram,Звёздный чакрам,8,weapon,1,1,1:1,icons/items/weapons/starmetal_chakram.webp,systems/iron-hills-system/icons/items/weapons/starmetal_chakram.webp,true,systems/iron-hills-system/icons/items/weapons/starmetal_chakram.webp,"Concept of ""Звёздный чакрам"", a set of three fantasy throwing daggers / chakrams arranged in a fan, balanced, identical, made of starmetal (deep blue metal with starfield interior), world-tree wood, dragon-leather grip, slowly rotating runes, celestial, otherworldly, primordial, fan layout, balanced composition, isolated single object, transparent or plain dark background, centered, full item visible, side view, no human, no hands, sharp focus, high detail, painterly style, fantasy item icon, soft rim light, slight specular highlights, 1024x1024, cosmic blue and violet glow, starfield bokeh, slowly orbiting glowing runes --ar 1:1","text, watermark, logo, signature, blurry, low quality, multiple objects, hands, person, character, perspective distortion, cluttered background, horizontal layout, sideways, nsfw"
weapons,starmetal_crossbow,Звёздный арбалет,8,weapon,1,3,1:3,icons/items/weapons/starmetal_crossbow.webp,systems/iron-hills-system/icons/items/weapons/starmetal_crossbow.webp,true,systems/iron-hills-system/icons/items/weapons/starmetal_crossbow.webp,"Concept of ""Звёздный арбалет"", a single fantasy crossbow, wooden tiller with steel limbs, intricate trigger mechanism, no bolt loaded, made of starmetal (deep blue metal with starfield interior), world-tree wood, dragon-leather grip, slowly rotating runes, celestial, otherworldly, primordial, vertical orientation, weapon pointing up, isolated single object, transparent or plain dark background, centered, full item visible, side view, no human, no hands, sharp focus, high detail, painterly style, fantasy item icon, soft rim light, slight specular highlights, 512x1536, cosmic blue and violet glow, starfield bokeh, slowly orbiting glowing runes --ar 1:3","text, watermark, logo, signature, blurry, low quality, multiple objects, hands, person, character, perspective distortion, cluttered background, horizontal layout, sideways, nsfw"
weapons,starmetal_flail,Звёздный кистень,8,weapon,1,2,1:2,icons/items/weapons/starmetal_flail.webp,systems/iron-hills-system/icons/items/weapons/starmetal_flail.webp,true,systems/iron-hills-system/icons/items/weapons/starmetal_flail.webp,"Concept of ""Звёздный кистень"", a single fantasy flail, spiked metal ball on chain, wooden grip, dangerous looking, made of starmetal (deep blue metal with starfield interior), world-tree wood, dragon-leather grip, slowly rotating runes, celestial, otherworldly, primordial, vertical orientation, isolated single object, transparent or plain dark background, centered, full item visible, side view, no human, no hands, sharp focus, high detail, painterly style, fantasy item icon, soft rim light, slight specular highlights, 768x1536, cosmic blue and violet glow, starfield bokeh, slowly orbiting glowing runes --ar 1:2","text, watermark, logo, signature, blurry, low quality, multiple objects, hands, person, character, perspective distortion, cluttered background, horizontal layout, sideways, nsfw"
weapons,starmetal_greataxe,Звёздная секира,8,weapon,1,3,1:3,icons/items/weapons/starmetal_greataxe.webp,systems/iron-hills-system/icons/items/weapons/starmetal_greataxe.webp,true,systems/iron-hills-system/icons/items/weapons/starmetal_greataxe.webp,"Concept of ""Звёздная секира"", a single fantasy two-handed battle axe / great-axe, large bearded head, long oak haft, iron rivets, made of starmetal (deep blue metal with starfield interior), world-tree wood, dragon-leather grip, slowly rotating runes, celestial, otherworldly, primordial, vertical orientation, weapon pointing up, isolated single object, transparent or plain dark background, centered, full item visible, side view, no human, no hands, sharp focus, high detail, painterly style, fantasy item icon, soft rim light, slight specular highlights, 512x1536, cosmic blue and violet glow, starfield bokeh, slowly orbiting glowing runes --ar 1:3","text, watermark, logo, signature, blurry, low quality, multiple objects, hands, person, character, perspective distortion, cluttered background, horizontal layout, sideways, nsfw"
weapons,starmetal_greatsword,Звёздный двуруч,8,weapon,1,4,1:4,icons/items/weapons/starmetal_greatsword.webp,systems/iron-hills-system/icons/items/weapons/starmetal_greatsword.webp,true,systems/iron-hills-system/icons/items/weapons/starmetal_greatsword.webp,"Concept of ""Звёздный двуруч"", a single fantasy two-handed greatsword, long straight blade, large cross guard, ricasso, two-hand grip, made of starmetal (deep blue metal with starfield interior), world-tree wood, dragon-leather grip, slowly rotating runes, celestial, otherworldly, primordial, extreme vertical orientation, weapon pointing up, full length visible top-to-bottom, isolated single object, transparent or plain dark background, centered, full item visible, side view, no human, no hands, sharp focus, high detail, painterly style, fantasy item icon, soft rim light, slight specular highlights, 384x1536, cosmic blue and violet glow, starfield bokeh, slowly orbiting glowing runes --ar 1:4","text, watermark, logo, signature, blurry, low quality, multiple objects, hands, person, character, perspective distortion, cluttered background, horizontal layout, sideways, nsfw"
weapons,starmetal_mace,Звёздная булава,8,weapon,1,2,1:2,icons/items/weapons/starmetal_mace.webp,systems/iron-hills-system/icons/items/weapons/starmetal_mace.webp,true,systems/iron-hills-system/icons/items/weapons/starmetal_mace.webp,"Concept of ""Звёздная булава"", a single fantasy mace, flanged head, short metal haft, leather grip, made of starmetal (deep blue metal with starfield interior), world-tree wood, dragon-leather grip, slowly rotating runes, celestial, otherworldly, primordial, vertical orientation, isolated single object, transparent or plain dark background, centered, full item visible, side view, no human, no hands, sharp focus, high detail, painterly style, fantasy item icon, soft rim light, slight specular highlights, 768x1536, cosmic blue and violet glow, starfield bokeh, slowly orbiting glowing runes --ar 1:2","text, watermark, logo, signature, blurry, low quality, multiple objects, hands, person, character, perspective distortion, cluttered background, horizontal layout, sideways, nsfw"
weapons,starmetal_spear,Звёздное копьё,8,weapon,1,4,1:4,icons/items/weapons/starmetal_spear.webp,systems/iron-hills-system/icons/items/weapons/starmetal_spear.webp,true,systems/iron-hills-system/icons/items/weapons/starmetal_spear.webp,"Concept of ""Звёздное копьё"", a single fantasy spear, long straight shaft, leaf-shaped spearhead, bound with leather strap, made of starmetal (deep blue metal with starfield interior), world-tree wood, dragon-leather grip, slowly rotating runes, celestial, otherworldly, primordial, extreme vertical orientation, weapon pointing up, full length visible top-to-bottom, isolated single object, transparent or plain dark background, centered, full item visible, side view, no human, no hands, sharp focus, high detail, painterly style, fantasy item icon, soft rim light, slight specular highlights, 384x1536, cosmic blue and violet glow, starfield bokeh, slowly orbiting glowing runes --ar 1:4","text, watermark, logo, signature, blurry, low quality, multiple objects, hands, person, character, perspective distortion, cluttered background, horizontal layout, sideways, nsfw"
weapons,starmetal_staff,Звёздный посох,8,weapon,1,4,1:4,icons/items/weapons/starmetal_staff.webp,systems/iron-hills-system/icons/items/weapons/starmetal_staff.webp,true,systems/iron-hills-system/icons/items/weapons/starmetal_staff.webp,"Concept of ""Звёздный посох"", a single fantasy wizard's staff, tall straight pole, ornamented head, no orb floating, made of starmetal (deep blue metal with starfield interior), world-tree wood, dragon-leather grip, slowly rotating runes, celestial, otherworldly, primordial, extreme vertical orientation, weapon pointing up, full length visible top-to-bottom, isolated single object, transparent or plain dark background, centered, full item visible, side view, no human, no hands, sharp focus, high detail, painterly style, fantasy item icon, soft rim light, slight specular highlights, 384x1536, cosmic blue and violet glow, starfield bokeh, slowly orbiting glowing runes --ar 1:4","text, watermark, logo, signature, blurry, low quality, multiple objects, hands, person, character, perspective distortion, cluttered background, horizontal layout, sideways, nsfw"
weapons,starmetal_warhammer,Звёздный молот,8,weapon,1,3,1:3,icons/items/weapons/starmetal_warhammer.webp,systems/iron-hills-system/icons/items/weapons/starmetal_warhammer.webp,true,systems/iron-hills-system/icons/items/weapons/starmetal_warhammer.webp,"Concept of ""Звёздный молот"", a single fantasy two-handed war hammer, large blunt head with spike on the back, long haft, made of starmetal (deep blue metal with starfield interior), world-tree wood, dragon-leather grip, slowly rotating runes, celestial, otherworldly, primordial, vertical orientation, weapon pointing up, isolated single object, transparent or plain dark background, centered, full item visible, side view, no human, no hands, sharp focus, high detail, painterly style, fantasy item icon, soft rim light, slight specular highlights, 512x1536, cosmic blue and violet glow, starfield bokeh, slowly orbiting glowing runes --ar 1:3","text, watermark, logo, signature, blurry, low quality, multiple objects, hands, person, character, perspective distortion, cluttered background, horizontal layout, sideways, nsfw"
weapons,void_blade,Клинок Пустоты,8,weapon,1,3,1:3,icons/items/weapons/void_blade.webp,systems/iron-hills-system/icons/items/weapons/void_blade.webp,true,systems/iron-hills-system/icons/items/weapons/void_blade.webp,"Concept of ""Клинок Пустоты"", a single fantasy arming sword, straight double-edged blade, cross guard, leather-wrapped grip, made of starmetal (deep blue metal with starfield interior), world-tree wood, dragon-leather grip, slowly rotating runes, celestial, otherworldly, primordial, vertical orientation, weapon pointing up, isolated single object, transparent or plain dark background, centered, full item visible, side view, no human, no hands, sharp focus, high detail, painterly style, fantasy item icon, soft rim light, slight specular highlights, 512x1536, cosmic blue and violet glow, starfield bokeh, slowly orbiting glowing runes --ar 1:3","text, watermark, logo, signature, blurry, low quality, multiple objects, hands, person, character, perspective distortion, cluttered background, horizontal layout, sideways, nsfw"
weapons,void_dagger,Кинжал Пустоты,8,weapon,1,2,1:2,icons/items/weapons/void_dagger.webp,systems/iron-hills-system/icons/items/weapons/void_dagger.webp,true,systems/iron-hills-system/icons/items/weapons/void_dagger.webp,"Concept of ""Кинжал Пустоты"", a single fantasy combat knife / dagger, leaf-shaped blade, full tang, leather-wrapped grip, made of starmetal (deep blue metal with starfield interior), world-tree wood, dragon-leather grip, slowly rotating runes, celestial, otherworldly, primordial, vertical orientation, isolated single object, transparent or plain dark background, centered, full item visible, side view, no human, no hands, sharp focus, high detail, painterly style, fantasy item icon, soft rim light, slight specular highlights, 768x1536, cosmic blue and violet glow, starfield bokeh, slowly orbiting glowing runes --ar 1:2","text, watermark, logo, signature, blurry, low quality, multiple objects, hands, person, character, perspective distortion, cluttered background, horizontal layout, sideways, nsfw"
weapons,orichalcum_axe,Орихалковый топор,9,weapon,1,2,1:2,icons/items/weapons/orichalcum_axe.webp,systems/iron-hills-system/icons/items/weapons/orichalcum_axe.webp,true,systems/iron-hills-system/icons/items/weapons/orichalcum_axe.webp,"Concept of ""Орихалковый топор"", a single fantasy hand axe, single-bit head, wooden haft, iron banding, made of orichalcum (golden-red metal), star-shard accents, leviathan leather grip, ornate engravings, legendary, ornate, divine craftsmanship, hero-tier, edge dripping with blood-red light, razor-sharp focal lines, killing-strike geometry, vertical orientation, isolated single object, transparent or plain dark background, centered, full item visible, side view, no human, no hands, sharp focus, high detail, painterly style, fantasy item icon, soft rim light, slight specular highlights, 768x1536, golden divine light, lens flare, sparks of pure energy --ar 1:2","text, watermark, logo, signature, blurry, low quality, multiple objects, hands, person, character, perspective distortion, cluttered background, horizontal layout, sideways, nsfw"
weapons,orichalcum_blade,Клинок Орихалка,9,weapon,1,3,1:3,icons/items/weapons/orichalcum_blade.webp,systems/iron-hills-system/icons/items/weapons/orichalcum_blade.webp,true,systems/iron-hills-system/icons/items/weapons/orichalcum_blade.webp,"Concept of ""Клинок Орихалка"", a single fantasy arming sword, straight double-edged blade, cross guard, leather-wrapped grip, made of orichalcum (golden-red metal), star-shard accents, leviathan leather grip, ornate engravings, legendary, ornate, divine craftsmanship, hero-tier, metal seems to phase through reality, crimson essence swirling around the blade, razor-sharp focal lines, killing-strike geometry, vertical orientation, weapon pointing up, isolated single object, transparent or plain dark background, centered, full item visible, side view, no human, no hands, sharp focus, high detail, painterly style, fantasy item icon, soft rim light, slight specular highlights, 512x1536, golden divine light, lens flare, sparks of pure energy --ar 1:3","text, watermark, logo, signature, blurry, low quality, multiple objects, hands, person, character, perspective distortion, cluttered background, horizontal layout, sideways, nsfw"
weapons,orichalcum_bow,Лук Орихалка,9,weapon,1,4,1:4,icons/items/weapons/orichalcum_bow.webp,systems/iron-hills-system/icons/items/weapons/orichalcum_bow.webp,true,systems/iron-hills-system/icons/items/weapons/orichalcum_bow.webp,"Concept of ""Лук Орихалка"", a single fantasy longbow, recurve limbs, drawstring, no arrow nocked, made of orichalcum (golden-red metal), star-shard accents, leviathan leather grip, ornate engravings, legendary, ornate, divine craftsmanship, hero-tier, edge dripping with blood-red light, razor-sharp focal lines, killing-strike geometry, extreme vertical orientation, weapon pointing up, full length visible top-to-bottom, isolated single object, transparent or plain dark background, centered, full item visible, side view, no human, no hands, sharp focus, high detail, painterly style, fantasy item icon, soft rim light, slight specular highlights, 384x1536, golden divine light, lens flare, sparks of pure energy --ar 1:4","text, watermark, logo, signature, blurry, low quality, multiple objects, hands, person, character, perspective distortion, cluttered background, horizontal layout, sideways, nsfw"
weapons,orichalcum_chakram,Чакрам Орихалка,9,weapon,1,1,1:1,icons/items/weapons/orichalcum_chakram.webp,systems/iron-hills-system/icons/items/weapons/orichalcum_chakram.webp,true,systems/iron-hills-system/icons/items/weapons/orichalcum_chakram.webp,"Concept of ""Чакрам Орихалка"", a set of three fantasy throwing daggers / chakrams arranged in a fan, balanced, identical, made of orichalcum (golden-red metal), star-shard accents, leviathan leather grip, ornate engravings, legendary, ornate, divine craftsmanship, hero-tier, metal seems to phase through reality, edge dripping with blood-red light, razor-sharp focal lines, killing-strike geometry, fan layout, balanced composition, isolated single object, transparent or plain dark background, centered, full item visible, side view, no human, no hands, sharp focus, high detail, painterly style, fantasy item icon, soft rim light, slight specular highlights, 1024x1024, golden divine light, lens flare, sparks of pure energy --ar 1:1","text, watermark, logo, signature, blurry, low quality, multiple objects, hands, person, character, perspective distortion, cluttered background, horizontal layout, sideways, nsfw"
weapons,orichalcum_crossbow,Арбалет Орихалка,9,weapon,1,3,1:3,icons/items/weapons/orichalcum_crossbow.webp,systems/iron-hills-system/icons/items/weapons/orichalcum_crossbow.webp,true,systems/iron-hills-system/icons/items/weapons/orichalcum_crossbow.webp,"Concept of ""Арбалет Орихалка"", a single fantasy crossbow, wooden tiller with steel limbs, intricate trigger mechanism, no bolt loaded, made of orichalcum (golden-red metal), star-shard accents, leviathan leather grip, ornate engravings, legendary, ornate, divine craftsmanship, hero-tier, metal seems to phase through reality, razor-sharp focal lines, killing-strike geometry, vertical orientation, weapon pointing up, isolated single object, transparent or plain dark background, centered, full item visible, side view, no human, no hands, sharp focus, high detail, painterly style, fantasy item icon, soft rim light, slight specular highlights, 512x1536, golden divine light, lens flare, sparks of pure energy --ar 1:3","text, watermark, logo, signature, blurry, low quality, multiple objects, hands, person, character, perspective distortion, cluttered background, horizontal layout, sideways, nsfw"
weapons,orichalcum_flail,Цеп Орихалка,9,weapon,1,2,1:2,icons/items/weapons/orichalcum_flail.webp,systems/iron-hills-system/icons/items/weapons/orichalcum_flail.webp,true,systems/iron-hills-system/icons/items/weapons/orichalcum_flail.webp,"Concept of ""Цеп Орихалка"", a single fantasy flail, spiked metal ball on chain, wooden grip, dangerous looking, made of orichalcum (golden-red metal), star-shard accents, leviathan leather grip, ornate engravings, legendary, ornate, divine craftsmanship, hero-tier, crackling lightning arcs along the surface, hooked / barbed shape designed to catch and disarm, razor-sharp focal lines, killing-strike geometry, vertical orientation, isolated single object, transparent or plain dark background, centered, full item visible, side view, no human, no hands, sharp focus, high detail, painterly style, fantasy item icon, soft rim light, slight specular highlights, 768x1536, golden divine light, lens flare, sparks of pure energy --ar 1:2","text, watermark, logo, signature, blurry, low quality, multiple objects, hands, person, character, perspective distortion, cluttered background, horizontal layout, sideways, nsfw"
weapons,orichalcum_greataxe,Секира Орихалка,9,weapon,1,3,1:3,icons/items/weapons/orichalcum_greataxe.webp,systems/iron-hills-system/icons/items/weapons/orichalcum_greataxe.webp,true,systems/iron-hills-system/icons/items/weapons/orichalcum_greataxe.webp,"Concept of ""Секира Орихалка"", a single fantasy two-handed battle axe / great-axe, large bearded head, long oak haft, iron rivets, made of orichalcum (golden-red metal), star-shard accents, leviathan leather grip, ornate engravings, legendary, ornate, divine craftsmanship, hero-tier, metal seems to phase through reality, edge dripping with blood-red light, razor-sharp focal lines, killing-strike geometry, vertical orientation, weapon pointing up, isolated single object, transparent or plain dark background, centered, full item visible, side view, no human, no hands, sharp focus, high detail, painterly style, fantasy item icon, soft rim light, slight specular highlights, 512x1536, golden divine light, lens flare, sparks of pure energy --ar 1:3","text, watermark, logo, signature, blurry, low quality, multiple objects, hands, person, character, perspective distortion, cluttered background, horizontal layout, sideways, nsfw"
weapons,orichalcum_greatsword,Двуруч Орихалка,9,weapon,1,4,1:4,icons/items/weapons/orichalcum_greatsword.webp,systems/iron-hills-system/icons/items/weapons/orichalcum_greatsword.webp,true,systems/iron-hills-system/icons/items/weapons/orichalcum_greatsword.webp,"Concept of ""Двуруч Орихалка"", a single fantasy two-handed greatsword, long straight blade, large cross guard, ricasso, two-hand grip, made of orichalcum (golden-red metal), star-shard accents, leviathan leather grip, ornate engravings, legendary, ornate, divine craftsmanship, hero-tier, metal seems to phase through reality, crackling lightning arcs along the surface, razor-sharp focal lines, killing-strike geometry, extreme vertical orientation, weapon pointing up, full length visible top-to-bottom, isolated single object, transparent or plain dark background, centered, full item visible, side view, no human, no hands, sharp focus, high detail, painterly style, fantasy item icon, soft rim light, slight specular highlights, 384x1536, golden divine light, lens flare, sparks of pure energy --ar 1:4","text, watermark, logo, signature, blurry, low quality, multiple objects, hands, person, character, perspective distortion, cluttered background, horizontal layout, sideways, nsfw"
weapons,orichalcum_knife,Орихалковый кинжал,9,weapon,1,2,1:2,icons/items/weapons/orichalcum_knife.webp,systems/iron-hills-system/icons/items/weapons/orichalcum_knife.webp,true,systems/iron-hills-system/icons/items/weapons/orichalcum_knife.webp,"Concept of ""Орихалковый кинжал"", a single fantasy combat knife / dagger, leaf-shaped blade, full tang, leather-wrapped grip, made of orichalcum (golden-red metal), star-shard accents, leviathan leather grip, ornate engravings, legendary, ornate, divine craftsmanship, hero-tier, metal seems to phase through reality, edge dripping with blood-red light, razor-sharp focal lines, killing-strike geometry, vertical orientation, isolated single object, transparent or plain dark background, centered, full item visible, side view, no human, no hands, sharp focus, high detail, painterly style, fantasy item icon, soft rim light, slight specular highlights, 768x1536, golden divine light, lens flare, sparks of pure energy --ar 1:2","text, watermark, logo, signature, blurry, low quality, multiple objects, hands, person, character, perspective distortion, cluttered background, horizontal layout, sideways, nsfw"
weapons,orichalcum_mace,Молот Орихалка,9,weapon,1,2,1:2,icons/items/weapons/orichalcum_mace.webp,systems/iron-hills-system/icons/items/weapons/orichalcum_mace.webp,true,systems/iron-hills-system/icons/items/weapons/orichalcum_mace.webp,"Concept of ""Молот Орихалка"", a single fantasy mace, flanged head, short metal haft, leather grip, made of orichalcum (golden-red metal), star-shard accents, leviathan leather grip, ornate engravings, legendary, ornate, divine craftsmanship, hero-tier, metal seems to phase through reality, crackling lightning arcs along the surface, razor-sharp focal lines, killing-strike geometry, vertical orientation, isolated single object, transparent or plain dark background, centered, full item visible, side view, no human, no hands, sharp focus, high detail, painterly style, fantasy item icon, soft rim light, slight specular highlights, 768x1536, golden divine light, lens flare, sparks of pure energy --ar 1:2","text, watermark, logo, signature, blurry, low quality, multiple objects, hands, person, character, perspective distortion, cluttered background, horizontal layout, sideways, nsfw"
weapons,orichalcum_spear,Копьё Орихалка,9,weapon,1,4,1:4,icons/items/weapons/orichalcum_spear.webp,systems/iron-hills-system/icons/items/weapons/orichalcum_spear.webp,true,systems/iron-hills-system/icons/items/weapons/orichalcum_spear.webp,"Concept of ""Копьё Орихалка"", a single fantasy spear, long straight shaft, leaf-shaped spearhead, bound with leather strap, made of orichalcum (golden-red metal), star-shard accents, leviathan leather grip, ornate engravings, legendary, ornate, divine craftsmanship, hero-tier, metal seems to phase through reality, hooked / barbed shape designed to catch and disarm, razor-sharp focal lines, killing-strike geometry, extreme vertical orientation, weapon pointing up, full length visible top-to-bottom, isolated single object, transparent or plain dark background, centered, full item visible, side view, no human, no hands, sharp focus, high detail, painterly style, fantasy item icon, soft rim light, slight specular highlights, 384x1536, golden divine light, lens flare, sparks of pure energy --ar 1:4","text, watermark, logo, signature, blurry, low quality, multiple objects, hands, person, character, perspective distortion, cluttered background, horizontal layout, sideways, nsfw"
weapons,orichalcum_staff,Посох Орихалка,9,weapon,1,4,1:4,icons/items/weapons/orichalcum_staff.webp,systems/iron-hills-system/icons/items/weapons/orichalcum_staff.webp,true,systems/iron-hills-system/icons/items/weapons/orichalcum_staff.webp,"Concept of ""Посох Орихалка"", a single fantasy wizard's staff, tall straight pole, ornamented head, no orb floating, made of orichalcum (golden-red metal), star-shard accents, leviathan leather grip, ornate engravings, legendary, ornate, divine craftsmanship, hero-tier, metal seems to phase through reality, crimson essence swirling around the blade, razor-sharp focal lines, killing-strike geometry, extreme vertical orientation, weapon pointing up, full length visible top-to-bottom, isolated single object, transparent or plain dark background, centered, full item visible, side view, no human, no hands, sharp focus, high detail, painterly style, fantasy item icon, soft rim light, slight specular highlights, 384x1536, golden divine light, lens flare, sparks of pure energy --ar 1:4","text, watermark, logo, signature, blurry, low quality, multiple objects, hands, person, character, perspective distortion, cluttered background, horizontal layout, sideways, nsfw"
weapons,orichalcum_warhammer,Молот Орихалка,9,weapon,1,3,1:3,icons/items/weapons/orichalcum_warhammer.webp,systems/iron-hills-system/icons/items/weapons/orichalcum_warhammer.webp,true,systems/iron-hills-system/icons/items/weapons/orichalcum_warhammer.webp,"Concept of ""Молот Орихалка"", a single fantasy two-handed war hammer, large blunt head with spike on the back, long haft, made of orichalcum (golden-red metal), star-shard accents, leviathan leather grip, ornate engravings, legendary, ornate, divine craftsmanship, hero-tier, metal seems to phase through reality, crackling lightning arcs along the surface, razor-sharp focal lines, killing-strike geometry, vertical orientation, weapon pointing up, isolated single object, transparent or plain dark background, centered, full item visible, side view, no human, no hands, sharp focus, high detail, painterly style, fantasy item icon, soft rim light, slight specular highlights, 512x1536, golden divine light, lens flare, sparks of pure energy --ar 1:3","text, watermark, logo, signature, blurry, low quality, multiple objects, hands, person, character, perspective distortion, cluttered background, horizontal layout, sideways, nsfw"
weapons,adamantium_axe,Адамантиевый топор,10,weapon,1,2,1:2,icons/items/weapons/adamantium_axe.webp,systems/iron-hills-system/icons/items/weapons/adamantium_axe.webp,true,systems/iron-hills-system/icons/items/weapons/adamantium_axe.webp,"Concept of ""Адамантиевый топор"", a single fantasy hand axe, single-bit head, wooden haft, iron banding, made of adamantium with starheart core, godsteel hilt, leviathan leather grip, reality bending around the edge, mythical primordial weapon, wielded by gods, cracks of light leaking from the metal, metal seems to phase through reality, edge dripping with blood-red light, aura of finality, soul-reaping shimmer, razor-sharp focal lines, killing-strike geometry, vertical orientation, isolated single object, transparent or plain dark background, centered, full item visible, side view, no human, no hands, sharp focus, high detail, painterly style, fantasy item icon, soft rim light, slight specular highlights, 768x1536, intense divine aura, space-time distortion, lens flare, sparks of pure light --ar 1:2","text, watermark, logo, signature, blurry, low quality, multiple objects, hands, person, character, perspective distortion, cluttered background, horizontal layout, sideways, nsfw"
weapons,bonebreaker_flail,Костолом,10,weapon,1,2,1:2,icons/items/weapons/bonebreaker_flail.webp,systems/iron-hills-system/icons/items/weapons/bonebreaker_flail.webp,true,systems/iron-hills-system/icons/items/weapons/bonebreaker_flail.webp,"Concept of ""Костолом"", a single fantasy flail, spiked metal ball on chain, wooden grip, dangerous looking, made of adamantium with starheart core, godsteel hilt, leviathan leather grip, reality bending around the edge, mythical primordial weapon, wielded by gods, cracks of light leaking from the metal, metal seems to phase through reality, crackling lightning arcs along the surface, hooked / barbed shape designed to catch and disarm, razor-sharp focal lines, killing-strike geometry, vertical orientation, isolated single object, transparent or plain dark background, centered, full item visible, side view, no human, no hands, sharp focus, high detail, painterly style, fantasy item icon, soft rim light, slight specular highlights, 768x1536, intense divine aura, space-time distortion, lens flare, sparks of pure light --ar 1:2","text, watermark, logo, signature, blurry, low quality, multiple objects, hands, person, character, perspective distortion, cluttered background, horizontal layout, sideways, nsfw"
weapons,cataclysm_axe,Секира Катаклизма,10,weapon,1,3,1:3,icons/items/weapons/cataclysm_axe.webp,systems/iron-hills-system/icons/items/weapons/cataclysm_axe.webp,true,systems/iron-hills-system/icons/items/weapons/cataclysm_axe.webp,"Concept of ""Секира Катаклизма"", a single fantasy two-handed battle axe / great-axe, large bearded head, long oak haft, iron rivets, made of adamantium with starheart core, godsteel hilt, leviathan leather grip, reality bending around the edge, mythical primordial weapon, wielded by gods, cracks of light leaking from the metal, blade glowing through armor like cutting through paper, edge dripping with blood-red light, aura of finality, soul-reaping shimmer, razor-sharp focal lines, killing-strike geometry, vertical orientation, weapon pointing up, isolated single object, transparent or plain dark background, centered, full item visible, side view, no human, no hands, sharp focus, high detail, painterly style, fantasy item icon, soft rim light, slight specular highlights, 512x1536, intense divine aura, space-time distortion, lens flare, sparks of pure light --ar 1:3","text, watermark, logo, signature, blurry, low quality, multiple objects, hands, person, character, perspective distortion, cluttered background, horizontal layout, sideways, nsfw"
weapons,cataclysm_hammer,Молот Катаклизма,10,weapon,1,3,1:3,icons/items/weapons/cataclysm_hammer.webp,systems/iron-hills-system/icons/items/weapons/cataclysm_hammer.webp,true,systems/iron-hills-system/icons/items/weapons/cataclysm_hammer.webp,"Concept of ""Молот Катаклизма"", a single fantasy two-handed war hammer, large blunt head with spike on the back, long haft, made of adamantium with starheart core, godsteel hilt, leviathan leather grip, reality bending around the edge, mythical primordial weapon, wielded by gods, cracks of light leaking from the metal, blade glowing through armor like cutting through paper, aura of finality, soul-reaping shimmer, crackling lightning arcs along the surface, razor-sharp focal lines, killing-strike geometry, vertical orientation, weapon pointing up, isolated single object, transparent or plain dark background, centered, full item visible, side view, no human, no hands, sharp focus, high detail, painterly style, fantasy item icon, soft rim light, slight specular highlights, 512x1536, intense divine aura, space-time distortion, lens flare, sparks of pure light --ar 1:3","text, watermark, logo, signature, blurry, low quality, multiple objects, hands, person, character, perspective distortion, cluttered background, horizontal layout, sideways, nsfw"
weapons,godcrusher_mace,Богоразитель,10,weapon,1,2,1:2,icons/items/weapons/godcrusher_mace.webp,systems/iron-hills-system/icons/items/weapons/godcrusher_mace.webp,true,systems/iron-hills-system/icons/items/weapons/godcrusher_mace.webp,"Concept of ""Богоразитель"", a single fantasy mace, flanged head, short metal haft, leather grip, made of adamantium with starheart core, godsteel hilt, leviathan leather grip, reality bending around the edge, mythical primordial weapon, wielded by gods, cracks of light leaking from the metal, blade glowing through armor like cutting through paper, aura of finality, soul-reaping shimmer, crackling lightning arcs along the surface, razor-sharp focal lines, killing-strike geometry, vertical orientation, isolated single object, transparent or plain dark background, centered, full item visible, side view, no human, no hands, sharp focus, high detail, painterly style, fantasy item icon, soft rim light, slight specular highlights, 768x1536, intense divine aura, space-time distortion, lens flare, sparks of pure light --ar 1:2","text, watermark, logo, signature, blurry, low quality, multiple objects, hands, person, character, perspective distortion, cluttered background, horizontal layout, sideways, nsfw"
weapons,godhand_chakram,Чакрам Длани Богов,10,weapon,1,1,1:1,icons/items/weapons/godhand_chakram.webp,systems/iron-hills-system/icons/items/weapons/godhand_chakram.webp,true,systems/iron-hills-system/icons/items/weapons/godhand_chakram.webp,"Concept of ""Чакрам Длани Богов"", a set of three fantasy throwing daggers / chakrams arranged in a fan, balanced, identical, made of adamantium with starheart core, godsteel hilt, leviathan leather grip, reality bending around the edge, mythical primordial weapon, wielded by gods, cracks of light leaking from the metal, blade glowing through armor like cutting through paper, edge dripping with blood-red light, aura of finality, soul-reaping shimmer, razor-sharp focal lines, killing-strike geometry, fan layout, balanced composition, isolated single object, transparent or plain dark background, centered, full item visible, side view, no human, no hands, sharp focus, high detail, painterly style, fantasy item icon, soft rim light, slight specular highlights, 1024x1024, intense divine aura, space-time distortion, lens flare, sparks of pure light --ar 1:1","text, watermark, logo, signature, blurry, low quality, multiple objects, hands, person, character, perspective distortion, cluttered background, horizontal layout, sideways, nsfw"
weapons,godpiercer,Богопронзитель,10,weapon,1,4,1:4,icons/items/weapons/godpiercer.webp,systems/iron-hills-system/icons/items/weapons/godpiercer.webp,true,systems/iron-hills-system/icons/items/weapons/godpiercer.webp,"Concept of ""Богопронзитель"", a single fantasy spear, long straight shaft, leaf-shaped spearhead, bound with leather strap, made of adamantium with starheart core, godsteel hilt, leviathan leather grip, reality bending around the edge, mythical primordial weapon, wielded by gods, cracks of light leaking from the metal, blade glowing through armor like cutting through paper, aura of finality, soul-reaping shimmer, hooked / barbed shape designed to catch and disarm, razor-sharp focal lines, killing-strike geometry, extreme vertical orientation, weapon pointing up, full length visible top-to-bottom, isolated single object, transparent or plain dark background, centered, full item visible, side view, no human, no hands, sharp focus, high detail, painterly style, fantasy item icon, soft rim light, slight specular highlights, 384x1536, intense divine aura, space-time distortion, lens flare, sparks of pure light --ar 1:4","text, watermark, logo, signature, blurry, low quality, multiple objects, hands, person, character, perspective distortion, cluttered background, horizontal layout, sideways, nsfw"
weapons,godsplitter_dagger,Кинжал Богоруба,10,weapon,1,2,1:2,icons/items/weapons/godsplitter_dagger.webp,systems/iron-hills-system/icons/items/weapons/godsplitter_dagger.webp,true,systems/iron-hills-system/icons/items/weapons/godsplitter_dagger.webp,"Concept of ""Кинжал Богоруба"", a single fantasy combat knife / dagger, leaf-shaped blade, full tang, leather-wrapped grip, made of adamantium with starheart core, godsteel hilt, leviathan leather grip, reality bending around the edge, mythical primordial weapon, wielded by gods, cracks of light leaking from the metal, blade glowing through armor like cutting through paper, edge dripping with blood-red light, aura of finality, soul-reaping shimmer, razor-sharp focal lines, killing-strike geometry, vertical orientation, isolated single object, transparent or plain dark background, centered, full item visible, side view, no human, no hands, sharp focus, high detail, painterly style, fantasy item icon, soft rim light, slight specular highlights, 768x1536, intense divine aura, space-time distortion, lens flare, sparks of pure light --ar 1:2","text, watermark, logo, signature, blurry, low quality, multiple objects, hands, person, character, perspective distortion, cluttered background, horizontal layout, sideways, nsfw"
weapons,voidseeker_crossbow,Арбалет Ищущего Пустоту,10,weapon,1,3,1:3,icons/items/weapons/voidseeker_crossbow.webp,systems/iron-hills-system/icons/items/weapons/voidseeker_crossbow.webp,true,systems/iron-hills-system/icons/items/weapons/voidseeker_crossbow.webp,"Concept of ""Арбалет Ищущего Пустоту"", a single fantasy crossbow, wooden tiller with steel limbs, intricate trigger mechanism, no bolt loaded, made of adamantium with starheart core, godsteel hilt, leviathan leather grip, reality bending around the edge, mythical primordial weapon, wielded by gods, cracks of light leaking from the metal, blade glowing through armor like cutting through paper, aura of finality, soul-reaping shimmer, razor-sharp focal lines, killing-strike geometry, vertical orientation, weapon pointing up, isolated single object, transparent or plain dark background, centered, full item visible, side view, no human, no hands, sharp focus, high detail, painterly style, fantasy item icon, soft rim light, slight specular highlights, 512x1536, intense divine aura, space-time distortion, lens flare, sparks of pure light --ar 1:3","text, watermark, logo, signature, blurry, low quality, multiple objects, hands, person, character, perspective distortion, cluttered background, horizontal layout, sideways, nsfw"
weapons,windseeker_bow,Лук Ветроискателя,10,weapon,1,4,1:4,icons/items/weapons/windseeker_bow.webp,systems/iron-hills-system/icons/items/weapons/windseeker_bow.webp,true,systems/iron-hills-system/icons/items/weapons/windseeker_bow.webp,"Concept of ""Лук Ветроискателя"", a single fantasy longbow, recurve limbs, drawstring, no arrow nocked, made of adamantium with starheart core, godsteel hilt, leviathan leather grip, reality bending around the edge, mythical primordial weapon, wielded by gods, cracks of light leaking from the metal, metal seems to phase through reality, edge dripping with blood-red light, aura of finality, soul-reaping shimmer, razor-sharp focal lines, killing-strike geometry, extreme vertical orientation, weapon pointing up, full length visible top-to-bottom, isolated single object, transparent or plain dark background, centered, full item visible, side view, no human, no hands, sharp focus, high detail, painterly style, fantasy item icon, soft rim light, slight specular highlights, 384x1536, intense divine aura, space-time distortion, lens flare, sparks of pure light --ar 1:4","text, watermark, logo, signature, blurry, low quality, multiple objects, hands, person, character, perspective distortion, cluttered background, horizontal layout, sideways, nsfw"
weapons,world_cutter,Мирорассекатель,10,weapon,1,3,1:3,icons/items/weapons/world_cutter.webp,systems/iron-hills-system/icons/items/weapons/world_cutter.webp,true,systems/iron-hills-system/icons/items/weapons/world_cutter.webp,"Concept of ""Мирорассекатель"", a single fantasy arming sword, straight double-edged blade, cross guard, leather-wrapped grip, made of adamantium with starheart core, godsteel hilt, leviathan leather grip, reality bending around the edge, mythical primordial weapon, wielded by gods, cracks of light leaking from the metal, blade glowing through armor like cutting through paper, crimson essence swirling around the blade, aura of finality, soul-reaping shimmer, razor-sharp focal lines, killing-strike geometry, vertical orientation, weapon pointing up, isolated single object, transparent or plain dark background, centered, full item visible, side view, no human, no hands, sharp focus, high detail, painterly style, fantasy item icon, soft rim light, slight specular highlights, 512x1536, intense divine aura, space-time distortion, lens flare, sparks of pure light --ar 1:3","text, watermark, logo, signature, blurry, low quality, multiple objects, hands, person, character, perspective distortion, cluttered background, horizontal layout, sideways, nsfw"
weapons,worldroot_staff,Посох Мирового Корня,10,weapon,1,4,1:4,icons/items/weapons/worldroot_staff.webp,systems/iron-hills-system/icons/items/weapons/worldroot_staff.webp,true,systems/iron-hills-system/icons/items/weapons/worldroot_staff.webp,"Concept of ""Посох Мирового Корня"", a single fantasy wizard's staff, tall straight pole, ornamented head, no orb floating, made of adamantium with starheart core, godsteel hilt, leviathan leather grip, reality bending around the edge, mythical primordial weapon, wielded by gods, cracks of light leaking from the metal, blade glowing through armor like cutting through paper, crimson essence swirling around the blade, aura of finality, soul-reaping shimmer, razor-sharp focal lines, killing-strike geometry, extreme vertical orientation, weapon pointing up, full length visible top-to-bottom, isolated single object, transparent or plain dark background, centered, full item visible, side view, no human, no hands, sharp focus, high detail, painterly style, fantasy item icon, soft rim light, slight specular highlights, 384x1536, intense divine aura, space-time distortion, lens flare, sparks of pure light --ar 1:4","text, watermark, logo, signature, blurry, low quality, multiple objects, hands, person, character, perspective distortion, cluttered background, horizontal layout, sideways, nsfw"
weapons,worldsplitter,Мирорассекатель Великий,10,weapon,1,4,1:4,icons/items/weapons/worldsplitter.webp,systems/iron-hills-system/icons/items/weapons/worldsplitter.webp,true,systems/iron-hills-system/icons/items/weapons/worldsplitter.webp,"Concept of ""Мирорассекатель Великий"", a single fantasy two-handed greatsword, long straight blade, large cross guard, ricasso, two-hand grip, made of adamantium with starheart core, godsteel hilt, leviathan leather grip, reality bending around the edge, mythical primordial weapon, wielded by gods, cracks of light leaking from the metal, blade glowing through armor like cutting through paper, aura of finality, soul-reaping shimmer, crackling lightning arcs along the surface, razor-sharp focal lines, killing-strike geometry, extreme vertical orientation, weapon pointing up, full length visible top-to-bottom, isolated single object, transparent or plain dark background, centered, full item visible, side view, no human, no hands, sharp focus, high detail, painterly style, fantasy item icon, soft rim light, slight specular highlights, 384x1536, intense divine aura, space-time distortion, lens flare, sparks of pure light --ar 1:4","text, watermark, logo, signature, blurry, low quality, multiple objects, hands, person, character, perspective distortion, cluttered background, horizontal layout, sideways, nsfw"
